route_id,date,distance,distance_norm,len_cs,len_et,file_cs,file_et,time_cs,time_et
0521_301,2022-05-31,0,0.0,148,148,0521_301-20220531\0521_301-20220531-060018-148-0.txt,0521_301-20220531\0521_301-20220531-064436-148-148.txt,060018,064436
0521_301,2022-06-01,1,0.007575757575757576,132,131,0521_301-20220601\0521_301-20220601-053916-132-0.txt,0521_301-20220601\0521_301-20220601-062223-131-131.txt,053916,062223
0521_301,2022-06-02,6,0.045112781954887216,133,133,0521_301-20220602\0521_301-20220602-054412-133-0.txt,0521_301-20220602\0521_301-20220602-054739-133-133.txt,054412,054739
0521_301,2022-06-03,0,0.0,103,103,0521_301-20220603\0521_301-20220603-054305-103-0.txt,0521_301-20220603\0521_301-20220603-063715-103-103.txt,054305,063715
0521_301,2022-06-07,4,0.03571428571428571,112,110,0521_301-20220607\0521_301-20220607-055703-112-0.txt,0521_301-20220607\0521_301-20220607-063933-110-110.txt,055703,063933
0521_301,2022-06-08,2,0.012048192771084338,166,166,0521_301-20220608\0521_301-20220608-054800-166-0.txt,0521_301-20220608\0521_301-20220608-063258-166-166.txt,054800,063258
0521_301,2022-06-09,7,0.047619047619047616,147,146,0521_301-20220609\0521_301-20220609-055332-147-0.txt,0521_301-20220609\0521_301-20220609-063137-146-146.txt,055332,063137
0521_301,2022-06-10,141,0.9657534246575342,146,142,0521_301-20220610\0521_301-20220610-054723-146-0.txt,0521_301-20220610\0521_301-20220610-063624-142-142.txt,054723,063624
0521_301,2022-06-13,0,0.0,145,145,0521_301-20220613\0521_301-20220613-061035-145-0.txt,0521_301-20220613\0521_301-20220613-065320-145-145.txt,061035,065320
0521_301,2022-06-14,6,0.03614457831325301,166,166,0521_301-20220614\0521_301-20220614-053753-167-0.txt,0521_301-20220614\0521_301-20220614-062909-166-166.txt,053753,062909
0521_301,2022-06-15,1,0.007042253521126761,142,141,0521_301-20220615\0521_301-20220615-053211-142-0.txt,0521_301-20220615\0521_301-20220615-061704-141-141.txt,053211,061704
0521_301,2022-06-17,7,0.06140350877192982,114,113,0521_301-20220617\0521_301-20220617-052959-114-0.txt,0521_301-20220617\0521_301-20220617-060456-113-113.txt,052959,060456
0521_301,2022-06-18,0,0.0,49,49,0521_301-20220618\0521_301-20220618-053622-49-0.txt,0521_301-20220618\0521_301-20220618-055328-49-49.txt,053622,055328
0521_301,2022-06-20,5,0.05102040816326531,98,97,0521_301-20220620\0521_301-20220620-054712-98-0.txt,0521_301-20220620\0521_301-20220620-061915-97-97.txt,054712,061915
0521_301,2022-06-21,4,0.028169014084507043,140,142,0521_301-20220621\0521_301-20220621-054529-142-0.txt,0521_301-20220621\0521_301-20220621-064156-142-142.txt,054529,064156
0521_301,2022-06-22,3,0.023076923076923078,130,129,0521_301-20220622\0521_301-20220622-053817-131-0.txt,0521_301-20220622\0521_301-20220622-061235-129-129.txt,053817,061235
0521_302,2022-05-31,6,0.04054054054054054,148,148,0521_302-20220531\0521_302-20220531-085845-148-0.txt,0521_302-20220531\0521_302-20220531-095010-148-148.txt,085845,095010
0521_302,2022-06-01,18,0.15,119,120,0521_302-20220601\0521_302-20220601-084336-119-0.txt,0521_302-20220601\0521_302-20220601-092712-120-120.txt,084336,092712
0521_302,2022-06-02,2,0.018867924528301886,104,106,0521_302-20220602\0521_302-20220602-083450-104-0.txt,0521_302-20220602\0521_302-20220602-091245-106-106.txt,083450,091245
0521_302,2022-06-03,4,0.032520325203252036,123,123,0521_302-20220603\0521_302-20220603-082733-123-0.txt,0521_302-20220603\0521_302-20220603-091803-123-123.txt,082733,091803
0521_302,2022-06-07,11,0.102803738317757,107,107,0521_302-20220607\0521_302-20220607-083126-107-0.txt,0521_302-20220607\0521_302-20220607-091028-107-107.txt,083126,091028
0521_302,2022-06-08,11,0.07432432432432433,147,148,0521_302-20220608\0521_302-20220608-084649-147-0.txt,0521_302-20220608\0521_302-20220608-094137-148-148.txt,084649,094137
0521_302,2022-06-09,0,0.0,121,121,0521_302-20220609\0521_302-20220609-084550-121-0.txt,0521_302-20220609\0521_302-20220609-092241-121-121.txt,084550,092241
0521_302,2022-06-10,10,0.0684931506849315,146,145,0521_302-20220610\0521_302-20220610-083203-146-0.txt,0521_302-20220610\0521_302-20220610-083923-145-145.txt,083203,083923
0521_302,2022-06-11,0,0.0,63,63,0521_302-20220611\0521_302-20220611-060624-63-0.txt,0521_302-20220611\0521_302-20220611-062837-63-63.txt,060624,062837
0521_302,2022-06-13,6,0.08108108108108109,74,74,0521_302-20220613\0521_302-20220613-082332-74-0.txt,0521_302-20220613\0521_302-20220613-085744-74-74.txt,082332,085744
0521_302,2022-06-14,7,0.05426356589147287,129,129,0521_302-20220614\0521_302-20220614-083124-129-0.txt,0521_302-20220614\0521_302-20220614-083721-129-129.txt,083124,083721
0521_302,2022-06-15,1,0.007462686567164179,133,134,0521_302-20220615\0521_302-20220615-084429-133-0.txt,0521_302-20220615\0521_302-20220615-094059-134-134.txt,084429,094059
0521_302,2022-06-16,30,0.2803738317757009,107,107,0521_302-20220616\0521_302-20220616-081807-107-0.txt,0521_302-20220616\0521_302-20220616-085738-107-107.txt,081807,085738
0521_302,2022-06-17,14,0.15053763440860216,93,93,0521_302-20220617\0521_302-20220617-081932-93-0.txt,0521_302-20220617\0521_302-20220617-085735-93-93.txt,081932,085735
0521_302,2022-06-20,0,0.0,82,82,0521_302-20220620\0521_302-20220620-081818-82-0.txt,0521_302-20220620\0521_302-20220620-084458-82-82.txt,081818,084458
0521_302,2022-06-21,8,0.0761904761904762,105,105,0521_302-20220621\0521_302-20220621-084605-105-0.txt,0521_302-20220621\0521_302-20220621-085136-105-105.txt,084605,085136
0521_302,2022-06-22,58,0.3945578231292517,147,147,0521_302-20220622\0521_302-20220622-083727-147-0.txt,0521_302-20220622\0521_302-20220622-084245-147-147.txt,083727,084245
0521_303,2022-05-31,85,0.5944055944055944,143,130,0521_303-20220531\0521_303-20220531-053710-143-0.txt,0521_303-20220531\0521_303-20220531-061117-130-130.txt,053710,061117
0521_303,2022-06-01,51,0.4015748031496063,127,124,0521_303-20220601\0521_303-20220601-053821-127-0.txt,0521_303-20220601\0521_303-20220601-060800-124-124.txt,053821,060800
0521_303,2022-06-02,84,0.6461538461538462,130,128,0521_303-20220602\0521_303-20220602-054351-130-0.txt,0521_303-20220602\0521_303-20220602-061510-128-128.txt,054351,061510
0521_303,2022-06-03,52,0.4369747899159664,119,115,0521_303-20220603\0521_303-20220603-053414-119-0.txt,0521_303-20220603\0521_303-20220603-055712-115-115.txt,053414,055712
0521_303,2022-06-07,42,0.45161290322580644,93,90,0521_303-20220607\0521_303-20220607-053146-93-0.txt,0521_303-20220607\0521_303-20220607-060344-90-90.txt,053146,060344
0521_303,2022-06-08,45,0.3082191780821918,146,144,0521_303-20220608\0521_303-20220608-053212-146-0.txt,0521_303-20220608\0521_303-20220608-060550-144-144.txt,053212,060550
0521_303,2022-06-09,58,0.48739495798319327,119,117,0521_303-20220609\0521_303-20220609-054936-119-0.txt,0521_303-20220609\0521_303-20220609-061413-117-117.txt,054936,061413
0521_303,2022-06-13,54,0.48214285714285715,112,106,0521_303-20220613\0521_303-20220613-054315-112-0.txt,0521_303-20220613\0521_303-20220613-060742-106-106.txt,054315,060742
0521_303,2022-06-14,75,0.5172413793103449,145,141,0521_303-20220614\0521_303-20220614-054341-145-0.txt,0521_303-20220614\0521_303-20220614-061943-141-141.txt,054341,061943
0521_303,2022-06-15,50,0.43859649122807015,114,112,0521_303-20220615\0521_303-20220615-053000-114-0.txt,0521_303-20220615\0521_303-20220615-060156-112-112.txt,053000,060156
0521_303,2022-06-17,69,0.5564516129032258,124,122,0521_303-20220617\0521_303-20220617-052525-124-0.txt,0521_303-20220617\0521_303-20220617-055632-122-122.txt,052525,055632
0521_303,2022-06-20,67,0.6504854368932039,95,103,0521_303-20220620\0521_303-20220620-052908-95-0.txt,0521_303-20220620\0521_303-20220620-060549-103-103.txt,052908,060549
0521_303,2022-06-21,57,0.4418604651162791,129,128,0521_303-20220621\0521_303-20220621-054117-129-0.txt,0521_303-20220621\0521_303-20220621-061909-128-128.txt,054117,061909
0521_303,2022-06-22,72,0.576,125,123,0521_303-20220622\0521_303-20220622-053019-125-0.txt,0521_303-20220622\0521_303-20220622-060220-123-123.txt,053019,060220
0521_304,2022-05-31,4,0.024691358024691357,162,160,0521_304-20220531\0521_304-20220531-054417-162-0.txt,0521_304-20220531\0521_304-20220531-062245-160-160.txt,054417,062245
0521_304,2022-06-01,3,0.0189873417721519,157,158,0521_304-20220601\0521_304-20220601-054439-157-0.txt,0521_304-20220601\0521_304-20220601-061546-158-158.txt,054439,061546
0521_304,2022-06-02,7,0.04929577464788732,142,141,0521_304-20220602\0521_304-20220602-053733-142-0.txt,0521_304-20220602\0521_304-20220602-061653-141-141.txt,053733,061653
0521_304,2022-06-03,52,0.37410071942446044,139,139,0521_304-20220603\0521_304-20220603-055006-139-0.txt,0521_304-20220603\0521_304-20220603-063720-139-139.txt,055006,063720
0521_304,2022-06-04,0,0.0,50,50,0521_304-20220604\0521_304-20220604-052928-50-0.txt,0521_304-20220604\0521_304-20220604-054512-50-50.txt,052928,054512
0521_304,2022-06-07,5,0.052083333333333336,96,95,0521_304-20220607\0521_304-20220607-051846-96-0.txt,0521_304-20220607\0521_304-20220607-055826-95-95.txt,051846,055826
0521_304,2022-06-08,33,0.2462686567164179,131,134,0521_304-20220608\0521_304-20220608-053216-131-0.txt,0521_304-20220608\0521_304-20220608-063013-134-134.txt,053216,063013
0521_304,2022-06-09,41,0.2949640287769784,139,136,0521_304-20220609\0521_304-20220609-053521-139-0.txt,0521_304-20220609\0521_304-20220609-063022-136-136.txt,053521,063022
0521_304,2022-06-10,12,0.0821917808219178,146,144,0521_304-20220610\0521_304-20220610-053939-146-0.txt,0521_304-20220610\0521_304-20220610-063639-144-144.txt,053939,063639
0521_304,2022-06-13,4,0.03278688524590164,122,122,0521_304-20220613\0521_304-20220613-054716-122-0.txt,0521_304-20220613\0521_304-20220613-061401-122-122.txt,054716,061401
0521_304,2022-06-14,14,0.08641975308641975,162,161,0521_304-20220614\0521_304-20220614-054513-162-0.txt,0521_304-20220614\0521_304-20220614-062732-161-161.txt,054513,062732
0521_304,2022-06-15,7,0.051094890510948905,137,136,0521_304-20220615\0521_304-20220615-053908-137-0.txt,0521_304-20220615\0521_304-20220615-061934-136-136.txt,053908,061934
0521_304,2022-06-17,6,0.05357142857142857,112,110,0521_304-20220617\0521_304-20220617-052921-112-0.txt,0521_304-20220617\0521_304-20220617-060954-110-110.txt,052921,060954
0521_304,2022-06-18,0,0.0,50,50,0521_304-20220618\0521_304-20220618-053555-50-0.txt,0521_304-20220618\0521_304-20220618-060202-50-50.txt,053555,060202
0521_304,2022-06-20,4,0.0392156862745098,102,100,0521_304-20220620\0521_304-20220620-052619-102-0.txt,0521_304-20220620\0521_304-20220620-055008-100-100.txt,052619,055008
0521_304,2022-06-21,1,0.006535947712418301,153,152,0521_304-20220621\0521_304-20220621-054000-153-0.txt,0521_304-20220621\0521_304-20220621-062835-152-152.txt,054000,062835
0521_304,2022-06-22,22,0.16541353383458646,131,133,0521_304-20220622\0521_304-20220622-052739-131-0.txt,0521_304-20220622\0521_304-20220622-061127-133-133.txt,052739,061127
0521_305,2022-05-31,73,0.5069444444444444,144,141,0521_305-20220531\0521_305-20220531-054016-144-0.txt,0521_305-20220531\0521_305-20220531-060818-141-141.txt,054016,060818
0521_305,2022-06-01,63,0.44680851063829785,141,141,0521_305-20220601\0521_305-20220601-052857-141-0.txt,0521_305-20220601\0521_305-20220601-060655-141-141.txt,052857,060655
0521_305,2022-06-02,62,0.43356643356643354,143,141,0521_305-20220602\0521_305-20220602-053629-143-0.txt,0521_305-20220602\0521_305-20220602-061315-141-141.txt,053629,061315
0521_305,2022-06-03,48,0.41379310344827586,116,114,0521_305-20220603\0521_305-20220603-052828-116-0.txt,0521_305-20220603\0521_305-20220603-055408-114-114.txt,052828,055408
0521_305,2022-06-07,42,0.42857142857142855,98,98,0521_305-20220607\0521_305-20220607-052039-98-0.txt,0521_305-20220607\0521_305-20220607-055007-98-98.txt,052039,055007
0521_305,2022-06-08,44,0.39285714285714285,112,112,0521_305-20220608\0521_305-20220608-052329-112-0.txt,0521_305-20220608\0521_305-20220608-052759-112-112.txt,052329,052759
0521_305,2022-06-09,65,0.4676258992805755,139,133,0521_305-20220609\0521_305-20220609-053036-139-0.txt,0521_305-20220609\0521_305-20220609-060347-133-133.txt,053036,060347
0521_305,2022-06-10,118,0.9672131147540983,122,122,0521_305-20220610\0521_305-20220610-054025-122-0.txt,0521_305-20220610\0521_305-20220610-061610-122-122.txt,054025,061610
0521_305,2022-06-13,47,0.41964285714285715,112,111,0521_305-20220613\0521_305-20220613-052829-112-0.txt,0521_305-20220613\0521_305-20220613-055327-111-111.txt,052829,055327
0521_305,2022-06-17,52,0.40310077519379844,129,128,0521_305-20220617\0521_305-20220617-052911-129-0.txt,0521_305-20220617\0521_305-20220617-060029-128-128.txt,052911,060029
0521_305,2022-06-18,0,0.0,41,41,0521_305-20220618\0521_305-20220618-051517-41-0.txt,0521_305-20220618\0521_305-20220618-052656-41-41.txt,051517,052656
0521_305,2022-06-20,63,0.5526315789473685,114,113,0521_305-20220620\0521_305-20220620-052130-114-0.txt,0521_305-20220620\0521_305-20220620-055508-113-113.txt,052130,055508
0521_305,2022-06-21,127,0.9202898550724637,138,137,0521_305-20220621\0521_305-20220621-052839-138-0.txt,0521_305-20220621\0521_305-20220621-055721-137-137.txt,052839,055721
0521_305,2022-06-22,44,0.35772357723577236,123,123,0521_305-20220622\0521_305-20220622-053205-123-0.txt,0521_305-20220622\0521_305-20220622-060145-123-123.txt,053205,060145
0521_307,2022-05-31,63,0.42857142857142855,146,147,0521_307-20220531\0521_307-20220531-052515-146-0.txt,0521_307-20220531\0521_307-20220531-060047-147-147.txt,052515,060047
0521_307,2022-06-01,41,0.3333333333333333,123,123,0521_307-20220601\0521_307-20220601-053040-123-0.txt,0521_307-20220601\0521_307-20220601-055742-123-123.txt,053040,055742
0521_307,2022-06-02,38,0.3114754098360656,122,122,0521_307-20220602\0521_307-20220602-052817-122-0.txt,0521_307-20220602\0521_307-20220602-055921-122-122.txt,052817,055921
0521_307,2022-06-03,40,0.37383177570093457,105,107,0521_307-20220603\0521_307-20220603-052611-105-0.txt,0521_307-20220603\0521_307-20220603-053502-107-107.txt,052611,053502
0521_307,2022-06-04,22,0.3793103448275862,55,58,0521_307-20220604\0521_307-20220604-052148-55-0.txt,0521_307-20220604\0521_307-20220604-055013-58-58.txt,052148,055013
0521_307,2022-06-07,10,0.14705882352941177,68,68,0521_307-20220607\0521_307-20220607-051806-68-0.txt,0521_307-20220607\0521_307-20220607-054219-68-68.txt,051806,054219
0521_307,2022-06-08,45,0.34615384615384615,124,130,0521_307-20220608\0521_307-20220608-052428-124-0.txt,0521_307-20220608\0521_307-20220608-060354-130-130.txt,052428,060354
0521_307,2022-06-09,45,0.391304347826087,114,115,0521_307-20220609\0521_307-20220609-052437-114-0.txt,0521_307-20220609\0521_307-20220609-055544-115-115.txt,052437,055544
0521_307,2022-06-11,34,0.5151515151515151,66,66,0521_307-20220611\0521_307-20220611-053103-66-0.txt,0521_307-20220611\0521_307-20220611-061041-66-66.txt,053103,061041
0521_307,2022-06-13,26,0.27956989247311825,90,93,0521_307-20220613\0521_307-20220613-052330-90-0.txt,0521_307-20220613\0521_307-20220613-054954-93-93.txt,052330,054954
0521_307,2022-06-14,40,0.2898550724637681,138,138,0521_307-20220614\0521_307-20220614-054012-138-0.txt,0521_307-20220614\0521_307-20220614-054809-138-138.txt,054012,054809
0521_307,2022-06-15,48,0.4897959183673469,98,95,0521_307-20220615\0521_307-20220615-052657-98-0.txt,0521_307-20220615\0521_307-20220615-055451-95-95.txt,052657,055451
0521_307,2022-06-17,42,0.4375,96,96,0521_307-20220617\0521_307-20220617-052205-96-0.txt,0521_307-20220617\0521_307-20220617-052840-96-96.txt,052205,052840
0521_308,2022-05-31,23,0.15436241610738255,149,144,0521_308-20220531\0521_308-20220531-061155-149-0.txt,0521_308-20220531\0521_308-20220531-072716-144-144.txt,061155,072716
0521_308,2022-06-01,25,0.1865671641791045,133,134,0521_308-20220601\0521_308-20220601-062315-133-0.txt,0521_308-20220601\0521_308-20220601-072854-134-134.txt,062315,072854
0521_308,2022-06-02,44,0.30344827586206896,142,145,0521_308-20220602\0521_308-20220602-060201-142-0.txt,0521_308-20220602\0521_308-20220602-072213-145-145.txt,060201,072213
0521_308,2022-06-03,6,0.04878048780487805,122,123,0521_308-20220603\0521_308-20220603-060004-122-0.txt,0521_308-20220603\0521_308-20220603-070137-123-123.txt,060004,070137
0521_308,2022-06-07,35,0.3153153153153153,111,111,0521_308-20220607\0521_308-20220607-054904-111-0.txt,0521_308-20220607\0521_308-20220607-064234-111-111.txt,054904,064234
0521_308,2022-06-08,25,0.17482517482517482,143,143,0521_308-20220608\0521_308-20220608-055932-143-0.txt,0521_308-20220608\0521_308-20220608-070616-143-143.txt,055932,070616
0521_308,2022-06-09,8,0.05755395683453238,139,139,0521_308-20220609\0521_308-20220609-061656-139-0.txt,0521_308-20220609\0521_308-20220609-072908-139-139.txt,061656,072908
0521_308,2022-06-10,18,0.12857142857142856,140,140,0521_308-20220610\0521_308-20220610-060346-140-0.txt,0521_308-20220610\0521_308-20220610-070330-140-140.txt,060346,070330
0521_308,2022-06-11,17,0.2328767123287671,66,73,0521_308-20220611\0521_308-20220611-061000-66-0.txt,0521_308-20220611\0521_308-20220611-065314-73-73.txt,061000,065314
0521_308,2022-06-13,4,0.047619047619047616,84,84,0521_308-20220613\0521_308-20220613-054651-84-0.txt,0521_308-20220613\0521_308-20220613-062440-84-84.txt,054651,062440
0521_308,2022-06-14,8,0.06015037593984962,133,133,0521_308-20220614\0521_308-20220614-055751-133-0.txt,0521_308-20220614\0521_308-20220614-065902-133-133.txt,055751,065902
0521_308,2022-06-15,28,0.2413793103448276,116,116,0521_308-20220615\0521_308-20220615-055759-116-0.txt,0521_308-20220615\0521_308-20220615-065150-116-116.txt,055759,065150
0521_308,2022-06-16,22,0.15827338129496402,137,139,0521_308-20220616\0521_308-20220616-060733-137-0.txt,0521_308-20220616\0521_308-20220616-072655-139-139.txt,060733,072655
0521_308,2022-06-17,24,0.2,120,120,0521_308-20220617\0521_308-20220617-060828-120-0.txt,0521_308-20220617\0521_308-20220617-065906-120-120.txt,060828,065906
0521_308,2022-06-20,9,0.10975609756097561,79,82,0521_308-20220620\0521_308-20220620-055729-79-0.txt,0521_308-20220620\0521_308-20220620-063936-82-82.txt,055729,063936
0521_308,2022-06-21,8,0.061068702290076333,131,131,0521_308-20220621\0521_308-20220621-060515-131-0.txt,0521_308-20220621\0521_308-20220621-070505-131-131.txt,060515,070505
0521_308,2022-06-22,11,0.08461538461538462,130,130,0521_308-20220622\0521_308-20220622-061158-130-0.txt,0521_308-20220622\0521_308-20220622-070809-130-130.txt,061158,070809
0521_310,2022-05-31,75,0.4601226993865031,163,158,0521_310-20220531\0521_310-20220531-064311-163-0.txt,0521_310-20220531\0521_310-20220531-072402-158-158.txt,064311,072402
0521_310,2022-06-01,61,0.3885350318471338,146,157,0521_310-20220601\0521_310-20220601-065606-157-0.txt,0521_310-20220601\0521_310-20220601-074649-157-157.txt,065606,074649
0521_310,2022-06-02,86,0.7107438016528925,121,118,0521_310-20220602\0521_310-20220602-063159-121-0.txt,0521_310-20220602\0521_310-20220602-071619-118-118.txt,063159,071619
0521_310,2022-06-03,53,0.4015151515151515,132,131,0521_310-20220603\0521_310-20220603-064258-132-0.txt,0521_310-20220603\0521_310-20220603-072006-131-131.txt,064258,072006
0521_310,2022-06-07,87,0.8529411764705882,102,101,0521_310-20220607\0521_310-20220607-063724-102-0.txt,0521_310-20220607\0521_310-20220607-073700-101-101.txt,063724,073700
0521_310,2022-06-08,35,0.2413793103448276,145,144,0521_310-20220608\0521_310-20220608-064833-145-0.txt,0521_310-20220608\0521_310-20220608-075850-144-144.txt,064833,075850
0521_310,2022-06-09,36,0.24161073825503357,149,149,0521_310-20220609\0521_310-20220609-065854-149-0.txt,0521_310-20220609\0521_310-20220609-070754-149-149.txt,065854,070754
0521_310,2022-06-10,46,0.3262411347517731,141,136,0521_310-20220610\0521_310-20220610-062114-141-0.txt,0521_310-20220610\0521_310-20220610-075614-136-136.txt,062114,075614
0521_310,2022-06-11,16,0.2191780821917808,67,73,0521_310-20220611\0521_310-20220611-060708-67-0.txt,0521_310-20220611\0521_310-20220611-064810-73-73.txt,060708,064810
0521_310,2022-06-13,23,0.17557251908396945,131,130,0521_310-20220613\0521_310-20220613-064718-131-0.txt,0521_310-20220613\0521_310-20220613-065439-130-130.txt,064718,065439
0521_310,2022-06-14,45,0.28662420382165604,157,156,0521_310-20220614\0521_310-20220614-065523-157-0.txt,0521_310-20220614\0521_310-20220614-075720-156-156.txt,065523,075720
0521_310,2022-06-15,28,0.2074074074074074,135,135,0521_310-20220615\0521_310-20220615-063858-135-0.txt,0521_310-20220615\0521_310-20220615-075338-135-135.txt,063858,075338
0521_310,2022-06-16,39,0.2785714285714286,140,114,0521_310-20220616\0521_310-20220616-062111-140-0.txt,0521_310-20220616\0521_310-20220616-071459-114-114.txt,062111,071459
0521_310,2022-06-17,12,0.10084033613445378,119,119,0521_310-20220617\0521_310-20220617-061811-119-0.txt,0521_310-20220617\0521_310-20220617-065956-119-119.txt,061811,065956
0521_310,2022-06-20,0,0.0,59,59,0521_310-20220620\0521_310-20220620-061953-59-0.txt,0521_310-20220620\0521_310-20220620-064255-59-59.txt,061953,064255
0521_310,2022-06-21,10,0.08196721311475409,122,122,0521_310-20220621\0521_310-20220621-062716-122-0.txt,0521_310-20220621\0521_310-20220621-065847-122-122.txt,062716,065847
0521_310,2022-06-22,2,0.018691588785046728,107,107,0521_310-20220622\0521_310-20220622-064851-107-0.txt,0521_310-20220622\0521_310-20220622-072059-107-107.txt,064851,072059
0521_313,2022-05-31,113,0.9658119658119658,117,116,0521_313-20220531\0521_313-20220531-055001-117-0.txt,0521_313-20220531\0521_313-20220531-065834-116-116.txt,055001,065834
0521_313,2022-06-01,0,0.0,71,71,0521_313-20220601\0521_313-20220601-063725-71-0.txt,0521_313-20220601\0521_313-20220601-080404-71-71.txt,063725,080404
0521_313,2022-06-02,116,0.943089430894309,123,121,0521_313-20220602\0521_313-20220602-055750-123-0.txt,0521_313-20220602\0521_313-20220602-070852-121-121.txt,055750,070852
0521_313,2022-06-03,91,0.8272727272727273,110,109,0521_313-20220603\0521_313-20220603-054431-110-0.txt,0521_313-20220603\0521_313-20220603-064554-109-109.txt,054431,064554
0521_313,2022-06-07,98,0.8828828828828829,111,110,0521_313-20220607\0521_313-20220607-055850-111-0.txt,0521_313-20220607\0521_313-20220607-071528-110-110.txt,055850,071528
0521_313,2022-06-08,121,0.9603174603174603,126,122,0521_313-20220608\0521_313-20220608-055639-126-0.txt,0521_313-20220608\0521_313-20220608-071349-122-122.txt,055639,071349
0521_313,2022-06-09,124,1.0,124,123,0521_313-20220609\0521_313-20220609-061250-124-0.txt,0521_313-20220609\0521_313-20220609-072616-123-123.txt,061250,072616
0521_313,2022-06-10,120,0.9448818897637795,127,126,0521_313-20220610\0521_313-20220610-062005-127-0.txt,0521_313-20220610\0521_313-20220610-072622-126-126.txt,062005,072622
0521_313,2022-06-13,104,0.9541284403669725,109,107,0521_313-20220613\0521_313-20220613-062007-109-0.txt,0521_313-20220613\0521_313-20220613-073403-107-107.txt,062007,073403
0521_313,2022-06-14,119,0.9015151515151515,132,112,0521_313-20220614\0521_313-20220614-060240-132-0.txt,0521_313-20220614\0521_313-20220614-071900-112-112.txt,060240,071900
0521_313,2022-06-15,109,0.9316239316239316,117,111,0521_313-20220615\0521_313-20220615-055339-117-0.txt,0521_313-20220615\0521_313-20220615-074259-111-111.txt,055339,074259
0521_313,2022-06-16,101,0.9528301886792453,106,106,0521_313-20220616\0521_313-20220616-055503-106-0.txt,0521_313-20220616\0521_313-20220616-071021-106-106.txt,055503,071021
0521_313,2022-06-17,94,0.9690721649484536,97,97,0521_313-20220617\0521_313-20220617-054754-97-0.txt,0521_313-20220617\0521_313-20220617-065710-97-97.txt,054754,065710
0521_313,2022-06-20,91,0.9891304347826086,92,92,0521_313-20220620\0521_313-20220620-053940-92-0.txt,0521_313-20220620\0521_313-20220620-060453-92-92.txt,053940,060453
0521_313,2022-06-21,97,0.9065420560747663,107,106,0521_313-20220621\0521_313-20220621-055624-107-0.txt,0521_313-20220621\0521_313-20220621-061530-106-106.txt,055624,061530
0521_313,2022-06-22,105,0.9545454545454546,110,109,0521_313-20220622\0521_313-20220622-060145-110-0.txt,0521_313-20220622\0521_313-20220622-071822-109-109.txt,060145,071822
0521_314,2022-05-31,145,0.847953216374269,171,171,0521_314-20220531\0521_314-20220531-061611-171-0.txt,0521_314-20220531\0521_314-20220531-075256-171-171.txt,061611,075256
0521_314,2022-06-01,0,0.0,150,150,0521_314-20220601\0521_314-20220601-062223-150-0.txt,0521_314-20220601\0521_314-20220601-072712-150-150.txt,062223,072712
0521_314,2022-06-02,0,0.0,115,115,0521_314-20220602\0521_314-20220602-065313-115-0.txt,0521_314-20220602\0521_314-20220602-081641-115-115.txt,065313,081641
0521_314,2022-06-03,3,0.03,100,97,0521_314-20220603\0521_314-20220603-061147-100-0.txt,0521_314-20220603\0521_314-20220603-065018-97-97.txt,061147,065018
0521_314,2022-06-07,1,0.01,100,99,0521_314-20220607\0521_314-20220607-055314-100-0.txt,0521_314-20220607\0521_314-20220607-064804-99-99.txt,055314,064804
0521_314,2022-06-08,0,0.0,152,152,0521_314-20220608\0521_314-20220608-055859-152-0.txt,0521_314-20220608\0521_314-20220608-070853-152-152.txt,055859,070853
0521_314,2022-06-09,0,0.0,162,162,0521_314-20220609\0521_314-20220609-062339-162-0.txt,0521_314-20220609\0521_314-20220609-074010-162-162.txt,062339,074010
0521_314,2022-06-10,0,0.0,139,139,0521_314-20220610\0521_314-20220610-055457-139-0.txt,0521_314-20220610\0521_314-20220610-070002-139-139.txt,055457,070002
0521_314,2022-06-13,0,0.0,127,127,0521_314-20220613\0521_314-20220613-055951-127-0.txt,0521_314-20220613\0521_314-20220613-065318-127-127.txt,055951,065318
0521_314,2022-06-14,2,0.015503875968992248,129,127,0521_314-20220614\0521_314-20220614-060013-129-0.txt,0521_314-20220614\0521_314-20220614-065829-127-127.txt,060013,065829
0521_314,2022-06-15,1,0.008264462809917356,121,120,0521_314-20220615\0521_314-20220615-054234-121-0.txt,0521_314-20220615\0521_314-20220615-063454-120-120.txt,054234,063454
0521_314,2022-06-16,74,0.556390977443609,133,128,0521_314-20220616\0521_314-20220616-060220-133-0.txt,0521_314-20220616\0521_314-20220616-065451-128-128.txt,060220,065451
0521_314,2022-06-17,1,0.008064516129032258,124,123,0521_314-20220617\0521_314-20220617-055222-124-0.txt,0521_314-20220617\0521_314-20220617-065146-123-123.txt,055222,065146
0521_314,2022-06-20,1,0.012345679012345678,81,80,0521_314-20220620\0521_314-20220620-053756-81-0.txt,0521_314-20220620\0521_314-20220620-061041-80-80.txt,053756,061041
0521_314,2022-06-21,2,0.015267175572519083,131,129,0521_314-20220621\0521_314-20220621-053843-131-0.txt,0521_314-20220621\0521_314-20220621-063814-129-129.txt,053843,063814
0521_314,2022-06-22,1,0.0078125,128,127,0521_314-20220622\0521_314-20220622-055327-128-0.txt,0521_314-20220622\0521_314-20220622-064623-127-127.txt,055327,064623
0521_315,2022-05-30,78,0.6842105263157895,114,108,0521_315-20220530\0521_315-20220530-073036-114-0.txt,0521_315-20220530\0521_315-20220530-074651-108-108.txt,073036,074651
0521_315,2022-05-31,143,0.9407894736842105,152,150,0521_315-20220531\0521_315-20220531-062743-152-0.txt,0521_315-20220531\0521_315-20220531-064824-150-150.txt,062743,064824
0521_315,2022-06-01,135,0.9060402684563759,149,140,0521_315-20220601\0521_315-20220601-062728-149-0.txt,0521_315-20220601\0521_315-20220601-073220-140-140.txt,062728,073220
0521_315,2022-06-02,124,0.9253731343283582,134,128,0521_315-20220602\0521_315-20220602-062521-134-0.txt,0521_315-20220602\0521_315-20220602-072221-128-128.txt,062521,072221
0521_315,2022-06-03,10,0.11235955056179775,89,89,0521_315-20220603\0521_315-20220603-092022-89-0.txt,0521_315-20220603\0521_315-20220603-094657-89-89.txt,092022,094657
0521_315,2022-06-07,61,0.6288659793814433,97,90,0521_315-20220607\0521_315-20220607-063409-97-0.txt,0521_315-20220607\0521_315-20220607-070529-90-90.txt,063409,070529
0521_315,2022-06-08,129,0.86,150,142,0521_315-20220608\0521_315-20220608-063600-150-0.txt,0521_315-20220608\0521_315-20220608-073212-142-142.txt,063600,073212
0521_315,2022-06-09,141,0.8980891719745223,157,147,0521_315-20220609\0521_315-20220609-062958-157-0.txt,0521_315-20220609\0521_315-20220609-073015-147-147.txt,062958,073015
0521_315,2022-06-10,100,0.7194244604316546,139,133,0521_315-20220610\0521_315-20220610-063141-139-0.txt,0521_315-20220610\0521_315-20220610-073004-133-133.txt,063141,073004
0521_315,2022-06-13,116,0.8721804511278195,133,127,0521_315-20220613\0521_315-20220613-064648-133-0.txt,0521_315-20220613\0521_315-20220613-074229-127-127.txt,064648,074229
0521_315,2022-06-14,127,0.9477611940298507,134,125,0521_315-20220614\0521_315-20220614-063846-134-0.txt,0521_315-20220614\0521_315-20220614-072917-125-125.txt,063846,072917
0521_315,2022-06-15,121,0.8402777777777778,144,138,0521_315-20220615\0521_315-20220615-061814-144-0.txt,0521_315-20220615\0521_315-20220615-070102-138-138.txt,061814,070102
0521_315,2022-06-16,95,0.8407079646017699,113,107,0521_315-20220616\0521_315-20220616-062730-113-0.txt,0521_315-20220616\0521_315-20220616-070023-107-107.txt,062730,070023
0521_315,2022-06-17,124,0.8985507246376812,138,102,0521_315-20220617\0521_315-20220617-072600-138-0.txt,0521_315-20220617\0521_315-20220617-075039-102-102.txt,072600,075039
0521_315,2022-06-20,92,0.9019607843137255,102,96,0521_315-20220620\0521_315-20220620-071012-102-0.txt,0521_315-20220620\0521_315-20220620-074502-96-96.txt,071012,074502
0521_315,2022-06-21,146,0.9864864864864865,148,140,0521_315-20220621\0521_315-20220621-063551-148-0.txt,0521_315-20220621\0521_315-20220621-073846-140-140.txt,063551,073846
0521_315,2022-06-22,130,0.896551724137931,145,138,0521_315-20220622\0521_315-20220622-062547-145-0.txt,0521_315-20220622\0521_315-20220622-072119-138-138.txt,062547,072119
0521_316,2022-05-30,89,0.6691729323308271,133,124,0521_316-20220530\0521_316-20220530-064214-133-0.txt,0521_316-20220530\0521_316-20220530-072714-124-124.txt,064214,072714
0521_316,2022-05-31,30,0.18867924528301888,159,153,0521_316-20220531\0521_316-20220531-064046-159-0.txt,0521_316-20220531\0521_316-20220531-073720-153-153.txt,064046,073720
0521_316,2022-06-01,81,0.45,180,177,0521_316-20220601\0521_316-20220601-064822-180-0.txt,0521_316-20220601\0521_316-20220601-065345-177-177.txt,064822,065345
0521_316,2022-06-02,17,0.16037735849056603,106,96,0521_316-20220602\0521_316-20220602-065528-106-0.txt,0521_316-20220602\0521_316-20220602-075244-96-96.txt,065528,075244
0521_316,2022-06-03,98,0.6086956521739131,161,156,0521_316-20220603\0521_316-20220603-062821-161-0.txt,0521_316-20220603\0521_316-20220603-072913-156-156.txt,062821,072913
0521_316,2022-06-07,39,0.3170731707317073,123,123,0521_316-20220607\0521_316-20220607-055410-123-0.txt,0521_316-20220607\0521_316-20220607-064949-123-123.txt,055410,064949
0521_316,2022-06-08,45,0.26627218934911245,169,153,0521_316-20220608\0521_316-20220608-063231-169-0.txt,0521_316-20220608\0521_316-20220608-074045-153-153.txt,063231,074045
0521_316,2022-06-09,112,0.6871165644171779,163,162,0521_316-20220609\0521_316-20220609-063738-163-0.txt,0521_316-20220609\0521_316-20220609-074232-162-162.txt,063738,074232
0521_316,2022-06-10,125,0.9615384615384616,130,125,0521_316-20220610\0521_316-20220610-085740-130-0.txt,0521_316-20220610\0521_316-20220610-095315-125-125.txt,085740,095315
0521_316,2022-06-13,71,0.5,142,135,0521_316-20220613\0521_316-20220613-070000-142-0.txt,0521_316-20220613\0521_316-20220613-075619-135-135.txt,070000,075619
0521_316,2022-06-14,73,0.4591194968553459,159,150,0521_316-20220614\0521_316-20220614-065216-159-0.txt,0521_316-20220614\0521_316-20220614-080043-150-150.txt,065216,080043
0521_316,2022-06-15,111,0.7655172413793103,145,140,0521_316-20220615\0521_316-20220615-062428-145-0.txt,0521_316-20220615\0521_316-20220615-072100-140-140.txt,062428,072100
0521_316,2022-06-16,73,0.5069444444444444,144,136,0521_316-20220616\0521_316-20220616-063951-144-0.txt,0521_316-20220616\0521_316-20220616-071413-136-136.txt,063951,071413
0521_316,2022-06-17,103,0.7410071942446043,139,136,0521_316-20220617\0521_316-20220617-065452-139-0.txt,0521_316-20220617\0521_316-20220617-073131-136-136.txt,065452,073131
0521_316,2022-06-20,96,0.8067226890756303,119,111,0521_316-20220620\0521_316-20220620-064812-119-0.txt,0521_316-20220620\0521_316-20220620-072702-111-111.txt,064812,072702
0521_316,2022-06-21,114,0.7080745341614907,161,152,0521_316-20220621\0521_316-20220621-064108-161-0.txt,0521_316-20220621\0521_316-20220621-065350-152-152.txt,064108,065350
0521_316,2022-06-22,75,0.5639097744360902,133,132,0521_316-20220622\0521_316-20220622-063654-133-0.txt,0521_316-20220622\0521_316-20220622-072754-132-132.txt,063654,072754
0521_317,2022-05-31,5,0.12195121951219512,41,38,0521_317-20220531\0521_317-20220531-055346-41-0.txt,0521_317-20220531\0521_317-20220531-061540-38-38.txt,055346,061540
0521_317,2022-06-01,3,0.0625,48,45,0521_317-20220601\0521_317-20220601-064457-48-0.txt,0521_317-20220601\0521_317-20220601-071323-45-45.txt,064457,071323
0521_317,2022-06-02,22,0.39285714285714285,56,53,0521_317-20220602\0521_317-20220602-060728-56-0.txt,0521_317-20220602\0521_317-20220602-063824-53-53.txt,060728,063824
0521_317,2022-06-03,2,0.05128205128205128,39,37,0521_317-20220603\0521_317-20220603-054859-39-0.txt,0521_317-20220603\0521_317-20220603-061155-37-37.txt,054859,061155
0521_317,2022-06-04,44,0.5945945945945946,65,74,0521_317-20220604\0521_317-20220604-073822-65-0.txt,0521_317-20220604\0521_317-20220604-084155-74-74.txt,073822,084155
0521_317,2022-06-09,21,0.42,50,29,0521_317-20220609\0521_317-20220609-060333-50-0.txt,0521_317-20220609\0521_317-20220609-062726-29-29.txt,060333,062726
0521_317,2022-06-11,1,0.03225806451612903,30,31,0521_317-20220611\0521_317-20220611-065423-30-0.txt,0521_317-20220611\0521_317-20220611-071113-31-31.txt,065423,071113
0521_317,2022-06-15,7,0.1590909090909091,44,39,0521_317-20220615\0521_317-20220615-061141-44-0.txt,0521_317-20220615\0521_317-20220615-063944-39-39.txt,061141,063944
0521_317,2022-06-17,5,0.0847457627118644,59,58,0521_317-20220617\0521_317-20220617-065044-60-0.txt,0521_317-20220617\0521_317-20220617-072325-58-58.txt,065044,072325
0521_317,2022-06-18,6,0.09523809523809523,63,59,0521_317-20220618\0521_317-20220618-055103-63-0.txt,0521_317-20220618\0521_317-20220618-062245-59-59.txt,055103,062245
0521_317,2022-06-20,2,0.043478260869565216,46,44,0521_317-20220620\0521_317-20220620-060932-46-0.txt,0521_317-20220620\0521_317-20220620-064842-44-44.txt,060932,064842
0521_317,2022-06-21,10,0.21739130434782608,45,46,0521_317-20220621\0521_317-20220621-055909-45-0.txt,0521_317-20220621\0521_317-20220621-064410-46-46.txt,055909,064410
0521_317,2022-06-22,3,0.06976744186046512,42,43,0521_317-20220622\0521_317-20220622-055857-42-0.txt,0521_317-20220622\0521_317-20220622-061809-43-43.txt,055857,061809
0521_318,2022-05-31,97,0.6423841059602649,151,117,0521_318-20220531\0521_318-20220531-054450-151-0.txt,0521_318-20220531\0521_318-20220531-062932-117-117.txt,054450,062932
0521_318,2022-06-01,79,0.5984848484848485,132,119,0521_318-20220601\0521_318-20220601-060246-132-0.txt,0521_318-20220601\0521_318-20220601-064904-119-119.txt,060246,064904
0521_318,2022-06-02,95,0.753968253968254,126,111,0521_318-20220602\0521_318-20220602-055952-126-0.txt,0521_318-20220602\0521_318-20220602-064553-111-111.txt,055952,064553
0521_318,2022-06-03,96,0.9504950495049505,101,93,0521_318-20220603\0521_318-20220603-055100-101-0.txt,0521_318-20220603\0521_318-20220603-063738-93-93.txt,055100,063738
0521_318,2022-06-07,104,0.832,125,117,0521_318-20220607\0521_318-20220607-054459-125-0.txt,0521_318-20220607\0521_318-20220607-062924-117-117.txt,054459,062924
0521_318,2022-06-08,101,0.7769230769230769,130,117,0521_318-20220608\0521_318-20220608-054944-130-0.txt,0521_318-20220608\0521_318-20220608-063646-117-117.txt,054944,063646
0521_318,2022-06-09,75,0.6097560975609756,123,110,0521_318-20220609\0521_318-20220609-061400-123-0.txt,0521_318-20220609\0521_318-20220609-070508-110-110.txt,061400,070508
0521_318,2022-06-10,127,0.8355263157894737,152,111,0521_318-20220610\0521_318-20220610-054414-152-0.txt,0521_318-20220610\0521_318-20220610-063729-111-111.txt,054414,063729
0521_318,2022-06-11,16,0.37209302325581395,43,36,0521_318-20220611\0521_318-20220611-060252-43-0.txt,0521_318-20220611\0521_318-20220611-063741-36-36.txt,060252,063741
0521_318,2022-06-13,73,0.6239316239316239,117,112,0521_318-20220613\0521_318-20220613-054816-117-0.txt,0521_318-20220613\0521_318-20220613-063304-112-112.txt,054816,063304
0521_318,2022-06-14,98,0.7480916030534351,131,119,0521_318-20220614\0521_318-20220614-055110-131-0.txt,0521_318-20220614\0521_318-20220614-063947-119-119.txt,055110,063947
0521_318,2022-06-15,91,0.7054263565891473,129,114,0521_318-20220615\0521_318-20220615-055843-129-0.txt,0521_318-20220615\0521_318-20220615-063758-114-114.txt,055843,063758
0521_318,2022-06-16,89,0.664179104477612,134,98,0521_318-20220616\0521_318-20220616-053855-134-0.txt,0521_318-20220616\0521_318-20220616-062730-98-98.txt,053855,062730
0521_318,2022-06-17,2,0.021505376344086023,93,93,0521_318-20220617\0521_318-20220617-062254-93-0.txt,0521_318-20220617\0521_318-20220617-073217-93-93.txt,062254,073217
0521_318,2022-06-20,49,0.5764705882352941,85,69,0521_318-20220620\0521_318-20220620-070843-85-0.txt,0521_318-20220620\0521_318-20220620-073321-69-69.txt,070843,073321
0521_318,2022-06-21,98,0.6242038216560509,157,116,0521_318-20220621\0521_318-20220621-054806-157-0.txt,0521_318-20220621\0521_318-20220621-064248-116-116.txt,054806,064248
0521_318,2022-06-22,68,0.5037037037037037,135,118,0521_318-20220622\0521_318-20220622-054558-135-0.txt,0521_318-20220622\0521_318-20220622-062708-118-118.txt,054558,062708
0521_319,2022-05-31,25,0.18248175182481752,137,136,0521_319-20220531\0521_319-20220531-085304-137-0.txt,0521_319-20220531\0521_319-20220531-095814-136-136.txt,085304,095814
0521_319,2022-06-01,0,0.0,108,108,0521_319-20220601\0521_319-20220601-084320-108-0.txt,0521_319-20220601\0521_319-20220601-093553-108-108.txt,084320,093553
0521_319,2022-06-02,3,0.031914893617021274,94,91,0521_319-20220602\0521_319-20220602-082616-94-0.txt,0521_319-20220602\0521_319-20220602-092325-91-91.txt,082616,092325
0521_319,2022-06-03,3,0.03333333333333333,90,87,0521_319-20220603\0521_319-20220603-084251-90-0.txt,0521_319-20220603\0521_319-20220603-092439-87-87.txt,084251,092439
0521_319,2022-06-07,1,0.012195121951219513,82,81,0521_319-20220607\0521_319-20220607-082656-82-0.txt,0521_319-20220607\0521_319-20220607-090455-81-81.txt,082656,090455
0521_319,2022-06-08,1,0.0078125,128,127,0521_319-20220608\0521_319-20220608-090129-128-0.txt,0521_319-20220608\0521_319-20220608-094534-127-127.txt,090129,094534
0521_319,2022-06-09,0,0.0,112,112,0521_319-20220609\0521_319-20220609-090437-112-0.txt,0521_319-20220609\0521_319-20220609-093441-112-112.txt,090437,093441
0521_319,2022-06-10,0,0.0,117,117,0521_319-20220610\0521_319-20220610-092633-117-0.txt,0521_319-20220610\0521_319-20220610-103000-117-117.txt,092633,103000
0521_319,2022-06-13,1,0.011904761904761904,84,83,0521_319-20220613\0521_319-20220613-085943-84-0.txt,0521_319-20220613\0521_319-20220613-094727-83-83.txt,085943,094727
0521_319,2022-06-14,3,0.028037383177570093,107,104,0521_319-20220614\0521_319-20220614-083545-107-0.txt,0521_319-20220614\0521_319-20220614-091620-104-104.txt,083545,091620
0521_319,2022-06-15,0,0.0,50,50,0521_319-20220615\0521_319-20220615-090721-50-0.txt,0521_319-20220615\0521_319-20220615-093904-50-50.txt,090721,093904
0521_319,2022-06-17,0,0.0,96,96,0521_319-20220617\0521_319-20220617-100135-96-0.txt,0521_319-20220617\0521_319-20220617-104613-96-96.txt,100135,104613
0521_319,2022-06-20,1,0.011904761904761904,84,83,0521_319-20220620\0521_319-20220620-091455-84-0.txt,0521_319-20220620\0521_319-20220620-095123-83-83.txt,091455,095123
0521_319,2022-06-21,0,0.0,82,82,0521_319-20220621\0521_319-20220621-092507-82-0.txt,0521_319-20220621\0521_319-20220621-104251-82-82.txt,092507,104251
0521_319,2022-06-22,3,0.03260869565217391,92,89,0521_319-20220622\0521_319-20220622-090214-92-0.txt,0521_319-20220622\0521_319-20220622-095343-89-89.txt,090214,095343
0521_320,2022-05-31,10,0.10101010101010101,99,99,0521_320-20220531\0521_320-20220531-085444-99-0.txt,0521_320-20220531\0521_320-20220531-094356-99-99.txt,085444,094356
0521_320,2022-06-01,41,0.43617021276595747,94,94,0521_320-20220601\0521_320-20220601-084538-94-0.txt,0521_320-20220601\0521_320-20220601-092309-94-94.txt,084538,092309
0521_320,2022-06-03,43,0.45263157894736844,95,95,0521_320-20220603\0521_320-20220603-084307-95-0.txt,0521_320-20220603\0521_320-20220603-085425-95-95.txt,084307,085425
0521_320,2022-06-07,43,0.589041095890411,73,73,0521_320-20220607\0521_320-20220607-090028-73-0.txt,0521_320-20220607\0521_320-20220607-092711-73-73.txt,090028,092711
0521_320,2022-06-08,65,0.5652173913043478,115,112,0521_320-20220608\0521_320-20220608-085137-115-0.txt,0521_320-20220608\0521_320-20220608-093949-112-112.txt,085137,093949
0521_320,2022-06-09,62,0.5210084033613446,116,119,0521_320-20220609\0521_320-20220609-084046-116-0.txt,0521_320-20220609\0521_320-20220609-093015-119-119.txt,084046,093015
0521_320,2022-06-10,82,0.9425287356321839,87,87,0521_320-20220610\0521_320-20220610-084218-87-0.txt,0521_320-20220610\0521_320-20220610-085431-87-87.txt,084218,085431
0521_320,2022-06-13,63,0.7974683544303798,72,79,0521_320-20220613\0521_320-20220613-085635-72-0.txt,0521_320-20220613\0521_320-20220613-092857-79-79.txt,085635,092857
0521_320,2022-06-14,60,0.6382978723404256,94,94,0521_320-20220614\0521_320-20220614-083313-94-0.txt,0521_320-20220614\0521_320-20220614-090556-94-94.txt,083313,090556
0521_320,2022-06-15,57,0.7125,78,80,0521_320-20220615\0521_320-20220615-084308-78-0.txt,0521_320-20220615\0521_320-20220615-092403-80-80.txt,084308,092403
0521_320,2022-06-17,55,0.6707317073170732,75,82,0521_320-20220617\0521_320-20220617-082522-75-0.txt,0521_320-20220617\0521_320-20220617-090017-82-82.txt,082522,090017
0521_320,2022-06-20,42,0.6363636363636364,60,66,0521_320-20220620\0521_320-20220620-084153-60-0.txt,0521_320-20220620\0521_320-20220620-091244-66-66.txt,084153,091244
0521_320,2022-06-21,99,0.9705882352941176,93,102,0521_320-20220621\0521_320-20220621-084806-93-0.txt,0521_320-20220621\0521_320-20220621-091959-102-102.txt,084806,091959
0521_320,2022-06-22,46,0.5974025974025974,76,77,0521_320-20220622\0521_320-20220622-084350-76-0.txt,0521_320-20220622\0521_320-20220622-091137-77-77.txt,084350,091137
0521_321,2022-05-31,36,0.2608695652173913,109,138,0521_321-20220531\0521_321-20220531-081952-109-0.txt,0521_321-20220531\0521_321-20220531-091705-138-138.txt,081952,091705
0521_321,2022-06-01,13,0.11403508771929824,106,114,0521_321-20220601\0521_321-20220601-081330-106-0.txt,0521_321-20220601\0521_321-20220601-084403-114-114.txt,081330,084403
0521_321,2022-06-02,12,0.11214953271028037,104,107,0521_321-20220602\0521_321-20220602-081318-104-0.txt,0521_321-20220602\0521_321-20220602-084312-107-107.txt,081318,084312
0521_321,2022-06-03,5,0.05952380952380952,79,84,0521_321-20220603\0521_321-20220603-081347-79-0.txt,0521_321-20220603\0521_321-20220603-083704-84-84.txt,081347,083704
0521_321,2022-06-07,1,0.011904761904761904,84,83,0521_321-20220607\0521_321-20220607-081123-84-0.txt,0521_321-20220607\0521_321-20220607-083354-83-83.txt,081123,083354
0521_321,2022-06-08,22,0.1774193548387097,106,124,0521_321-20220608\0521_321-20220608-082429-106-0.txt,0521_321-20220608\0521_321-20220608-090639-124-124.txt,082429,090639
0521_321,2022-06-10,106,1.0,99,106,0521_321-20220610\0521_321-20220610-081410-99-0.txt,0521_321-20220610\0521_321-20220610-084305-106-106.txt,081410,084305
0521_321,2022-06-13,6,0.06593406593406594,91,89,0521_321-20220613\0521_321-20220613-082917-91-0.txt,0521_321-20220613\0521_321-20220613-090139-89-89.txt,082917,090139
0521_321,2022-06-14,1,0.009708737864077669,103,102,0521_321-20220614\0521_321-20220614-081620-103-0.txt,0521_321-20220614\0521_321-20220614-084146-102-102.txt,081620,084146
0521_321,2022-06-15,23,0.23958333333333334,74,96,0521_321-20220615\0521_321-20220615-081829-74-0.txt,0521_321-20220615\0521_321-20220615-084656-96-96.txt,081829,084656
0521_321,2022-06-16,5,0.047619047619047616,105,102,0521_321-20220616\0521_321-20220616-081124-105-0.txt,0521_321-20220616\0521_321-20220616-083645-102-102.txt,081124,083645
0521_321,2022-06-17,0,0.0,75,75,0521_321-20220617\0521_321-20220617-081017-75-0.txt,0521_321-20220617\0521_321-20220617-082940-75-75.txt,081017,082940
0521_321,2022-06-20,7,0.09090909090909091,77,74,0521_321-20220620\0521_321-20220620-080603-77-0.txt,0521_321-20220620\0521_321-20220620-082405-74-74.txt,080603,082405
0521_321,2022-06-21,21,0.17647058823529413,100,119,0521_321-20220621\0521_321-20220621-081851-100-0.txt,0521_321-20220621\0521_321-20220621-085316-119-119.txt,081851,085316
0521_321,2022-06-22,1,0.010869565217391304,92,91,0521_321-20220622\0521_321-20220622-080937-92-0.txt,0521_321-20220622\0521_321-20220622-082937-91-91.txt,080937,082937
0521_322,2022-05-31,0,0.0,125,125,0521_322-20220531\0521_322-20220531-091137-125-0.txt,0521_322-20220531\0521_322-20220531-102548-125-125.txt,091137,102548
0521_322,2022-06-01,0,0.0,132,132,0521_322-20220601\0521_322-20220601-084713-132-0.txt,0521_322-20220601\0521_322-20220601-084823-132-132.txt,084713,084823
0521_322,2022-06-02,0,0.0,97,97,0521_322-20220602\0521_322-20220602-085246-97-0.txt,0521_322-20220602\0521_322-20220602-093700-97-97.txt,085246,093700
0521_322,2022-06-03,0,0.0,97,97,0521_322-20220603\0521_322-20220603-083040-97-0.txt,0521_322-20220603\0521_322-20220603-092204-97-97.txt,083040,092204
0521_322,2022-06-07,1,0.011111111111111112,90,89,0521_322-20220607\0521_322-20220607-082344-90-0.txt,0521_322-20220607\0521_322-20220607-091553-89-89.txt,082344,091553
0521_322,2022-06-08,0,0.0,101,101,0521_322-20220608\0521_322-20220608-091404-101-0.txt,0521_322-20220608\0521_322-20220608-093929-101-101.txt,091404,093929
0521_322,2022-06-09,77,0.6875,112,95,0521_322-20220609\0521_322-20220609-084137-112-0.txt,0521_322-20220609\0521_322-20220609-092545-95-95.txt,084137,092545
0521_322,2022-06-10,0,0.0,129,129,0521_322-20220610\0521_322-20220610-084150-129-0.txt,0521_322-20220610\0521_322-20220610-095110-129-129.txt,084150,095110
0521_322,2022-06-13,0,0.0,98,98,0521_322-20220613\0521_322-20220613-083724-98-0.txt,0521_322-20220613\0521_322-20220613-092630-98-98.txt,083724,092630
0521_322,2022-06-15,0,0.0,99,99,0521_322-20220615\0521_322-20220615-090042-99-0.txt,0521_322-20220615\0521_322-20220615-093337-99-99.txt,090042,093337
0521_322,2022-06-17,0,0.0,82,82,0521_322-20220617\0521_322-20220617-083118-82-0.txt,0521_322-20220617\0521_322-20220617-083150-82-82.txt,083118,083150
0521_322,2022-06-20,0,0.0,95,95,0521_322-20220620\0521_322-20220620-081802-95-0.txt,0521_322-20220620\0521_322-20220620-085015-95-95.txt,081802,085015
0521_322,2022-06-21,0,0.0,131,131,0521_322-20220621\0521_322-20220621-091503-131-0.txt,0521_322-20220621\0521_322-20220621-101046-131-131.txt,091503,101046
0521_322,2022-06-22,0,0.0,92,92,0521_322-20220622\0521_322-20220622-085148-92-0.txt,0521_322-20220622\0521_322-20220622-093031-92-92.txt,085148,093031
0521_350,2022-05-31,167,0.9597701149425287,174,129,0521_350-20220531\0521_350-20220531-062149-174-0.txt,0521_350-20220531\0521_350-20220531-074222-129-129.txt,062149,074222
0521_350,2022-06-01,2,0.016666666666666666,120,118,0521_350-20220601\0521_350-20220601-061101-120-0.txt,0521_350-20220601\0521_350-20220601-072442-118-118.txt,061101,072442
0521_350,2022-06-02,10,0.08064516129032258,124,120,0521_350-20220602\0521_350-20220602-061213-124-0.txt,0521_350-20220602\0521_350-20220602-072653-120-120.txt,061213,072653
0521_350,2022-06-03,13,0.10569105691056911,123,118,0521_350-20220603\0521_350-20220603-061508-123-0.txt,0521_350-20220603\0521_350-20220603-072453-118-118.txt,061508,072453
0521_350,2022-06-07,5,0.03787878787878788,132,129,0521_350-20220607\0521_350-20220607-055550-132-0.txt,0521_350-20220607\0521_350-20220607-071052-129-129.txt,055550,071052
0521_350,2022-06-08,12,0.09302325581395349,129,123,0521_350-20220608\0521_350-20220608-060549-129-0.txt,0521_350-20220608\0521_350-20220608-070205-123-123.txt,060549,070205
0521_350,2022-06-09,8,0.05714285714285714,140,136,0521_350-20220609\0521_350-20220609-061630-140-0.txt,0521_350-20220609\0521_350-20220609-072113-136-136.txt,061630,072113
0521_350,2022-06-10,1,0.007462686567164179,134,133,0521_350-20220610\0521_350-20220610-063230-134-0.txt,0521_350-20220610\0521_350-20220610-073121-133-133.txt,063230,073121
0521_350,2022-06-13,7,0.05737704918032787,122,121,0521_350-20220613\0521_350-20220613-060442-122-0.txt,0521_350-20220613\0521_350-20220613-071107-121-121.txt,060442,071107
0521_350,2022-06-14,3,0.023255813953488372,129,129,0521_350-20220614\0521_350-20220614-061239-129-0.txt,0521_350-20220614\0521_350-20220614-070324-129-129.txt,061239,070324
0521_350,2022-06-15,15,0.10714285714285714,140,125,0521_350-20220615\0521_350-20220615-055319-140-0.txt,0521_350-20220615\0521_350-20220615-064353-125-125.txt,055319,064353
0521_350,2022-06-16,0,0.0,122,122,0521_350-20220616\0521_350-20220616-063050-122-0.txt,0521_350-20220616\0521_350-20220616-074244-122-122.txt,063050,074244
0521_350,2022-06-17,14,0.1111111111111111,126,125,0521_350-20220617\0521_350-20220617-054451-126-0.txt,0521_350-20220617\0521_350-20220617-064552-125-125.txt,054451,064552
0521_350,2022-06-18,1,0.017543859649122806,57,57,0521_350-20220618\0521_350-20220618-055513-57-0.txt,0521_350-20220618\0521_350-20220618-063112-57-57.txt,055513,063112
0521_350,2022-06-20,8,0.13114754098360656,61,56,0521_350-20220620\0521_350-20220620-052354-61-0.txt,0521_350-20220620\0521_350-20220620-061719-56-56.txt,052354,061719
0521_350,2022-06-21,17,0.1827956989247312,93,93,0521_350-20220621\0521_350-20220621-060457-93-0.txt,0521_350-20220621\0521_350-20220621-070029-93-93.txt,060457,070029
0521_350,2022-06-22,24,0.2857142857142857,83,84,0521_350-20220622\0521_350-20220622-054825-83-0.txt,0521_350-20220622\0521_350-20220622-071411-84-84.txt,054825,071411
0521_351,2022-05-30,41,0.31297709923664124,131,128,0521_351-20220530\0521_351-20220530-062424-131-0.txt,0521_351-20220530\0521_351-20220530-065449-128-128.txt,062424,065449
0521_351,2022-05-31,115,0.6149732620320856,187,184,0521_351-20220531\0521_351-20220531-055800-187-0.txt,0521_351-20220531\0521_351-20220531-070322-184-184.txt,055800,070322
0521_351,2022-06-01,100,0.5714285714285714,175,174,0521_351-20220601\0521_351-20220601-061551-175-0.txt,0521_351-20220601\0521_351-20220601-070101-174-174.txt,061551,070101
0521_351,2022-06-02,102,0.6335403726708074,161,158,0521_351-20220602\0521_351-20220602-055840-161-0.txt,0521_351-20220602\0521_351-20220602-064007-158-158.txt,055840,064007
0521_351,2022-06-03,118,0.7763157894736842,152,149,0521_351-20220603\0521_351-20220603-055500-152-0.txt,0521_351-20220603\0521_351-20220603-064210-149-149.txt,055500,064210
0521_351,2022-06-04,2,0.043478260869565216,46,46,0521_351-20220604\0521_351-20220604-080158-46-0.txt,0521_351-20220604\0521_351-20220604-081252-46-46.txt,080158,081252
0521_351,2022-06-07,58,0.5420560747663551,107,105,0521_351-20220607\0521_351-20220607-060500-107-0.txt,0521_351-20220607\0521_351-20220607-061639-105-105.txt,060500,061639
0521_351,2022-06-08,60,0.41379310344827586,145,143,0521_351-20220608\0521_351-20220608-060201-145-0.txt,0521_351-20220608\0521_351-20220608-065351-143-143.txt,060201,065351
0521_351,2022-06-09,148,0.8705882352941177,170,93,0521_351-20220609\0521_351-20220609-074228-170-0.txt,0521_351-20220609\0521_351-20220609-084002-93-93.txt,074228,084002
0521_351,2022-06-10,66,0.5892857142857143,112,109,0521_351-20220610\0521_351-20220610-063957-112-0.txt,0521_351-20220610\0521_351-20220610-072636-109-109.txt,063957,072636
0521_351,2022-06-11,13,0.3023255813953488,40,43,0521_351-20220611\0521_351-20220611-052946-40-0.txt,0521_351-20220611\0521_351-20220611-061606-43-43.txt,052946,061606
0521_351,2022-06-13,86,0.6056338028169014,142,140,0521_351-20220613\0521_351-20220613-062023-142-0.txt,0521_351-20220613\0521_351-20220613-072746-140-140.txt,062023,072746
0521_351,2022-06-14,63,0.4701492537313433,134,130,0521_351-20220614\0521_351-20220614-063447-134-0.txt,0521_351-20220614\0521_351-20220614-073100-130-130.txt,063447,073100
0521_351,2022-06-15,55,0.4263565891472868,129,125,0521_351-20220615\0521_351-20220615-060621-129-0.txt,0521_351-20220615\0521_351-20220615-065804-125-125.txt,060621,065804
0521_351,2022-06-17,69,0.5476190476190477,126,125,0521_351-20220617\0521_351-20220617-060551-126-0.txt,0521_351-20220617\0521_351-20220617-064837-125-125.txt,060551,064837
0521_351,2022-06-20,41,0.4019607843137255,102,101,0521_351-20220620\0521_351-20220620-055134-102-0.txt,0521_351-20220620\0521_351-20220620-061415-101-101.txt,055134,061415
0521_351,2022-06-21,118,0.6276595744680851,188,186,0521_351-20220621\0521_351-20220621-062026-188-0.txt,0521_351-20220621\0521_351-20220621-070330-186-186.txt,062026,070330
0521_351,2022-06-22,121,0.7908496732026143,153,149,0521_351-20220622\0521_351-20220622-062534-153-0.txt,0521_351-20220622\0521_351-20220622-070950-149-149.txt,062534,070950
0521_352,2022-05-31,75,0.487012987012987,152,154,0521_352-20220531\0521_352-20220531-055010-152-0.txt,0521_352-20220531\0521_352-20220531-065357-154-154.txt,055010,065357
0521_352,2022-06-01,103,0.6776315789473685,152,139,0521_352-20220601\0521_352-20220601-060107-152-0.txt,0521_352-20220601\0521_352-20220601-070732-139-139.txt,060107,070732
0521_352,2022-06-02,90,0.7317073170731707,123,123,0521_352-20220602\0521_352-20220602-054235-123-0.txt,0521_352-20220602\0521_352-20220602-063904-123-123.txt,054235,063904
0521_352,2022-06-03,76,0.5984251968503937,127,121,0521_352-20220603\0521_352-20220603-054535-127-0.txt,0521_352-20220603\0521_352-20220603-064951-121-121.txt,054535,064951
0521_352,2022-06-04,17,0.27419354838709675,62,56,0521_352-20220604\0521_352-20220604-054844-62-0.txt,0521_352-20220604\0521_352-20220604-062044-56-56.txt,054844,062044
0521_352,2022-06-07,99,0.868421052631579,86,114,0521_352-20220607\0521_352-20220607-050648-86-0.txt,0521_352-20220607\0521_352-20220607-061942-114-114.txt,050648,061942
0521_352,2022-06-08,80,0.6015037593984962,133,131,0521_352-20220608\0521_352-20220608-054157-133-0.txt,0521_352-20220608\0521_352-20220608-064109-131-131.txt,054157,064109
0521_352,2022-06-09,79,0.5266666666666666,150,149,0521_352-20220609\0521_352-20220609-054748-150-0.txt,0521_352-20220609\0521_352-20220609-065917-149-149.txt,054748,065917
0521_352,2022-06-10,81,0.6136363636363636,132,132,0521_352-20220610\0521_352-20220610-054431-132-0.txt,0521_352-20220610\0521_352-20220610-064430-132-132.txt,054431,064430
0521_352,2022-06-11,26,0.4642857142857143,54,56,0521_352-20220611\0521_352-20220611-054015-54-0.txt,0521_352-20220611\0521_352-20220611-061544-56-56.txt,054015,061544
0521_352,2022-06-13,83,0.8556701030927835,85,97,0521_352-20220613\0521_352-20220613-050533-85-0.txt,0521_352-20220613\0521_352-20220613-061514-97-97.txt,050533,061514
0521_352,2022-06-14,61,0.46564885496183206,131,130,0521_352-20220614\0521_352-20220614-054748-131-0.txt,0521_352-20220614\0521_352-20220614-064319-130-130.txt,054748,064319
0521_352,2022-06-15,92,0.7244094488188977,127,127,0521_352-20220615\0521_352-20220615-053757-127-0.txt,0521_352-20220615\0521_352-20220615-063605-127-127.txt,053757,063605
0521_352,2022-06-16,118,0.8309859154929577,142,141,0521_352-20220616\0521_352-20220616-054744-142-0.txt,0521_352-20220616\0521_352-20220616-064353-141-141.txt,054744,064353
0521_352,2022-06-17,87,0.6744186046511628,129,129,0521_352-20220617\0521_352-20220617-054020-129-0.txt,0521_352-20220617\0521_352-20220617-063006-129-129.txt,054020,063006
0521_352,2022-06-18,31,0.6326530612244898,49,48,0521_352-20220618\0521_352-20220618-053725-49-0.txt,0521_352-20220618\0521_352-20220618-061211-48-48.txt,053725,061211
0521_352,2022-06-20,54,0.7105263157894737,75,76,0521_352-20220620\0521_352-20220620-053439-75-0.txt,0521_352-20220620\0521_352-20220620-061506-76-76.txt,053439,061506
0521_352,2022-06-21,92,0.6865671641791045,134,134,0521_352-20220621\0521_352-20220621-054905-134-0.txt,0521_352-20220621\0521_352-20220621-064025-134-134.txt,054905,064025
0521_352,2022-06-22,75,0.539568345323741,139,135,0521_352-20220622\0521_352-20220622-055636-139-0.txt,0521_352-20220622\0521_352-20220622-065317-135-135.txt,055636,065317
0521_353,2022-05-31,7,0.05511811023622047,127,126,0521_353-20220531\0521_353-20220531-061650-127-0.txt,0521_353-20220531\0521_353-20220531-070602-126-126.txt,061650,070602
0521_353,2022-06-01,126,0.7159090909090909,176,143,0521_353-20220601\0521_353-20220601-061117-176-0.txt,0521_353-20220601\0521_353-20220601-071156-143-143.txt,061117,071156
0521_353,2022-06-02,132,0.9428571428571428,140,138,0521_353-20220602\0521_353-20220602-062054-140-0.txt,0521_353-20220602\0521_353-20220602-071953-138-138.txt,062054,071953
0521_353,2022-06-03,127,0.9548872180451128,133,132,0521_353-20220603\0521_353-20220603-061823-133-0.txt,0521_353-20220603\0521_353-20220603-071600-132-132.txt,061823,071600
0521_353,2022-06-07,43,0.4777777777777778,90,90,0521_353-20220607\0521_353-20220607-060208-90-0.txt,0521_353-20220607\0521_353-20220607-065205-90-90.txt,060208,065205
0521_353,2022-06-08,8,0.0784313725490196,101,102,0521_353-20220608\0521_353-20220608-060011-101-0.txt,0521_353-20220608\0521_353-20220608-065942-102-102.txt,060011,065942
0521_353,2022-06-09,80,0.9090909090909091,88,88,0521_353-20220609\0521_353-20220609-062314-88-0.txt,0521_353-20220609\0521_353-20220609-070127-88-88.txt,062314,070127
0521_353,2022-06-10,156,0.9936305732484076,157,153,0521_353-20220610\0521_353-20220610-063602-157-0.txt,0521_353-20220610\0521_353-20220610-075558-153-153.txt,063602,075558
0521_353,2022-06-13,127,0.927007299270073,137,109,0521_353-20220613\0521_353-20220613-060306-137-0.txt,0521_353-20220613\0521_353-20220613-070642-109-109.txt,060306,070642
0521_353,2022-06-14,156,0.9873417721518988,158,157,0521_353-20220614\0521_353-20220614-062526-158-0.txt,0521_353-20220614\0521_353-20220614-073611-157-157.txt,062526,073611
0521_353,2022-06-15,117,0.8731343283582089,134,134,0521_353-20220615\0521_353-20220615-062501-134-0.txt,0521_353-20220615\0521_353-20220615-071301-134-134.txt,062501,071301
0521_353,2022-06-16,139,0.9788732394366197,142,106,0521_353-20220616\0521_353-20220616-060547-142-0.txt,0521_353-20220616\0521_353-20220616-071457-106-106.txt,060547,071457
0521_353,2022-06-17,108,0.8372093023255814,129,129,0521_353-20220617\0521_353-20220617-055855-129-0.txt,0521_353-20220617\0521_353-20220617-065120-129-129.txt,055855,065120
0521_353,2022-06-20,114,0.9743589743589743,117,113,0521_353-20220620\0521_353-20220620-060428-117-0.txt,0521_353-20220620\0521_353-20220620-064222-113-113.txt,060428,064222
0521_353,2022-06-21,58,0.43609022556390975,133,130,0521_353-20220621\0521_353-20220621-061821-133-0.txt,0521_353-20220621\0521_353-20220621-071332-130-130.txt,061821,071332
0521_353,2022-06-22,132,1.0,132,131,0521_353-20220622\0521_353-20220622-062409-132-0.txt,0521_353-20220622\0521_353-20220622-073802-131-131.txt,062409,073802
0521_354,2022-05-31,4,0.025806451612903226,155,155,0521_354-20220531\0521_354-20220531-054417-155-0.txt,0521_354-20220531\0521_354-20220531-064807-155-155.txt,054417,064807
0521_354,2022-06-01,28,0.18791946308724833,133,149,0521_354-20220601\0521_354-20220601-053730-133-0.txt,0521_354-20220601\0521_354-20220601-063921-149-149.txt,053730,063921
0521_354,2022-06-02,18,0.1232876712328767,138,146,0521_354-20220602\0521_354-20220602-053957-138-0.txt,0521_354-20220602\0521_354-20220602-063931-146-146.txt,053957,063931
0521_354,2022-06-03,25,0.24752475247524752,92,101,0521_354-20220603\0521_354-20220603-052922-92-0.txt,0521_354-20220603\0521_354-20220603-061038-101-101.txt,052922,061038
0521_354,2022-06-07,21,0.21428571428571427,85,98,0521_354-20220607\0521_354-20220607-052357-85-0.txt,0521_354-20220607\0521_354-20220607-061232-98-98.txt,052357,061232
0521_354,2022-06-08,37,0.24503311258278146,128,151,0521_354-20220608\0521_354-20220608-053720-128-0.txt,0521_354-20220608\0521_354-20220608-064047-151-151.txt,053720,064047
0521_354,2022-06-09,37,0.23125,133,160,0521_354-20220609\0521_354-20220609-054840-133-0.txt,0521_354-20220609\0521_354-20220609-070101-160-160.txt,054840,070101
0521_354,2022-06-13,25,0.22727272727272727,95,110,0521_354-20220613\0521_354-20220613-053632-95-0.txt,0521_354-20220613\0521_354-20220613-062457-110-110.txt,053632,062457
0521_354,2022-06-14,21,0.13636363636363635,141,154,0521_354-20220614\0521_354-20220614-054106-141-0.txt,0521_354-20220614\0521_354-20220614-064125-154-154.txt,054106,064125
0521_354,2022-06-15,21,0.16535433070866143,116,127,0521_354-20220615\0521_354-20220615-053945-116-0.txt,0521_354-20220615\0521_354-20220615-063346-127-127.txt,053945,063346
0521_354,2022-06-16,10,0.08547008547008547,117,113,0521_354-20220616\0521_354-20220616-060042-117-0.txt,0521_354-20220616\0521_354-20220616-063929-113-113.txt,060042,063929
0521_354,2022-06-17,6,0.05263157894736842,114,112,0521_354-20220617\0521_354-20220617-052903-114-0.txt,0521_354-20220617\0521_354-20220617-060406-112-112.txt,052903,060406
0521_354,2022-06-20,17,0.1574074074074074,97,108,0521_354-20220620\0521_354-20220620-053145-97-0.txt,0521_354-20220620\0521_354-20220620-061349-108-108.txt,053145,061349
0521_354,2022-06-21,32,0.22535211267605634,119,142,0521_354-20220621\0521_354-20220621-053213-119-0.txt,0521_354-20220621\0521_354-20220621-062402-142-142.txt,053213,062402
0521_354,2022-06-22,9,0.06,150,146,0521_354-20220622\0521_354-20220622-054144-150-0.txt,0521_354-20220622\0521_354-20220622-063125-146-146.txt,054144,063125
0521_358,2022-05-30,103,0.5255102040816326,196,178,0521_358-20220530\0521_358-20220530-064103-196-0.txt,0521_358-20220530\0521_358-20220530-070811-178-178.txt,064103,070811
0521_358,2022-05-31,115,0.575,200,199,0521_358-20220531\0521_358-20220531-064137-200-0.txt,0521_358-20220531\0521_358-20220531-081227-199-199.txt,064137,081227
0521_358,2022-06-01,156,0.6,260,179,0521_358-20220601\0521_358-20220601-061342-260-0.txt,0521_358-20220601\0521_358-20220601-073825-179-179.txt,061342,073825
0521_358,2022-06-02,121,0.657608695652174,146,184,0521_358-20220602\0521_358-20220602-062011-146-0.txt,0521_358-20220602\0521_358-20220602-081011-184-184.txt,062011,081011
0521_358,2022-06-03,134,0.7362637362637363,182,161,0521_358-20220603\0521_358-20220603-060746-182-0.txt,0521_358-20220603\0521_358-20220603-074430-161-161.txt,060746,074430
0521_358,2022-06-07,54,0.313953488372093,172,172,0521_358-20220607\0521_358-20220607-055854-172-0.txt,0521_358-20220607\0521_358-20220607-071533-172-172.txt,055854,071533
0521_358,2022-06-08,169,0.676,250,222,0521_358-20220608\0521_358-20220608-063054-250-0.txt,0521_358-20220608\0521_358-20220608-082917-222-222.txt,063054,082917
0521_358,2022-06-09,113,0.6243093922651933,181,181,0521_358-20220609\0521_358-20220609-064722-181-0.txt,0521_358-20220609\0521_358-20220609-074901-181-181.txt,064722,074901
0521_358,2022-06-10,19,0.16379310344827586,114,116,0521_358-20220610\0521_358-20220610-061617-114-0.txt,0521_358-20220610\0521_358-20220610-070855-116-116.txt,061617,070855
0521_358,2022-06-11,5,0.1,49,50,0521_358-20220611\0521_358-20220611-054654-49-0.txt,0521_358-20220611\0521_358-20220611-062203-50-50.txt,054654,062203
0521_358,2022-06-13,146,0.7564766839378239,193,192,0521_358-20220613\0521_358-20220613-061359-193-0.txt,0521_358-20220613\0521_358-20220613-073819-192-192.txt,061359,073819
0521_358,2022-06-14,87,0.41232227488151657,211,193,0521_358-20220614\0521_358-20220614-062451-211-0.txt,0521_358-20220614\0521_358-20220614-080601-193-193.txt,062451,080601
0521_358,2022-06-15,140,0.6698564593301436,209,196,0521_358-20220615\0521_358-20220615-061440-209-0.txt,0521_358-20220615\0521_358-20220615-075536-196-196.txt,061440,075536
0521_358,2022-06-16,110,0.6285714285714286,175,166,0521_358-20220616\0521_358-20220616-061006-175-0.txt,0521_358-20220616\0521_358-20220616-073549-166-166.txt,061006,073549
0521_358,2022-06-17,32,0.20915032679738563,153,153,0521_358-20220617\0521_358-20220617-055215-153-0.txt,0521_358-20220617\0521_358-20220617-070517-153-153.txt,055215,070517
0521_358,2022-06-21,103,0.5919540229885057,173,174,0521_358-20220621\0521_358-20220621-062711-173-0.txt,0521_358-20220621\0521_358-20220621-080806-174-174.txt,062711,080806
0521_358,2022-06-22,133,0.665,200,195,0521_358-20220622\0521_358-20220622-065125-200-0.txt,0521_358-20220622\0521_358-20220622-081813-195-195.txt,065125,081813
0521_359,2022-05-30,107,0.9224137931034483,113,116,0521_359-20220530\0521_359-20220530-061150-113-0.txt,0521_359-20220530\0521_359-20220530-065634-116-116.txt,061150,065634
0521_359,2022-05-31,67,0.6504854368932039,103,102,0521_359-20220531\0521_359-20220531-054542-103-0.txt,0521_359-20220531\0521_359-20220531-064500-102-102.txt,054542,064500
0521_359,2022-06-01,135,0.9854014598540146,137,132,0521_359-20220601\0521_359-20220601-055748-137-0.txt,0521_359-20220601\0521_359-20220601-070023-132-132.txt,055748,070023
0521_359,2022-06-02,129,0.9416058394160584,137,132,0521_359-20220602\0521_359-20220602-060657-137-0.txt,0521_359-20220602\0521_359-20220602-071320-132-132.txt,060657,071320
0521_359,2022-06-03,134,0.9781021897810219,137,132,0521_359-20220603\0521_359-20220603-061731-137-0.txt,0521_359-20220603\0521_359-20220603-070435-132-132.txt,061731,070435
0521_359,2022-06-07,48,0.45714285714285713,105,101,0521_359-20220607\0521_359-20220607-060810-105-0.txt,0521_359-20220607\0521_359-20220607-071250-101-101.txt,060810,071250
0521_359,2022-06-08,105,0.7954545454545454,132,126,0521_359-20220608\0521_359-20220608-060721-132-0.txt,0521_359-20220608\0521_359-20220608-071310-126-126.txt,060721,071310
0521_359,2022-06-09,101,0.7481481481481481,135,128,0521_359-20220609\0521_359-20220609-062936-135-0.txt,0521_359-20220609\0521_359-20220609-071752-128-128.txt,062936,071752
0521_359,2022-06-10,93,0.6739130434782609,138,126,0521_359-20220610\0521_359-20220610-061356-138-0.txt,0521_359-20220610\0521_359-20220610-070833-126-126.txt,061356,070833
0521_359,2022-06-13,88,0.7652173913043478,115,112,0521_359-20220613\0521_359-20220613-055907-115-0.txt,0521_359-20220613\0521_359-20220613-065654-112-112.txt,055907,065654
0521_359,2022-06-14,83,0.664,125,124,0521_359-20220614\0521_359-20220614-060121-125-0.txt,0521_359-20220614\0521_359-20220614-065650-124-124.txt,060121,065650
0521_359,2022-06-15,92,0.7479674796747967,123,114,0521_359-20220615\0521_359-20220615-061232-123-0.txt,0521_359-20220615\0521_359-20220615-071059-114-114.txt,061232,071059
0521_359,2022-06-17,85,0.8018867924528302,106,104,0521_359-20220617\0521_359-20220617-054321-106-0.txt,0521_359-20220617\0521_359-20220617-063414-104-104.txt,054321,063414
0521_359,2022-06-18,3,0.06666666666666667,42,45,0521_359-20220618\0521_359-20220618-054552-42-0.txt,0521_359-20220618\0521_359-20220618-064454-45-45.txt,054552,064454
0521_359,2022-06-20,92,0.8761904761904762,105,104,0521_359-20220620\0521_359-20220620-054046-105-0.txt,0521_359-20220620\0521_359-20220620-064335-104-104.txt,054046,064335
0521_359,2022-06-21,100,0.7352941176470589,136,131,0521_359-20220621\0521_359-20220621-060015-136-0.txt,0521_359-20220621\0521_359-20220621-065219-131-131.txt,060015,065219
0521_359,2022-06-22,119,0.8814814814814815,135,133,0521_359-20220622\0521_359-20220622-060005-135-0.txt,0521_359-20220622\0521_359-20220622-070401-133-133.txt,060005,070401
0521_360,2022-05-31,24,0.15384615384615385,156,153,0521_360-20220531\0521_360-20220531-085214-156-0.txt,0521_360-20220531\0521_360-20220531-100522-153-153.txt,085214,100522
0521_360,2022-06-01,6,0.04411764705882353,136,132,0521_360-20220601\0521_360-20220601-083635-136-0.txt,0521_360-20220601\0521_360-20220601-092900-132-132.txt,083635,092900
0521_360,2022-06-02,37,0.3978494623655914,93,92,0521_360-20220602\0521_360-20220602-082801-93-0.txt,0521_360-20220602\0521_360-20220602-085818-92-92.txt,082801,085818
0521_360,2022-06-03,26,0.23853211009174313,109,109,0521_360-20220603\0521_360-20220603-083129-109-0.txt,0521_360-20220603\0521_360-20220603-091858-109-109.txt,083129,091858
0521_360,2022-06-04,43,0.6615384615384615,65,64,0521_360-20220604\0521_360-20220604-055032-65-0.txt,0521_360-20220604\0521_360-20220604-062622-64-64.txt,055032,062622
0521_360,2022-06-07,22,0.21568627450980393,100,102,0521_360-20220607\0521_360-20220607-081957-100-0.txt,0521_360-20220607\0521_360-20220607-091521-102-102.txt,081957,091521
0521_360,2022-06-08,113,0.7847222222222222,143,144,0521_360-20220608\0521_360-20220608-085918-143-0.txt,0521_360-20220608\0521_360-20220608-103425-144-144.txt,085918,103425
0521_360,2022-06-09,158,0.9753086419753086,162,161,0521_360-20220609\0521_360-20220609-084509-162-0.txt,0521_360-20220609\0521_360-20220609-100726-161-161.txt,084509,100726
0521_360,2022-06-10,26,0.22413793103448276,114,116,0521_360-20220610\0521_360-20220610-084837-114-0.txt,0521_360-20220610\0521_360-20220610-094746-116-116.txt,084837,094746
0521_360,2022-06-14,21,0.14893617021276595,140,141,0521_360-20220614\0521_360-20220614-091710-140-0.txt,0521_360-20220614\0521_360-20220614-103752-141-141.txt,091710,103752
0521_360,2022-06-15,18,0.13432835820895522,134,134,0521_360-20220615\0521_360-20220615-084414-134-0.txt,0521_360-20220615\0521_360-20220615-093845-134-134.txt,084414,093845
0521_360,2022-06-16,109,0.8014705882352942,136,136,0521_360-20220616\0521_360-20220616-085301-136-0.txt,0521_360-20220616\0521_360-20220616-100023-136-136.txt,085301,100023
0521_360,2022-06-17,21,0.15789473684210525,133,133,0521_360-20220617\0521_360-20220617-083116-133-0.txt,0521_360-20220617\0521_360-20220617-092728-133-133.txt,083116,092728
0521_360,2022-06-20,6,0.07058823529411765,85,79,0521_360-20220620\0521_360-20220620-081144-85-0.txt,0521_360-20220620\0521_360-20220620-084010-79-79.txt,081144,084010
0521_360,2022-06-21,83,0.5928571428571429,140,139,0521_360-20220621\0521_360-20220621-084014-140-0.txt,0521_360-20220621\0521_360-20220621-092940-139-139.txt,084014,092940
0521_360,2022-06-22,17,0.11643835616438356,146,140,0521_360-20220622\0521_360-20220622-082025-146-0.txt,0521_360-20220622\0521_360-20220622-091144-140-140.txt,082025,091144
0521_361,2022-05-30,82,0.4581005586592179,179,179,0521_361-20220530\0521_361-20220530-062649-179-0.txt,0521_361-20220530\0521_361-20220530-072800-179-179.txt,062649,072800
0521_361,2022-05-31,150,0.7936507936507936,189,180,0521_361-20220531\0521_361-20220531-062759-189-0.txt,0521_361-20220531\0521_361-20220531-071736-180-180.txt,062759,071736
0521_361,2022-06-01,231,0.9585062240663901,241,239,0521_361-20220601\0521_361-20220601-061116-241-0.txt,0521_361-20220601\0521_361-20220601-072115-239-239.txt,061116,072115
0521_361,2022-06-02,92,0.46,200,190,0521_361-20220602\0521_361-20220602-060000-200-0.txt,0521_361-20220602\0521_361-20220602-071431-190-190.txt,060000,071431
0521_361,2022-06-03,95,0.49222797927461137,193,154,0521_361-20220603\0521_361-20220603-055651-193-0.txt,0521_361-20220603\0521_361-20220603-065440-154-154.txt,055651,065440
0521_361,2022-06-08,94,0.4630541871921182,203,173,0521_361-20220608\0521_361-20220608-060214-203-0.txt,0521_361-20220608\0521_361-20220608-070129-173-173.txt,060214,070129
0521_361,2022-06-09,93,0.4744897959183674,196,170,0521_361-20220609\0521_361-20220609-061937-196-0.txt,0521_361-20220609\0521_361-20220609-072053-170-170.txt,061937,072053
0521_361,2022-06-10,139,0.7354497354497355,189,185,0521_361-20220610\0521_361-20220610-061504-189-0.txt,0521_361-20220610\0521_361-20220610-071052-185-185.txt,061504,071052
0521_361,2022-06-11,4,0.09090909090909091,40,44,0521_361-20220611\0521_361-20220611-054123-40-0.txt,0521_361-20220611\0521_361-20220611-063255-44-44.txt,054123,063255
0521_361,2022-06-13,130,0.6310679611650486,206,198,0521_361-20220613\0521_361-20220613-060946-206-0.txt,0521_361-20220613\0521_361-20220613-071641-198-198.txt,060946,071641
0521_361,2022-06-14,150,0.6637168141592921,226,194,0521_361-20220614\0521_361-20220614-062518-226-0.txt,0521_361-20220614\0521_361-20220614-074153-194-194.txt,062518,074153
0521_361,2022-06-15,124,0.6631016042780749,187,173,0521_361-20220615\0521_361-20220615-061609-187-0.txt,0521_361-20220615\0521_361-20220615-071718-173-173.txt,061609,071718
0521_361,2022-06-16,174,0.9613259668508287,181,155,0521_361-20220616\0521_361-20220616-060259-181-0.txt,0521_361-20220616\0521_361-20220616-065854-155-155.txt,060259,065854
0521_361,2022-06-17,79,0.395,200,168,0521_361-20220617\0521_361-20220617-060440-200-0.txt,0521_361-20220617\0521_361-20220617-070348-168-168.txt,060440,070348
0521_361,2022-06-20,143,0.934640522875817,153,151,0521_361-20220620\0521_361-20220620-054401-153-0.txt,0521_361-20220620\0521_361-20220620-064354-151-151.txt,054401,064354
0521_361,2022-06-21,140,0.7526881720430108,186,181,0521_361-20220621\0521_361-20220621-062018-186-0.txt,0521_361-20220621\0521_361-20220621-072752-181-181.txt,062018,072752
0521_361,2022-06-22,159,0.7681159420289855,207,186,0521_361-20220622\0521_361-20220622-060123-207-0.txt,0521_361-20220622\0521_361-20220622-065800-186-186.txt,060123,065800
0521_362,2022-05-30,100,0.6369426751592356,157,154,0521_362-20220530\0521_362-20220530-063626-157-0.txt,0521_362-20220530\0521_362-20220530-075653-154-154.txt,063626,075653
0521_362,2022-05-31,57,0.3877551020408163,147,146,0521_362-20220531\0521_362-20220531-062948-147-0.txt,0521_362-20220531\0521_362-20220531-073839-146-146.txt,062948,073839
0521_362,2022-06-01,150,0.9202453987730062,163,161,0521_362-20220601\0521_362-20220601-063355-163-0.txt,0521_362-20220601\0521_362-20220601-080944-161-161.txt,063355,080944
0521_362,2022-06-02,97,0.6510067114093959,149,148,0521_362-20220602\0521_362-20220602-062655-149-0.txt,0521_362-20220602\0521_362-20220602-074326-148-148.txt,062655,074326
0521_362,2022-06-03,122,0.8714285714285714,140,139,0521_362-20220603\0521_362-20220603-062705-140-0.txt,0521_362-20220603\0521_362-20220603-074031-139-139.txt,062705,074031
0521_362,2022-06-07,88,0.7154471544715447,123,123,0521_362-20220607\0521_362-20220607-063548-123-0.txt,0521_362-20220607\0521_362-20220607-075836-123-123.txt,063548,075836
0521_362,2022-06-08,136,0.9006622516556292,151,150,0521_362-20220608\0521_362-20220608-063150-151-0.txt,0521_362-20220608\0521_362-20220608-074321-150-150.txt,063150,074321
0521_362,2022-06-09,121,0.8402777777777778,144,144,0521_362-20220609\0521_362-20220609-063253-144-0.txt,0521_362-20220609\0521_362-20220609-073849-144-144.txt,063253,073849
0521_362,2022-06-10,72,0.5070422535211268,142,141,0521_362-20220610\0521_362-20220610-063211-142-0.txt,0521_362-20220610\0521_362-20220610-075959-141-141.txt,063211,075959
0521_362,2022-06-11,1,0.018867924528301886,53,52,0521_362-20220611\0521_362-20220611-063408-53-0.txt,0521_362-20220611\0521_362-20220611-071422-52-52.txt,063408,071422
0521_362,2022-06-13,119,0.8561151079136691,139,138,0521_362-20220613\0521_362-20220613-063413-139-0.txt,0521_362-20220613\0521_362-20220613-075202-138-138.txt,063413,075202
0521_362,2022-06-14,127,0.7839506172839507,152,162,0521_362-20220614\0521_362-20220614-063232-152-0.txt,0521_362-20220614\0521_362-20220614-080210-162-162.txt,063232,080210
0521_362,2022-06-15,99,0.7071428571428572,140,140,0521_362-20220615\0521_362-20220615-063959-140-0.txt,0521_362-20220615\0521_362-20220615-075018-140-140.txt,063959,075018
0521_362,2022-06-16,112,0.7516778523489933,149,147,0521_362-20220616\0521_362-20220616-064601-149-0.txt,0521_362-20220616\0521_362-20220616-080747-147-147.txt,064601,080747
0521_362,2022-06-17,118,0.8872180451127819,133,132,0521_362-20220617\0521_362-20220617-062339-133-0.txt,0521_362-20220617\0521_362-20220617-073239-132-132.txt,062339,073239
0521_362,2022-06-20,89,0.8090909090909091,110,108,0521_362-20220620\0521_362-20220620-060903-110-0.txt,0521_362-20220620\0521_362-20220620-071149-108-108.txt,060903,071149
0521_362,2022-06-21,77,0.5620437956204379,137,136,0521_362-20220621\0521_362-20220621-063205-137-0.txt,0521_362-20220621\0521_362-20220621-072533-136-136.txt,063205,072533
0521_362,2022-06-22,129,0.8835616438356164,146,144,0521_362-20220622\0521_362-20220622-063612-146-0.txt,0521_362-20220622\0521_362-20220622-075437-144-144.txt,063612,075437
0521_363,2022-05-30,143,0.7900552486187845,181,179,0521_363-20220530\0521_363-20220530-063022-181-0.txt,0521_363-20220530\0521_363-20220530-071546-179-179.txt,063022,071546
0521_363,2022-05-31,142,0.6543778801843319,217,211,0521_363-20220531\0521_363-20220531-062749-217-0.txt,0521_363-20220531\0521_363-20220531-072816-211-211.txt,062749,072816
0521_363,2022-06-01,91,0.4099099099099099,222,220,0521_363-20220601\0521_363-20220601-061158-223-0.txt,0521_363-20220601\0521_363-20220601-072301-220-220.txt,061158,072301
0521_363,2022-06-02,88,0.4444444444444444,198,198,0521_363-20220602\0521_363-20220602-055955-199-0.txt,0521_363-20220602\0521_363-20220602-070742-198-198.txt,055955,070742
0521_363,2022-06-03,95,0.6012658227848101,158,147,0521_363-20220603\0521_363-20220603-055535-158-0.txt,0521_363-20220603\0521_363-20220603-062940-147-147.txt,055535,062940
0521_363,2022-06-04,52,0.6341463414634146,82,82,0521_363-20220604\0521_363-20220604-060725-82-0.txt,0521_363-20220604\0521_363-20220604-063855-82-82.txt,060725,063855
0521_363,2022-06-07,103,0.6560509554140127,157,154,0521_363-20220607\0521_363-20220607-055512-157-0.txt,0521_363-20220607\0521_363-20220607-070310-154-154.txt,055512,070310
0521_363,2022-06-08,172,0.819047619047619,210,209,0521_363-20220608\0521_363-20220608-055535-210-0.txt,0521_363-20220608\0521_363-20220608-065503-209-209.txt,055535,065503
0521_363,2022-06-09,96,0.4528301886792453,212,212,0521_363-20220609\0521_363-20220609-063150-212-0.txt,0521_363-20220609\0521_363-20220609-072122-212-212.txt,063150,072122
0521_363,2022-06-10,154,0.7549019607843137,204,204,0521_363-20220610\0521_363-20220610-061052-204-0.txt,0521_363-20220610\0521_363-20220610-071912-204-204.txt,061052,071912
0521_363,2022-06-13,68,0.3469387755102041,194,196,0521_363-20220613\0521_363-20220613-061334-194-0.txt,0521_363-20220613\0521_363-20220613-070817-196-196.txt,061334,070817
0521_363,2022-06-14,109,0.5240384615384616,208,197,0521_363-20220614\0521_363-20220614-062946-208-0.txt,0521_363-20220614\0521_363-20220614-073343-197-197.txt,062946,073343
0521_363,2022-06-15,49,0.22072072072072071,222,216,0521_363-20220615\0521_363-20220615-061629-222-0.txt,0521_363-20220615\0521_363-20220615-071320-216-216.txt,061629,071320
0521_363,2022-06-16,92,0.4816753926701571,191,190,0521_363-20220616\0521_363-20220616-060759-191-0.txt,0521_363-20220616\0521_363-20220616-065405-190-190.txt,060759,065405
0521_363,2022-06-17,99,0.5789473684210527,171,171,0521_363-20220617\0521_363-20220617-055951-171-0.txt,0521_363-20220617\0521_363-20220617-064657-171-171.txt,055951,064657
0521_363,2022-06-20,52,0.3795620437956204,137,135,0521_363-20220620\0521_363-20220620-055652-137-0.txt,0521_363-20220620\0521_363-20220620-063604-135-135.txt,055652,063604
0521_363,2022-06-21,53,0.2398190045248869,221,219,0521_363-20220621\0521_363-20220621-061926-221-0.txt,0521_363-20220621\0521_363-20220621-071535-219-219.txt,061926,071535
0521_363,2022-06-22,94,0.5465116279069767,172,168,0521_363-20220622\0521_363-20220622-060038-172-0.txt,0521_363-20220622\0521_363-20220622-064422-168-168.txt,060038,064422
0521_364,2022-05-30,21,0.17796610169491525,118,118,0521_364-20220530\0521_364-20220530-062555-118-0.txt,0521_364-20220530\0521_364-20220530-073815-118-118.txt,062555,073815
0521_364,2022-05-31,32,0.2302158273381295,139,139,0521_364-20220531\0521_364-20220531-060023-139-0.txt,0521_364-20220531\0521_364-20220531-070658-139-139.txt,060023,070658
0521_364,2022-06-01,20,0.14814814814814814,135,135,0521_364-20220601\0521_364-20220601-061005-135-0.txt,0521_364-20220601\0521_364-20220601-070650-135-135.txt,061005,070650
0521_364,2022-06-02,10,0.07194244604316546,139,139,0521_364-20220602\0521_364-20220602-065044-139-0.txt,0521_364-20220602\0521_364-20220602-073343-139-139.txt,065044,073343
0521_364,2022-06-03,31,0.2743362831858407,113,113,0521_364-20220603\0521_364-20220603-055827-113-0.txt,0521_364-20220603\0521_364-20220603-061143-113-113.txt,055827,061143
0521_364,2022-06-07,22,0.1896551724137931,116,116,0521_364-20220607\0521_364-20220607-055722-116-0.txt,0521_364-20220607\0521_364-20220607-065001-116-116.txt,055722,065001
0521_364,2022-06-08,52,0.40310077519379844,129,129,0521_364-20220608\0521_364-20220608-060021-129-0.txt,0521_364-20220608\0521_364-20220608-064925-129-129.txt,060021,064925
0521_364,2022-06-09,81,0.6428571428571429,126,126,0521_364-20220609\0521_364-20220609-060323-126-0.txt,0521_364-20220609\0521_364-20220609-071934-126-126.txt,060323,071934
0521_364,2022-06-10,60,0.43795620437956206,129,137,0521_364-20220610\0521_364-20220610-055437-129-0.txt,0521_364-20220610\0521_364-20220610-065653-137-137.txt,055437,065653
0521_364,2022-06-20,14,0.16279069767441862,86,86,0521_364-20220620\0521_364-20220620-053700-86-0.txt,0521_364-20220620\0521_364-20220620-063731-86-86.txt,053700,063731
0521_364,2022-06-21,62,0.5166666666666667,118,120,0521_364-20220621\0521_364-20220621-060238-118-0.txt,0521_364-20220621\0521_364-20220621-065445-120-120.txt,060238,065445
0521_364,2022-06-22,40,0.3225806451612903,123,124,0521_364-20220622\0521_364-20220622-055148-123-0.txt,0521_364-20220622\0521_364-20220622-065155-124-124.txt,055148,065155
0521_365,2022-05-31,92,0.5082872928176796,181,160,0521_365-20220531\0521_365-20220531-085916-181-0.txt,0521_365-20220531\0521_365-20220531-102631-160-160.txt,085916,102631
0521_365,2022-06-01,130,0.9090909090909091,143,139,0521_365-20220601\0521_365-20220601-083857-143-0.txt,0521_365-20220601\0521_365-20220601-095048-139-139.txt,083857,095048
0521_365,2022-06-02,114,0.9827586206896551,116,112,0521_365-20220602\0521_365-20220602-084114-116-0.txt,0521_365-20220602\0521_365-20220602-091625-112-112.txt,084114,091625
0521_365,2022-06-03,95,0.8715596330275229,109,105,0521_365-20220603\0521_365-20220603-083424-109-0.txt,0521_365-20220603\0521_365-20220603-092249-105-105.txt,083424,092249
0521_365,2022-06-04,43,0.9148936170212766,43,47,0521_365-20220604\0521_365-20220604-053728-43-0.txt,0521_365-20220604\0521_365-20220604-061551-47-47.txt,053728,061551
0521_365,2022-06-07,114,0.991304347826087,115,111,0521_365-20220607\0521_365-20220607-084112-115-0.txt,0521_365-20220607\0521_365-20220607-092723-111-111.txt,084112,092723
0521_365,2022-06-08,161,0.9698795180722891,166,162,0521_365-20220608\0521_365-20220608-085741-166-0.txt,0521_365-20220608\0521_365-20220608-100810-162-162.txt,085741,100810
0521_365,2022-06-09,141,0.9929577464788732,142,137,0521_365-20220609\0521_365-20220609-084208-142-0.txt,0521_365-20220609\0521_365-20220609-093920-137-137.txt,084208,093920
0521_365,2022-06-13,105,0.8467741935483871,124,119,0521_365-20220613\0521_365-20220613-083804-124-0.txt,0521_365-20220613\0521_365-20220613-092655-119-119.txt,083804,092655
0521_365,2022-06-14,73,0.5140845070422535,142,133,0521_365-20220614\0521_365-20220614-084059-142-0.txt,0521_365-20220614\0521_365-20220614-093421-133-133.txt,084059,093421
0521_365,2022-06-15,115,0.8333333333333334,138,129,0521_365-20220615\0521_365-20220615-084059-138-0.txt,0521_365-20220615\0521_365-20220615-093553-129-129.txt,084059,093553
0521_365,2022-06-17,105,0.963302752293578,109,102,0521_365-20220617\0521_365-20220617-083940-109-0.txt,0521_365-20220617\0521_365-20220617-092728-102-102.txt,083940,092728
0521_365,2022-06-20,73,0.9240506329113924,79,78,0521_365-20220620\0521_365-20220620-082434-79-0.txt,0521_365-20220620\0521_365-20220620-085047-78-78.txt,082434,085047
0521_365,2022-06-21,127,0.9694656488549618,120,131,0521_365-20220621\0521_365-20220621-083020-120-0.txt,0521_365-20220621\0521_365-20220621-092524-131-131.txt,083020,092524
0521_365,2022-06-22,113,0.904,124,125,0521_365-20220622\0521_365-20220622-083131-124-0.txt,0521_365-20220622\0521_365-20220622-092158-125-125.txt,083131,092158
0521_366,2022-05-31,151,0.9096385542168675,166,137,0521_366-20220531\0521_366-20220531-063833-166-0.txt,0521_366-20220531\0521_366-20220531-074949-137-137.txt,063833,074949
0521_366,2022-06-01,135,0.7894736842105263,171,135,0521_366-20220601\0521_366-20220601-055711-171-0.txt,0521_366-20220601\0521_366-20220601-072801-135-135.txt,055711,072801
0521_366,2022-06-02,115,0.696969696969697,165,127,0521_366-20220602\0521_366-20220602-053756-165-0.txt,0521_366-20220602\0521_366-20220602-070218-127-127.txt,053756,070218
0521_366,2022-06-03,60,0.42857142857142855,140,129,0521_366-20220603\0521_366-20220603-060810-140-0.txt,0521_366-20220603\0521_366-20220603-073418-129-129.txt,060810,073418
0521_366,2022-06-07,52,0.41935483870967744,124,124,0521_366-20220607\0521_366-20220607-060259-124-0.txt,0521_366-20220607\0521_366-20220607-072405-124-124.txt,060259,072405
0521_366,2022-06-08,132,0.7415730337078652,178,130,0521_366-20220608\0521_366-20220608-055617-178-0.txt,0521_366-20220608\0521_366-20220608-071647-130-130.txt,055617,071647
0521_366,2022-06-09,138,0.745945945945946,185,135,0521_366-20220609\0521_366-20220609-055357-185-0.txt,0521_366-20220609\0521_366-20220609-071010-135-135.txt,055357,071010
0521_366,2022-06-10,91,0.5947712418300654,153,122,0521_366-20220610\0521_366-20220610-055432-153-0.txt,0521_366-20220610\0521_366-20220610-070606-122-122.txt,055432,070606
0521_366,2022-06-13,51,0.37777777777777777,135,116,0521_366-20220613\0521_366-20220613-062847-135-0.txt,0521_366-20220613\0521_366-20220613-075436-116-116.txt,062847,075436
0521_366,2022-06-14,147,0.8121546961325967,181,134,0521_366-20220614\0521_366-20220614-061303-181-0.txt,0521_366-20220614\0521_366-20220614-075453-134-134.txt,061303,075453
0521_366,2022-06-15,144,0.9795918367346939,147,113,0521_366-20220615\0521_366-20220615-055637-147-0.txt,0521_366-20220615\0521_366-20220615-072947-113-113.txt,055637,072947
0521_366,2022-06-16,99,0.7615384615384615,130,108,0521_366-20220616\0521_366-20220616-053146-130-0.txt,0521_366-20220616\0521_366-20220616-064001-108-108.txt,053146,064001
0521_366,2022-06-17,125,0.8278145695364238,151,112,0521_366-20220617\0521_366-20220617-054259-151-0.txt,0521_366-20220617\0521_366-20220617-063525-112-112.txt,054259,063525
0521_366,2022-06-20,47,0.4563106796116505,96,103,0521_366-20220620\0521_366-20220620-055906-96-0.txt,0521_366-20220620\0521_366-20220620-070853-103-103.txt,055906,070853
0521_366,2022-06-21,54,0.5346534653465347,101,90,0521_366-20220621\0521_366-20220621-063710-101-0.txt,0521_366-20220621\0521_366-20220621-074740-90-90.txt,063710,074740
0521_366,2022-06-22,3,0.031578947368421054,94,95,0521_366-20220622\0521_366-20220622-060022-94-0.txt,0521_366-20220622\0521_366-20220622-065754-95-95.txt,060022,065754
0521_367,2022-05-31,240,0.933852140077821,257,172,0521_367-20220531\0521_367-20220531-061217-257-0.txt,0521_367-20220531\0521_367-20220531-080850-172-172.txt,061217,080850
0521_367,2022-06-01,4,0.02564102564102564,152,156,0521_367-20220601\0521_367-20220601-063521-152-0.txt,0521_367-20220601\0521_367-20220601-083206-156-156.txt,063521,083206
0521_367,2022-06-02,12,0.10909090909090909,110,110,0521_367-20220602\0521_367-20220602-071656-110-0.txt,0521_367-20220602\0521_367-20220602-075158-110-110.txt,071656,075158
0521_367,2022-06-03,6,0.061224489795918366,98,98,0521_367-20220603\0521_367-20220603-063322-98-0.txt,0521_367-20220603\0521_367-20220603-071533-98-98.txt,063322,071533
0521_367,2022-06-07,0,0.0,114,114,0521_367-20220607\0521_367-20220607-060633-114-0.txt,0521_367-20220607\0521_367-20220607-065712-114-114.txt,060633,065712
0521_367,2022-06-08,13,0.10743801652892562,113,121,0521_367-20220608\0521_367-20220608-060650-120-0.txt,0521_367-20220608\0521_367-20220608-070724-121-121.txt,060650,070724
0521_367,2022-06-09,6,0.05128205128205128,117,117,0521_367-20220609\0521_367-20220609-061415-117-0.txt,0521_367-20220609\0521_367-20220609-071812-117-117.txt,061415,071812
0521_367,2022-06-10,4,0.03278688524590164,122,122,0521_367-20220610\0521_367-20220610-060842-122-0.txt,0521_367-20220610\0521_367-20220610-072334-122-122.txt,060842,072334
0521_367,2022-06-13,0,0.0,122,122,0521_367-20220613\0521_367-20220613-055110-122-0.txt,0521_367-20220613\0521_367-20220613-064742-122-122.txt,055110,064742
0521_367,2022-06-14,8,0.06299212598425197,125,127,0521_367-20220614\0521_367-20220614-060040-125-0.txt,0521_367-20220614\0521_367-20220614-070314-127-127.txt,060040,070314
0521_367,2022-06-15,16,0.1095890410958904,146,130,0521_367-20220615\0521_367-20220615-060629-146-0.txt,0521_367-20220615\0521_367-20220615-073445-130-130.txt,060629,073445
0521_367,2022-06-16,0,0.0,129,129,0521_367-20220616\0521_367-20220616-060303-129-0.txt,0521_367-20220616\0521_367-20220616-075724-129-129.txt,060303,075724
0521_367,2022-06-17,12,0.12903225806451613,93,93,0521_367-20220617\0521_367-20220617-055853-93-0.txt,0521_367-20220617\0521_367-20220617-064307-93-93.txt,055853,064307
0521_367,2022-06-20,14,0.1076923076923077,130,124,0521_367-20220620\0521_367-20220620-063258-133-0.txt,0521_367-20220620\0521_367-20220620-090038-124-124.txt,063258,090038
0521_367,2022-06-21,0,0.0,148,148,0521_367-20220621\0521_367-20220621-063712-148-0.txt,0521_367-20220621\0521_367-20220621-073805-148-148.txt,063712,073805
0521_367,2022-06-22,1,0.007194244604316547,139,138,0521_367-20220622\0521_367-20220622-064241-139-0.txt,0521_367-20220622\0521_367-20220622-072716-138-138.txt,064241,072716
0521_368,2022-05-30,141,0.6238938053097345,226,152,0521_368-20220530\0521_368-20220530-061030-226-0.txt,0521_368-20220530\0521_368-20220530-073553-152-152.txt,061030,073553
0521_368,2022-05-31,171,0.7066115702479339,242,159,0521_368-20220531\0521_368-20220531-060823-242-0.txt,0521_368-20220531\0521_368-20220531-073832-159-159.txt,060823,073832
0521_368,2022-06-01,186,0.7181467181467182,259,155,0521_368-20220601\0521_368-20220601-060928-259-0.txt,0521_368-20220601\0521_368-20220601-073257-155-155.txt,060928,073257
0521_368,2022-06-02,137,0.7061855670103093,194,143,0521_368-20220602\0521_368-20220602-054933-194-0.txt,0521_368-20220602\0521_368-20220602-071735-143-143.txt,054933,071735
0521_368,2022-06-03,140,0.7486631016042781,187,153,0521_368-20220603\0521_368-20220603-061103-187-0.txt,0521_368-20220603\0521_368-20220603-073801-153-153.txt,061103,073801
0521_368,2022-06-04,45,0.9,50,50,0521_368-20220604\0521_368-20220604-054232-50-0.txt,0521_368-20220604\0521_368-20220604-061916-50-50.txt,054232,061916
0521_368,2022-06-07,91,0.5229885057471264,174,135,0521_368-20220607\0521_368-20220607-055538-174-0.txt,0521_368-20220607\0521_368-20220607-070144-135-135.txt,055538,070144
0521_368,2022-06-08,140,0.5833333333333334,240,157,0521_368-20220608\0521_368-20220608-060514-240-0.txt,0521_368-20220608\0521_368-20220608-073028-157-157.txt,060514,073028
0521_368,2022-06-09,175,0.7028112449799196,249,154,0521_368-20220609\0521_368-20220609-061817-249-0.txt,0521_368-20220609\0521_368-20220609-073155-154-154.txt,061817,073155
0521_368,2022-06-10,171,0.7125,240,152,0521_368-20220610\0521_368-20220610-060409-240-0.txt,0521_368-20220610\0521_368-20220610-072717-152-152.txt,060409,072717
0521_368,2022-06-11,32,0.5517241379310345,53,58,0521_368-20220611\0521_368-20220611-054941-53-0.txt,0521_368-20220611\0521_368-20220611-063157-58-58.txt,054941,063157
0521_368,2022-06-13,131,0.645320197044335,203,149,0521_368-20220613\0521_368-20220613-060027-203-0.txt,0521_368-20220613\0521_368-20220613-071917-149-149.txt,060027,071917
0521_368,2022-06-14,129,0.5944700460829493,217,160,0521_368-20220614\0521_368-20220614-061246-217-0.txt,0521_368-20220614\0521_368-20220614-074309-160-160.txt,061246,074309
0521_368,2022-06-15,130,0.6310679611650486,206,159,0521_368-20220615\0521_368-20220615-060231-206-0.txt,0521_368-20220615\0521_368-20220615-072719-159-159.txt,060231,072719
0521_368,2022-06-16,154,0.8148148148148148,189,150,0521_368-20220616\0521_368-20220616-055338-189-0.txt,0521_368-20220616\0521_368-20220616-071109-150-150.txt,055338,071109
0521_368,2022-06-17,131,0.7043010752688172,186,147,0521_368-20220617\0521_368-20220617-055653-186-0.txt,0521_368-20220617\0521_368-20220617-070142-147-147.txt,055653,070142
0521_368,2022-06-18,49,0.8305084745762712,59,58,0521_368-20220618\0521_368-20220618-053506-59-0.txt,0521_368-20220618\0521_368-20220618-061251-58-58.txt,053506,061251
0521_368,2022-06-20,119,0.7125748502994012,167,128,0521_368-20220620\0521_368-20220620-055021-167-0.txt,0521_368-20220620\0521_368-20220620-065740-128-128.txt,055021,065740
0521_368,2022-06-21,156,0.7959183673469388,196,160,0521_368-20220621\0521_368-20220621-060656-196-0.txt,0521_368-20220621\0521_368-20220621-074002-160-160.txt,060656,074002
0521_368,2022-06-22,142,0.6574074074074074,216,172,0521_368-20220622\0521_368-20220622-060752-216-0.txt,0521_368-20220622\0521_368-20220622-073946-172-172.txt,060752,073946
0521_369,2022-05-31,113,0.8248175182481752,115,137,0521_369-20220531\0521_369-20220531-053741-115-0.txt,0521_369-20220531\0521_369-20220531-064027-137-137.txt,053741,064027
0521_369,2022-06-01,124,0.9253731343283582,127,134,0521_369-20220601\0521_369-20220601-061300-136-0.txt,0521_369-20220601\0521_369-20220601-073051-134-134.txt,061300,073051
0521_369,2022-06-02,115,0.8914728682170543,129,124,0521_369-20220602\0521_369-20220602-054558-129-0.txt,0521_369-20220602\0521_369-20220602-063829-124-124.txt,054558,063829
0521_369,2022-06-03,127,0.927007299270073,137,129,0521_369-20220603\0521_369-20220603-055506-140-0.txt,0521_369-20220603\0521_369-20220603-071126-129-129.txt,055506,071126
0521_369,2022-06-07,110,0.9166666666666666,106,120,0521_369-20220607\0521_369-20220607-055113-124-0.txt,0521_369-20220607\0521_369-20220607-064155-120-120.txt,055113,064155
0521_369,2022-06-08,132,0.9166666666666666,120,144,0521_369-20220608\0521_369-20220608-054308-120-0.txt,0521_369-20220608\0521_369-20220608-064333-144-144.txt,054308,064333
0521_369,2022-06-09,124,0.8611111111111112,144,144,0521_369-20220609\0521_369-20220609-053639-144-0.txt,0521_369-20220609\0521_369-20220609-062731-144-144.txt,053639,062731
0521_369,2022-06-10,108,0.8181818181818182,132,120,0521_369-20220610\0521_369-20220610-060452-132-0.txt,0521_369-20220610\0521_369-20220610-070819-120-120.txt,060452,070819
0521_369,2022-06-13,104,0.7375886524822695,137,141,0521_369-20220613\0521_369-20220613-055458-137-0.txt,0521_369-20220613\0521_369-20220613-070207-141-141.txt,055458,070207
0521_369,2022-06-14,117,0.841726618705036,114,139,0521_369-20220614\0521_369-20220614-054257-123-0.txt,0521_369-20220614\0521_369-20220614-063856-139-139.txt,054257,063856
0521_369,2022-06-15,131,0.9357142857142857,140,140,0521_369-20220615\0521_369-20220615-054152-140-0.txt,0521_369-20220615\0521_369-20220615-063707-140-140.txt,054152,063707
0521_369,2022-06-16,100,0.9090909090909091,107,110,0521_369-20220616\0521_369-20220616-054700-116-0.txt,0521_369-20220616\0521_369-20220616-065616-110-110.txt,054700,065616
0521_369,2022-06-17,83,0.8736842105263158,94,95,0521_369-20220617\0521_369-20220617-053119-94-0.txt,0521_369-20220617\0521_369-20220617-061447-95-95.txt,053119,061447
0521_369,2022-06-20,104,0.9203539823008849,105,113,0521_369-20220620\0521_369-20220620-054309-105-0.txt,0521_369-20220620\0521_369-20220620-073712-113-113.txt,054309,073712
0521_369,2022-06-21,126,0.8936170212765957,124,141,0521_369-20220621\0521_369-20220621-054204-124-0.txt,0521_369-20220621\0521_369-20220621-064746-141-141.txt,054204,064746
0521_369,2022-06-22,116,0.8592592592592593,112,135,0521_369-20220622\0521_369-20220622-054245-124-0.txt,0521_369-20220622\0521_369-20220622-063952-135-135.txt,054245,063952
0521_370,2022-05-31,48,0.35036496350364965,137,136,0521_370-20220531\0521_370-20220531-053441-137-0.txt,0521_370-20220531\0521_370-20220531-054007-136-136.txt,053441,054007
0521_370,2022-06-01,111,0.6981132075471698,140,159,0521_370-20220601\0521_370-20220601-053521-162-0.txt,0521_370-20220601\0521_370-20220601-061955-159-159.txt,053521,061955
0521_370,2022-06-02,91,0.6275862068965518,137,145,0521_370-20220602\0521_370-20220602-052214-139-0.txt,0521_370-20220602\0521_370-20220602-061602-145-145.txt,052214,061602
0521_370,2022-06-03,99,0.7226277372262774,135,137,0521_370-20220603\0521_370-20220603-053538-135-0.txt,0521_370-20220603\0521_370-20220603-062743-137-137.txt,053538,062743
0521_370,2022-06-07,43,0.38392857142857145,108,112,0521_370-20220607\0521_370-20220607-061547-109-0.txt,0521_370-20220607\0521_370-20220607-072614-112-112.txt,061547,072614
0521_370,2022-06-08,126,0.8936170212765957,141,141,0521_370-20220608\0521_370-20220608-052640-142-0.txt,0521_370-20220608\0521_370-20220608-054840-141-141.txt,052640,054840
0521_370,2022-06-09,144,0.9290322580645162,146,155,0521_370-20220609\0521_370-20220609-054655-156-0.txt,0521_370-20220609\0521_370-20220609-064105-155-155.txt,054655,064105
0521_370,2022-06-10,105,0.7553956834532374,134,139,0521_370-20220610\0521_370-20220610-054139-137-0.txt,0521_370-20220610\0521_370-20220610-064257-139-139.txt,054139,064257
0521_370,2022-06-13,90,0.6521739130434783,134,138,0521_370-20220613\0521_370-20220613-060550-138-0.txt,0521_370-20220613\0521_370-20220613-061135-138-138.txt,060550,061135
0521_370,2022-06-14,84,0.5562913907284768,141,151,0521_370-20220614\0521_370-20220614-055710-151-0.txt,0521_370-20220614\0521_370-20220614-061655-151-151.txt,055710,061655
0521_370,2022-06-15,32,0.23880597014925373,132,134,0521_370-20220615\0521_370-20220615-053825-132-0.txt,0521_370-20220615\0521_370-20220615-055050-134-134.txt,053825,055050
0521_370,2022-06-17,100,0.8547008547008547,115,117,0521_370-20220617\0521_370-20220617-052454-115-0.txt,0521_370-20220617\0521_370-20220617-054728-117-117.txt,052454,054728
0521_370,2022-06-20,85,0.7657657657657657,111,111,0521_370-20220620\0521_370-20220620-055449-111-0.txt,0521_370-20220620\0521_370-20220620-070452-111-111.txt,055449,070452
0521_370,2022-06-21,70,0.49645390070921985,141,131,0521_370-20220621\0521_370-20220621-060951-145-0.txt,0521_370-20220621\0521_370-20220621-073327-131-131.txt,060951,073327
0521_370,2022-06-22,102,0.9444444444444444,108,102,0521_370-20220622\0521_370-20220622-052605-108-0.txt,0521_370-20220622\0521_370-20220622-065539-102-102.txt,052605,065539
0521_371,2022-05-30,2,0.01818181818181818,110,108,0521_371-20220530\0521_371-20220530-065327-110-0.txt,0521_371-20220530\0521_371-20220530-071903-108-108.txt,065327,071903
0521_371,2022-05-31,170,0.8994708994708994,189,128,0521_371-20220531\0521_371-20220531-065105-189-0.txt,0521_371-20220531\0521_371-20220531-075259-128-128.txt,065105,075259
0521_371,2022-06-01,175,0.8793969849246231,199,129,0521_371-20220601\0521_371-20220601-060124-199-0.txt,0521_371-20220601\0521_371-20220601-071011-129-129.txt,060124,071011
0521_371,2022-06-02,139,0.8475609756097561,164,120,0521_371-20220602\0521_371-20220602-053833-164-0.txt,0521_371-20220602\0521_371-20220602-064809-120-120.txt,053833,064809
0521_371,2022-06-03,98,0.7903225806451613,124,120,0521_371-20220603\0521_371-20220603-055156-124-0.txt,0521_371-20220603\0521_371-20220603-064950-120-120.txt,055156,064950
0521_371,2022-06-07,3,0.024193548387096774,121,124,0521_371-20220607\0521_371-20220607-054629-121-0.txt,0521_371-20220607\0521_371-20220607-062038-124-124.txt,054629,062038
0521_371,2022-06-08,128,0.9411764705882353,136,126,0521_371-20220608\0521_371-20220608-055232-136-0.txt,0521_371-20220608\0521_371-20220608-064638-126-126.txt,055232,064638
0521_371,2022-06-09,121,0.852112676056338,142,129,0521_371-20220609\0521_371-20220609-055149-142-0.txt,0521_371-20220609\0521_371-20220609-065523-129-129.txt,055149,065523
0521_371,2022-06-13,6,0.057692307692307696,104,104,0521_371-20220613\0521_371-20220613-065417-107-0.txt,0521_371-20220613\0521_371-20220613-082122-104-104.txt,065417,082122
0521_371,2022-06-14,146,0.9605263157894737,152,140,0521_371-20220614\0521_371-20220614-054917-152-0.txt,0521_371-20220614\0521_371-20220614-065129-140-140.txt,054917,065129
0521_371,2022-06-15,115,0.7986111111111112,144,131,0521_371-20220615\0521_371-20220615-053942-144-0.txt,0521_371-20220615\0521_371-20220615-063407-131-131.txt,053942,063407
0521_371,2022-06-17,115,0.8846153846153846,130,110,0521_371-20220617\0521_371-20220617-054134-130-0.txt,0521_371-20220617\0521_371-20220617-063430-110-110.txt,054134,063430
0521_371,2022-06-20,98,0.9607843137254902,102,102,0521_371-20220620\0521_371-20220620-062117-102-0.txt,0521_371-20220620\0521_371-20220620-071831-102-102.txt,062117,071831
0521_371,2022-06-21,132,0.7764705882352941,170,79,0521_371-20220621\0521_371-20220621-061957-170-0.txt,0521_371-20220621\0521_371-20220621-080431-79-79.txt,061957,080431
0521_371,2022-06-22,138,0.7840909090909091,176,81,0521_371-20220622\0521_371-20220622-055323-176-0.txt,0521_371-20220622\0521_371-20220622-065043-81-81.txt,055323,065043
0521_372,2022-05-31,17,0.09941520467836257,171,162,0521_372-20220531\0521_372-20220531-054508-171-0.txt,0521_372-20220531\0521_372-20220531-064927-162-162.txt,054508,064927
0521_372,2022-06-01,13,0.06914893617021277,188,181,0521_372-20220601\0521_372-20220601-060111-188-0.txt,0521_372-20220601\0521_372-20220601-071850-181-181.txt,060111,071850
0521_372,2022-06-02,12,0.0759493670886076,158,154,0521_372-20220602\0521_372-20220602-054604-158-0.txt,0521_372-20220602\0521_372-20220602-064224-154-154.txt,054604,064224
0521_372,2022-06-03,5,0.034013605442176874,147,146,0521_372-20220603\0521_372-20220603-055256-147-0.txt,0521_372-20220603\0521_372-20220603-064833-146-146.txt,055256,064833
0521_372,2022-06-04,4,0.06666666666666667,60,60,0521_372-20220604\0521_372-20220604-085959-60-0.txt,0521_372-20220604\0521_372-20220604-093006-60-60.txt,085959,093006
0521_372,2022-06-07,12,0.14814814814814814,81,73,0521_372-20220607\0521_372-20220607-053240-81-0.txt,0521_372-20220607\0521_372-20220607-060338-73-73.txt,053240,060338
0521_372,2022-06-08,14,0.08187134502923976,171,165,0521_372-20220608\0521_372-20220608-054702-171-0.txt,0521_372-20220608\0521_372-20220608-070053-165-165.txt,054702,070053
0521_372,2022-06-09,13,0.07103825136612021,183,178,0521_372-20220609\0521_372-20220609-055201-183-0.txt,0521_372-20220609\0521_372-20220609-071131-178-178.txt,055201,071131
0521_372,2022-06-10,12,0.07547169811320754,159,155,0521_372-20220610\0521_372-20220610-060046-159-0.txt,0521_372-20220610\0521_372-20220610-071703-155-155.txt,060046,071703
0521_372,2022-06-13,9,0.06666666666666667,135,130,0521_372-20220613\0521_372-20220613-063306-135-0.txt,0521_372-20220613\0521_372-20220613-073917-130-130.txt,063306,073917
0521_372,2022-06-14,13,0.07103825136612021,183,176,0521_372-20220614\0521_372-20220614-055501-183-0.txt,0521_372-20220614\0521_372-20220614-074113-176-176.txt,055501,074113
0521_372,2022-06-15,9,0.0743801652892562,121,116,0521_372-20220615\0521_372-20220615-053413-121-0.txt,0521_372-20220615\0521_372-20220615-070949-116-116.txt,053413,070949
0521_372,2022-06-17,5,0.04504504504504504,111,110,0521_372-20220617\0521_372-20220617-053052-111-0.txt,0521_372-20220617\0521_372-20220617-061556-110-110.txt,053052,061556
0521_372,2022-06-20,4,0.041666666666666664,96,94,0521_372-20220620\0521_372-20220620-054413-96-0.txt,0521_372-20220620\0521_372-20220620-062643-94-94.txt,054413,062643
0521_372,2022-06-21,9,0.056962025316455694,158,157,0521_372-20220621\0521_372-20220621-061303-158-0.txt,0521_372-20220621\0521_372-20220621-080556-157-157.txt,061303,080556
0521_372,2022-06-22,6,0.04054054054054054,148,146,0521_372-20220622\0521_372-20220622-054520-148-0.txt,0521_372-20220622\0521_372-20220622-065341-146-146.txt,054520,065341
0521_375,2022-05-31,0,0.0,100,100,0521_375-20220531\0521_375-20220531-090302-100-0.txt,0521_375-20220531\0521_375-20220531-101828-100-100.txt,090302,101828
0521_375,2022-06-01,0,0.0,101,101,0521_375-20220601\0521_375-20220601-084208-101-0.txt,0521_375-20220601\0521_375-20220601-094321-101-101.txt,084208,094321
0521_375,2022-06-02,0,0.0,57,57,0521_375-20220602\0521_375-20220602-091132-57-0.txt,0521_375-20220602\0521_375-20220602-094655-57-57.txt,091132,094655
0521_375,2022-06-07,0,0.0,63,63,0521_375-20220607\0521_375-20220607-084953-63-0.txt,0521_375-20220607\0521_375-20220607-094853-63-63.txt,084953,094853
0521_375,2022-06-08,0,0.0,79,79,0521_375-20220608\0521_375-20220608-073642-79-0.txt,0521_375-20220608\0521_375-20220608-101929-79-79.txt,073642,101929
0521_375,2022-06-09,0,0.0,72,72,0521_375-20220609\0521_375-20220609-074835-72-0.txt,0521_375-20220609\0521_375-20220609-095705-72-72.txt,074835,095705
0521_375,2022-06-15,1,0.011235955056179775,89,88,0521_375-20220615\0521_375-20220615-070808-89-0.txt,0521_375-20220615\0521_375-20220615-102846-88-88.txt,070808,102846
0521_375,2022-06-16,0,0.0,85,85,0521_375-20220616\0521_375-20220616-071613-85-0.txt,0521_375-20220616\0521_375-20220616-100815-85-85.txt,071613,100815
0521_375,2022-06-17,4,0.05405405405405406,74,74,0521_375-20220617\0521_375-20220617-065403-74-0.txt,0521_375-20220617\0521_375-20220617-095632-74-74.txt,065403,095632
0521_375,2022-06-20,1,0.019230769230769232,52,51,0521_375-20220620\0521_375-20220620-072302-52-0.txt,0521_375-20220620\0521_375-20220620-082127-51-51.txt,072302,082127
0521_600,2022-05-31,54,0.34838709677419355,155,153,0521_600-20220531\0521_600-20220531-052835-155-0.txt,0521_600-20220531\0521_600-20220531-063501-153-153.txt,052835,063501
0521_600,2022-06-01,31,0.2052980132450331,151,146,0521_600-20220601\0521_600-20220601-051217-151-0.txt,0521_600-20220601\0521_600-20220601-064701-146-146.txt,051217,064701
0521_600,2022-06-02,33,0.24444444444444444,135,126,0521_600-20220602\0521_600-20220602-051203-135-0.txt,0521_600-20220602\0521_600-20220602-063918-126-126.txt,051203,063918
0521_600,2022-06-03,35,0.2777777777777778,126,126,0521_600-20220603\0521_600-20220603-051059-126-0.txt,0521_600-20220603\0521_600-20220603-065654-126-126.txt,051059,065654
0521_600,2022-06-07,11,0.12087912087912088,86,91,0521_600-20220607\0521_600-20220607-052110-86-0.txt,0521_600-20220607\0521_600-20220607-060953-91-91.txt,052110,060953
0521_600,2022-06-08,29,0.2265625,116,128,0521_600-20220608\0521_600-20220608-050608-116-0.txt,0521_600-20220608\0521_600-20220608-064429-128-128.txt,050608,064429
0521_600,2022-06-09,43,0.2866666666666667,150,147,0521_600-20220609\0521_600-20220609-052213-150-0.txt,0521_600-20220609\0521_600-20220609-070945-147-147.txt,052213,070945
0521_600,2022-06-10,35,0.25925925925925924,135,127,0521_600-20220610\0521_600-20220610-051103-135-0.txt,0521_600-20220610\0521_600-20220610-064149-127-127.txt,051103,064149
0521_600,2022-06-13,28,0.23931623931623933,116,117,0521_600-20220613\0521_600-20220613-051247-116-0.txt,0521_600-20220613\0521_600-20220613-063239-117-117.txt,051247,063239
0521_600,2022-06-14,21,0.15,139,140,0521_600-20220614\0521_600-20220614-052415-139-0.txt,0521_600-20220614\0521_600-20220614-063002-140-140.txt,052415,063002
0521_600,2022-06-15,29,0.2116788321167883,134,137,0521_600-20220615\0521_600-20220615-052401-134-0.txt,0521_600-20220615\0521_600-20220615-062047-137-137.txt,052401,062047
0521_600,2022-06-16,18,0.14634146341463414,123,121,0521_600-20220616\0521_600-20220616-051602-123-0.txt,0521_600-20220616\0521_600-20220616-060002-121-121.txt,051602,060002
0521_600,2022-06-17,23,0.1885245901639344,122,115,0521_600-20220617\0521_600-20220617-051431-122-0.txt,0521_600-20220617\0521_600-20220617-063308-115-115.txt,051431,063308
0521_600,2022-06-20,24,0.2,113,120,0521_600-20220620\0521_600-20220620-051653-113-0.txt,0521_600-20220620\0521_600-20220620-063330-120-120.txt,051653,063330
0521_600,2022-06-21,42,0.267515923566879,157,142,0521_600-20220621\0521_600-20220621-052748-157-0.txt,0521_600-20220621\0521_600-20220621-070256-142-142.txt,052748,070256
0521_600,2022-06-22,43,0.2847682119205298,151,142,0521_600-20220622\0521_600-20220622-054022-151-0.txt,0521_600-20220622\0521_600-20220622-070426-142-142.txt,054022,070426
0521_601,2022-05-31,89,0.6357142857142857,140,140,0521_601-20220531\0521_601-20220531-063009-140-0.txt,0521_601-20220531\0521_601-20220531-074156-140-140.txt,063009,074156
0521_601,2022-06-01,78,0.5571428571428572,140,138,0521_601-20220601\0521_601-20220601-062340-140-0.txt,0521_601-20220601\0521_601-20220601-074848-138-138.txt,062340,074848
0521_601,2022-06-02,72,0.5217391304347826,137,138,0521_601-20220602\0521_601-20220602-062000-137-0.txt,0521_601-20220602\0521_601-20220602-073122-138-138.txt,062000,073122
0521_601,2022-06-03,64,0.5289256198347108,121,121,0521_601-20220603\0521_601-20220603-061225-121-0.txt,0521_601-20220603\0521_601-20220603-072859-121-121.txt,061225,072859
0521_601,2022-06-07,77,0.7,110,110,0521_601-20220607\0521_601-20220607-060104-110-0.txt,0521_601-20220607\0521_601-20220607-070630-110-110.txt,060104,070630
0521_601,2022-06-08,82,0.5815602836879432,141,141,0521_601-20220608\0521_601-20220608-061326-141-0.txt,0521_601-20220608\0521_601-20220608-073336-141-141.txt,061326,073336
0521_601,2022-06-09,76,0.5428571428571428,139,140,0521_601-20220609\0521_601-20220609-061522-139-0.txt,0521_601-20220609\0521_601-20220609-073242-140-140.txt,061522,073242
0521_601,2022-06-10,100,0.7142857142857143,140,138,0521_601-20220610\0521_601-20220610-063845-140-0.txt,0521_601-20220610\0521_601-20220610-080545-138-138.txt,063845,080545
0521_601,2022-06-13,117,0.8357142857142857,140,136,0521_601-20220613\0521_601-20220613-061414-140-0.txt,0521_601-20220613\0521_601-20220613-074802-136-136.txt,061414,074802
0521_601,2022-06-14,91,0.65,140,139,0521_601-20220614\0521_601-20220614-062709-140-0.txt,0521_601-20220614\0521_601-20220614-073533-139-139.txt,062709,073533
0521_601,2022-06-15,103,0.7304964539007093,141,128,0521_601-20220615\0521_601-20220615-062837-141-0.txt,0521_601-20220615\0521_601-20220615-083035-128-128.txt,062837,083035
0521_601,2022-06-17,60,0.47244094488188976,127,126,0521_601-20220617\0521_601-20220617-060233-127-0.txt,0521_601-20220617\0521_601-20220617-071006-126-126.txt,060233,071006
0521_601,2022-06-20,87,0.71900826446281,121,116,0521_601-20220620\0521_601-20220620-055243-121-0.txt,0521_601-20220620\0521_601-20220620-070300-116-116.txt,055243,070300
0521_601,2022-06-21,108,0.782608695652174,138,138,0521_601-20220621\0521_601-20220621-064706-138-0.txt,0521_601-20220621\0521_601-20220621-075441-138-138.txt,064706,075441
0521_601,2022-06-22,96,0.6575342465753424,146,139,0521_601-20220622\0521_601-20220622-055734-146-0.txt,0521_601-20220622\0521_601-20220622-071013-139-139.txt,055734,071013
0521_602,2022-05-31,148,0.8809523809523809,167,168,0521_602-20220531\0521_602-20220531-053806-167-0.txt,0521_602-20220531\0521_602-20220531-073251-168-168.txt,053806,073251
0521_602,2022-06-01,12,0.08163265306122448,138,147,0521_602-20220601\0521_602-20220601-050645-138-0.txt,0521_602-20220601\0521_602-20220601-063646-147-147.txt,050645,063646
0521_602,2022-06-02,10,0.08771929824561403,106,114,0521_602-20220602\0521_602-20220602-050602-106-0.txt,0521_602-20220602\0521_602-20220602-061434-114-114.txt,050602,061434
0521_602,2022-06-03,12,0.10909090909090909,100,110,0521_602-20220603\0521_602-20220603-050349-100-0.txt,0521_602-20220603\0521_602-20220603-060552-110-110.txt,050349,060552
0521_602,2022-06-07,10,0.10309278350515463,92,97,0521_602-20220607\0521_602-20220607-050611-92-0.txt,0521_602-20220607\0521_602-20220607-060058-97-97.txt,050611,060058
0521_602,2022-06-08,14,0.09210526315789473,144,152,0521_602-20220608\0521_602-20220608-050605-144-0.txt,0521_602-20220608\0521_602-20220608-063629-152-152.txt,050605,063629
0521_602,2022-06-09,24,0.16551724137931034,137,145,0521_602-20220609\0521_602-20220609-050521-137-0.txt,0521_602-20220609\0521_602-20220609-065013-145-145.txt,050521,065013
0521_602,2022-06-10,107,0.7985074626865671,125,134,0521_602-20220610\0521_602-20220610-050229-125-0.txt,0521_602-20220610\0521_602-20220610-063539-134-134.txt,050229,063539
0521_602,2022-06-13,11,0.11224489795918367,92,98,0521_602-20220613\0521_602-20220613-050347-92-0.txt,0521_602-20220613\0521_602-20220613-055725-98-98.txt,050347,055725
0521_602,2022-06-14,17,0.14049586776859505,119,121,0521_602-20220614\0521_602-20220614-050424-119-0.txt,0521_602-20220614\0521_602-20220614-062123-121-121.txt,050424,062123
0521_602,2022-06-15,7,0.051094890510948905,134,137,0521_602-20220615\0521_602-20220615-050415-134-0.txt,0521_602-20220615\0521_602-20220615-060708-137-137.txt,050415,060708
0521_602,2022-06-16,103,0.9035087719298246,113,114,0521_602-20220616\0521_602-20220616-050150-113-0.txt,0521_602-20220616\0521_602-20220616-061135-114-114.txt,050150,061135
0521_602,2022-06-17,10,0.10752688172043011,87,93,0521_602-20220617\0521_602-20220617-050517-87-0.txt,0521_602-20220617\0521_602-20220617-054654-93-93.txt,050517,054654
0521_602,2022-06-20,9,0.10112359550561797,89,87,0521_602-20220620\0521_602-20220620-050402-89-0.txt,0521_602-20220620\0521_602-20220620-055922-87-87.txt,050402,055922
0521_602,2022-06-21,5,0.036231884057971016,138,135,0521_602-20220621\0521_602-20220621-050330-138-0.txt,0521_602-20220621\0521_602-20220621-061454-135-135.txt,050330,061454
0521_602,2022-06-22,19,0.1623931623931624,106,117,0521_602-20220622\0521_602-20220622-050729-106-0.txt,0521_602-20220622\0521_602-20220622-061545-117-117.txt,050729,061545
0521_603,2022-05-31,24,0.1411764705882353,170,161,0521_603-20220531\0521_603-20220531-055024-170-0.txt,0521_603-20220531\0521_603-20220531-082422-161-161.txt,055024,082422
0521_603,2022-06-01,0,0.0,152,152,0521_603-20220601\0521_603-20220601-052528-152-0.txt,0521_603-20220601\0521_603-20220601-061415-152-152.txt,052528,061415
0521_603,2022-06-02,122,0.8714285714285714,140,140,0521_603-20220602\0521_603-20220602-053041-140-0.txt,0521_603-20220602\0521_603-20220602-052915-140-140.txt,053041,052915
0521_603,2022-06-03,10,0.08130081300813008,122,123,0521_603-20220603\0521_603-20220603-052452-122-0.txt,0521_603-20220603\0521_603-20220603-065608-123-123.txt,052452,065608
0521_603,2022-06-07,17,0.14655172413793102,116,116,0521_603-20220607\0521_603-20220607-052813-116-0.txt,0521_603-20220607\0521_603-20220607-071245-116-116.txt,052813,071245
0521_603,2022-06-08,55,0.40441176470588236,136,132,0521_603-20220608\0521_603-20220608-052457-136-0.txt,0521_603-20220608\0521_603-20220608-065636-132-132.txt,052457,065636
0521_603,2022-06-09,15,0.10714285714285714,140,137,0521_603-20220609\0521_603-20220609-052523-140-0.txt,0521_603-20220609\0521_603-20220609-074322-137-137.txt,052523,074322
0521_603,2022-06-13,27,0.20300751879699247,122,133,0521_603-20220613\0521_603-20220613-052121-122-0.txt,0521_603-20220613\0521_603-20220613-074044-133-133.txt,052121,074044
0521_603,2022-06-14,12,0.08888888888888889,135,133,0521_603-20220614\0521_603-20220614-052941-135-0.txt,0521_603-20220614\0521_603-20220614-065107-133-133.txt,052941,065107
0521_603,2022-06-15,3,0.022727272727272728,132,129,0521_603-20220615\0521_603-20220615-052022-132-0.txt,0521_603-20220615\0521_603-20220615-052623-129-129.txt,052022,052623
0521_603,2022-06-16,137,0.9448275862068966,145,120,0521_603-20220616\0521_603-20220616-051913-145-0.txt,0521_603-20220616\0521_603-20220616-063326-120-120.txt,051913,063326
0521_603,2022-06-20,10,0.08333333333333333,110,120,0521_603-20220620\0521_603-20220620-051510-110-0.txt,0521_603-20220620\0521_603-20220620-070016-120-120.txt,051510,070016
0521_603,2022-06-22,11,0.08088235294117647,132,136,0521_603-20220622\0521_603-20220622-052512-132-0.txt,0521_603-20220622\0521_603-20220622-073143-136-136.txt,052512,073143
0521_604,2022-05-31,145,0.9931506849315068,146,146,0521_604-20220531\0521_604-20220531-063004-146-0.txt,0521_604-20220531\0521_604-20220531-071536-146-146.txt,063004,071536
0521_604,2022-06-01,121,0.8066666666666666,147,150,0521_604-20220601\0521_604-20220601-052743-147-0.txt,0521_604-20220601\0521_604-20220601-072552-150-150.txt,052743,072552
0521_604,2022-06-02,127,0.8943661971830986,139,142,0521_604-20220602\0521_604-20220602-052054-139-0.txt,0521_604-20220602\0521_604-20220602-063255-142-142.txt,052054,063255
0521_604,2022-06-03,80,0.6611570247933884,121,119,0521_604-20220603\0521_604-20220603-051556-121-0.txt,0521_604-20220603\0521_604-20220603-061710-119-119.txt,051556,061710
0521_604,2022-06-04,4,0.0851063829787234,43,47,0521_604-20220604\0521_604-20220604-061425-43-0.txt,0521_604-20220604\0521_604-20220604-064102-47-47.txt,061425,064102
0521_604,2022-06-07,66,0.6875,93,96,0521_604-20220607\0521_604-20220607-051851-93-0.txt,0521_604-20220607\0521_604-20220607-070135-96-96.txt,051851,070135
0521_604,2022-06-08,112,0.8296296296296296,135,122,0521_604-20220608\0521_604-20220608-051214-135-0.txt,0521_604-20220608\0521_604-20220608-070201-122-122.txt,051214,070201
0521_604,2022-06-09,145,0.9477124183006536,149,153,0521_604-20220609\0521_604-20220609-052403-149-0.txt,0521_604-20220609\0521_604-20220609-074517-153-153.txt,052403,074517
0521_604,2022-06-10,90,0.72,114,125,0521_604-20220610\0521_604-20220610-052115-114-0.txt,0521_604-20220610\0521_604-20220610-072049-125-125.txt,052115,072049
0521_604,2022-06-11,0,0.0,47,47,0521_604-20220611\0521_604-20220611-055441-47-0.txt,0521_604-20220611\0521_604-20220611-060817-47-47.txt,055441,060817
0521_604,2022-06-13,110,0.9565217391304348,100,115,0521_604-20220613\0521_604-20220613-051652-100-0.txt,0521_604-20220613\0521_604-20220613-071114-115-115.txt,051652,071114
0521_604,2022-06-14,94,0.7121212121212122,122,132,0521_604-20220614\0521_604-20220614-052236-122-0.txt,0521_604-20220614\0521_604-20220614-063503-132-132.txt,052236,063503
0521_604,2022-06-15,105,0.9210526315789473,113,114,0521_604-20220615\0521_604-20220615-051942-113-0.txt,0521_604-20220615\0521_604-20220615-065159-114-114.txt,051942,065159
0521_604,2022-06-16,92,0.7796610169491526,118,116,0521_604-20220616\0521_604-20220616-052423-118-0.txt,0521_604-20220616\0521_604-20220616-070530-116-116.txt,052423,070530
0521_604,2022-06-17,102,0.816,121,125,0521_604-20220617\0521_604-20220617-052024-121-0.txt,0521_604-20220617\0521_604-20220617-070850-125-125.txt,052024,070850
0521_604,2022-06-20,75,0.7731958762886598,94,97,0521_604-20220620\0521_604-20220620-051201-94-0.txt,0521_604-20220620\0521_604-20220620-062531-97-97.txt,051201,062531
0521_604,2022-06-21,94,0.7966101694915254,115,118,0521_604-20220621\0521_604-20220621-052008-115-0.txt,0521_604-20220621\0521_604-20220621-064442-118-118.txt,052008,064442
0521_604,2022-06-22,116,0.8992248062015504,129,129,0521_604-20220622\0521_604-20220622-051920-129-0.txt,0521_604-20220622\0521_604-20220622-070113-129-129.txt,051920,070113
0521_605,2022-05-31,0,0.0,200,200,0521_605-20220531\0521_605-20220531-090105-200-0.txt,0521_605-20220531\0521_605-20220531-100549-200-200.txt,090105,100549
0521_605,2022-06-01,5,0.028409090909090908,176,175,0521_605-20220601\0521_605-20220601-085222-176-0.txt,0521_605-20220601\0521_605-20220601-095644-175-175.txt,085222,095644
0521_605,2022-06-02,0,0.0,134,134,0521_605-20220602\0521_605-20220602-084544-134-0.txt,0521_605-20220602\0521_605-20220602-092645-134-134.txt,084544,092645
0521_605,2022-06-03,7,0.05555555555555555,126,126,0521_605-20220603\0521_605-20220603-084005-126-0.txt,0521_605-20220603\0521_605-20220603-091723-126-126.txt,084005,091723
0521_605,2022-06-07,0,0.0,113,113,0521_605-20220607\0521_605-20220607-082020-113-0.txt,0521_605-20220607\0521_605-20220607-084508-113-113.txt,082020,084508
0521_605,2022-06-08,1,0.006211180124223602,161,160,0521_605-20220608\0521_605-20220608-090703-161-0.txt,0521_605-20220608\0521_605-20220608-095418-160-160.txt,090703,095418
0521_605,2022-06-09,0,0.0,156,156,0521_605-20220609\0521_605-20220609-085728-156-0.txt,0521_605-20220609\0521_605-20220609-094959-156-156.txt,085728,094959
0521_605,2022-06-10,2,0.014705882352941176,136,136,0521_605-20220610\0521_605-20220610-083541-136-0.txt,0521_605-20220610\0521_605-20220610-091308-136-136.txt,083541,091308
0521_605,2022-06-13,1,0.008,125,124,0521_605-20220613\0521_605-20220613-083536-125-0.txt,0521_605-20220613\0521_605-20220613-090456-124-124.txt,083536,090456
0521_605,2022-06-14,2,0.015873015873015872,126,126,0521_605-20220614\0521_605-20220614-083715-126-0.txt,0521_605-20220614\0521_605-20220614-083832-126-126.txt,083715,083832
0521_605,2022-06-15,2,0.014705882352941176,136,136,0521_605-20220615\0521_605-20220615-084543-136-0.txt,0521_605-20220615\0521_605-20220615-092715-136-136.txt,084543,092715
0521_605,2022-06-16,91,0.6842105263157895,133,126,0521_605-20220616\0521_605-20220616-082242-133-0.txt,0521_605-20220616\0521_605-20220616-083537-126-126.txt,082242,083537
0521_605,2022-06-17,2,0.017857142857142856,112,112,0521_605-20220617\0521_605-20220617-082120-112-0.txt,0521_605-20220617\0521_605-20220617-084657-112-112.txt,082120,084657
0521_605,2022-06-20,2,0.019417475728155338,103,103,0521_605-20220620\0521_605-20220620-081918-103-0.txt,0521_605-20220620\0521_605-20220620-084159-103-103.txt,081918,084159
0521_605,2022-06-21,1,0.007633587786259542,131,130,0521_605-20220621\0521_605-20220621-090215-131-0.txt,0521_605-20220621\0521_605-20220621-093255-130-130.txt,090215,093255
0521_605,2022-06-22,2,0.015873015873015872,126,126,0521_605-20220622\0521_605-20220622-084101-126-0.txt,0521_605-20220622\0521_605-20220622-090612-126-126.txt,084101,090612
0521_606,2022-05-31,80,0.4819277108433735,166,165,0521_606-20220531\0521_606-20220531-091940-166-0.txt,0521_606-20220531\0521_606-20220531-095638-165-165.txt,091940,095638
0521_606,2022-06-01,46,0.33093525179856115,139,133,0521_606-20220601\0521_606-20220601-090257-139-0.txt,0521_606-20220601\0521_606-20220601-092629-133-133.txt,090257,092629
0521_606,2022-06-02,49,0.4666666666666667,105,105,0521_606-20220602\0521_606-20220602-084435-105-0.txt,0521_606-20220602\0521_606-20220602-084620-105-105.txt,084435,084620
0521_606,2022-06-03,95,0.9313725490196079,100,102,0521_606-20220603\0521_606-20220603-084023-100-0.txt,0521_606-20220603\0521_606-20220603-085530-102-102.txt,084023,085530
0521_606,2022-06-07,84,0.9438202247191011,89,82,0521_606-20220607\0521_606-20220607-082111-89-0.txt,0521_606-20220607\0521_606-20220607-083559-82-82.txt,082111,083559
0521_606,2022-06-08,101,0.7372262773722628,136,137,0521_606-20220608\0521_606-20220608-090807-136-0.txt,0521_606-20220608\0521_606-20220608-092827-137-137.txt,090807,092827
0521_606,2022-06-09,57,0.375,152,145,0521_606-20220609\0521_606-20220609-085902-152-0.txt,0521_606-20220609\0521_606-20220609-090336-145-145.txt,085902,090336
0521_606,2022-06-11,0,0.0,85,85,0521_606-20220611\0521_606-20220611-055645-85-0.txt,0521_606-20220611\0521_606-20220611-065404-85-85.txt,055645,065404
0521_606,2022-06-13,84,0.8842105263157894,95,87,0521_606-20220613\0521_606-20220613-082757-95-0.txt,0521_606-20220613\0521_606-20220613-083625-87-87.txt,082757,083625
0521_606,2022-06-14,46,0.32167832167832167,143,135,0521_606-20220614\0521_606-20220614-085316-143-0.txt,0521_606-20220614\0521_606-20220614-091844-135-135.txt,085316,091844
0521_606,2022-06-15,71,0.4057142857142857,175,139,0521_606-20220615\0521_606-20220615-084656-175-0.txt,0521_606-20220615\0521_606-20220615-091333-139-139.txt,084656,091333
0521_606,2022-06-17,12,0.12631578947368421,95,95,0521_606-20220617\0521_606-20220617-082508-95-0.txt,0521_606-20220617\0521_606-20220617-082910-95-95.txt,082508,082910
0521_606,2022-06-20,33,0.375,88,84,0521_606-20220620\0521_606-20220620-081944-88-0.txt,0521_606-20220620\0521_606-20220620-083709-84-84.txt,081944,083709
0521_606,2022-06-21,82,0.656,125,125,0521_606-20220621\0521_606-20220621-085749-125-0.txt,0521_606-20220621\0521_606-20220621-091939-125-125.txt,085749,091939
0521_606,2022-06-22,100,0.7751937984496124,129,127,0521_606-20220622\0521_606-20220622-084731-129-0.txt,0521_606-20220622\0521_606-20220622-085910-127-127.txt,084731,085910
0521_607,2022-05-31,6,0.03409090909090909,176,170,0521_607-20220531\0521_607-20220531-053110-178-0.txt,0521_607-20220531\0521_607-20220531-071318-170-170.txt,053110,071318
0521_607,2022-06-01,16,0.10666666666666667,140,150,0521_607-20220601\0521_607-20220601-052405-149-0.txt,0521_607-20220601\0521_607-20220601-065757-150-150.txt,052405,065757
0521_607,2022-06-02,21,0.12962962962962962,158,162,0521_607-20220602\0521_607-20220602-052839-163-0.txt,0521_607-20220602\0521_607-20220602-072648-162-162.txt,052839,072648
0521_607,2022-06-03,18,0.13043478260869565,138,136,0521_607-20220603\0521_607-20220603-052120-141-0.txt,0521_607-20220603\0521_607-20220603-065227-136-136.txt,052120,065227
0521_607,2022-06-07,27,0.1956521739130435,126,138,0521_607-20220607\0521_607-20220607-052308-133-0.txt,0521_607-20220607\0521_607-20220607-063500-138-138.txt,052308,063500
0521_607,2022-06-08,33,0.2,149,165,0521_607-20220608\0521_607-20220608-051953-156-0.txt,0521_607-20220608\0521_607-20220608-070557-165-165.txt,051953,070557
0521_607,2022-06-09,31,0.1834319526627219,152,169,0521_607-20220609\0521_607-20220609-052326-161-0.txt,0521_607-20220609\0521_607-20220609-071816-169-169.txt,052326,071816
0521_607,2022-06-13,29,0.25217391304347825,109,115,0521_607-20220613\0521_607-20220613-053015-115-0.txt,0521_607-20220613\0521_607-20220613-064116-115-115.txt,053015,064116
0521_607,2022-06-14,6,0.0392156862745098,152,153,0521_607-20220614\0521_607-20220614-052701-152-0.txt,0521_607-20220614\0521_607-20220614-070019-153-153.txt,052701,070019
0521_607,2022-06-15,18,0.11538461538461539,149,156,0521_607-20220615\0521_607-20220615-052333-149-0.txt,0521_607-20220615\0521_607-20220615-070306-156-156.txt,052333,070306
0521_607,2022-06-16,10,0.06666666666666667,146,150,0521_607-20220616\0521_607-20220616-051540-146-0.txt,0521_607-20220616\0521_607-20220616-064010-150-150.txt,051540,064010
0521_607,2022-06-17,13,0.09923664122137404,131,127,0521_607-20220617\0521_607-20220617-052610-131-0.txt,0521_607-20220617\0521_607-20220617-064718-127-127.txt,052610,064718
0521_607,2022-06-18,0,0.0,90,90,0521_607-20220618\0521_607-20220618-061103-90-0.txt,0521_607-20220618\0521_607-20220618-063134-90-90.txt,061103,063134
0521_607,2022-06-20,11,0.1111111111111111,94,99,0521_607-20220620\0521_607-20220620-053109-94-0.txt,0521_607-20220620\0521_607-20220620-063411-99-99.txt,053109,063411
0521_607,2022-06-21,16,0.10666666666666667,144,150,0521_607-20220621\0521_607-20220621-052257-144-0.txt,0521_607-20220621\0521_607-20220621-065030-150-150.txt,052257,065030
0521_607,2022-06-22,7,0.04516129032258064,152,155,0521_607-20220622\0521_607-20220622-052038-152-0.txt,0521_607-20220622\0521_607-20220622-064212-155-155.txt,052038,064212
0521_608,2022-05-31,10,0.057803468208092484,171,173,0521_608-20220531\0521_608-20220531-051624-171-0.txt,0521_608-20220531\0521_608-20220531-081830-173-173.txt,051624,081830
0521_608,2022-06-01,13,0.07602339181286549,171,169,0521_608-20220601\0521_608-20220601-051733-171-0.txt,0521_608-20220601\0521_608-20220601-065126-169-169.txt,051733,065126
0521_608,2022-06-02,13,0.07065217391304347,184,183,0521_608-20220602\0521_608-20220602-052708-184-0.txt,0521_608-20220602\0521_608-20220602-071359-183-183.txt,052708,071359
0521_608,2022-06-03,7,0.04487179487179487,156,154,0521_608-20220603\0521_608-20220603-051529-156-0.txt,0521_608-20220603\0521_608-20220603-065329-154-154.txt,051529,065329
0521_608,2022-06-07,5,0.043478260869565216,112,115,0521_608-20220607\0521_608-20220607-051724-112-0.txt,0521_608-20220607\0521_608-20220607-063138-115-115.txt,051724,063138
0521_608,2022-06-08,24,0.1340782122905028,174,179,0521_608-20220608\0521_608-20220608-050847-174-0.txt,0521_608-20220608\0521_608-20220608-065159-179-179.txt,050847,065159
0521_608,2022-06-09,23,0.14465408805031446,142,159,0521_608-20220609\0521_608-20220609-051322-142-0.txt,0521_608-20220609\0521_608-20220609-070748-159-159.txt,051322,070748
0521_608,2022-06-10,15,0.10204081632653061,143,147,0521_608-20220610\0521_608-20220610-051115-143-0.txt,0521_608-20220610\0521_608-20220610-064742-147-147.txt,051115,064742
0521_608,2022-06-13,24,0.20869565217391303,100,115,0521_608-20220613\0521_608-20220613-050329-100-0.txt,0521_608-20220613\0521_608-20220613-063905-115-115.txt,050329,063905
0521_608,2022-06-14,19,0.10106382978723404,188,184,0521_608-20220614\0521_608-20220614-050739-188-0.txt,0521_608-20220614\0521_608-20220614-074436-184-184.txt,050739,074436
0521_608,2022-06-15,17,0.125,134,136,0521_608-20220615\0521_608-20220615-052223-134-0.txt,0521_608-20220615\0521_608-20220615-070016-136-136.txt,052223,070016
0521_608,2022-06-16,13,0.0896551724137931,143,145,0521_608-20220616\0521_608-20220616-051914-143-0.txt,0521_608-20220616\0521_608-20220616-063651-145-145.txt,051914,063651
0521_608,2022-06-17,10,0.08,121,125,0521_608-20220617\0521_608-20220617-051759-121-0.txt,0521_608-20220617\0521_608-20220617-064805-125-125.txt,051759,064805
0521_608,2022-06-20,6,0.061855670103092786,96,97,0521_608-20220620\0521_608-20220620-052604-96-0.txt,0521_608-20220620\0521_608-20220620-074758-97-97.txt,052604,074758
0521_608,2022-06-21,7,0.04697986577181208,146,149,0521_608-20220621\0521_608-20220621-052038-146-0.txt,0521_608-20220621\0521_608-20220621-073327-149-149.txt,052038,073327
0521_608,2022-06-22,17,0.12781954887218044,127,133,0521_608-20220622\0521_608-20220622-052110-127-0.txt,0521_608-20220622\0521_608-20220622-062448-133-133.txt,052110,062448
0521_609,2022-05-31,4,0.026490066225165563,151,151,0521_609-20220531\0521_609-20220531-055721-151-0.txt,0521_609-20220531\0521_609-20220531-065941-151-151.txt,055721,065941
0521_609,2022-06-01,5,0.03968253968253968,125,126,0521_609-20220601\0521_609-20220601-054859-125-0.txt,0521_609-20220601\0521_609-20220601-063328-126-126.txt,054859,063328
0521_609,2022-06-02,7,0.04929577464788732,139,142,0521_609-20220602\0521_609-20220602-054845-139-0.txt,0521_609-20220602\0521_609-20220602-065718-142-142.txt,054845,065718
0521_609,2022-06-03,3,0.024,125,122,0521_609-20220603\0521_609-20220603-055621-125-0.txt,0521_609-20220603\0521_609-20220603-063630-122-122.txt,055621,063630
0521_609,2022-06-04,4,0.0625,64,60,0521_609-20220604\0521_609-20220604-061432-64-0.txt,0521_609-20220604\0521_609-20220604-063915-60-60.txt,061432,063915
0521_609,2022-06-07,4,0.03636363636363636,110,110,0521_609-20220607\0521_609-20220607-061138-110-0.txt,0521_609-20220607\0521_609-20220607-064642-110-110.txt,061138,064642
0521_609,2022-06-08,13,0.09848484848484848,125,132,0521_609-20220608\0521_609-20220608-054646-125-0.txt,0521_609-20220608\0521_609-20220608-063152-132-132.txt,054646,063152
0521_609,2022-06-09,7,0.05343511450381679,128,131,0521_609-20220609\0521_609-20220609-055150-128-0.txt,0521_609-20220609\0521_609-20220609-064331-131-131.txt,055150,064331
0521_609,2022-06-10,1,0.007194244604316547,139,138,0521_609-20220610\0521_609-20220610-060656-139-0.txt,0521_609-20220610\0521_609-20220610-064806-138-138.txt,060656,064806
0521_609,2022-06-13,4,0.03225806451612903,122,124,0521_609-20220613\0521_609-20220613-054320-122-0.txt,0521_609-20220613\0521_609-20220613-062555-124-124.txt,054320,062555
0521_609,2022-06-14,14,0.10294117647058823,136,133,0521_609-20220614\0521_609-20220614-054839-136-0.txt,0521_609-20220614\0521_609-20220614-064330-133-133.txt,054839,064330
0521_609,2022-06-15,18,0.14634146341463414,123,119,0521_609-20220615\0521_609-20220615-060035-123-0.txt,0521_609-20220615\0521_609-20220615-064838-119-119.txt,060035,064838
0521_609,2022-06-16,5,0.043478260869565216,115,113,0521_609-20220616\0521_609-20220616-055934-115-0.txt,0521_609-20220616\0521_609-20220616-063854-113-113.txt,055934,063854
0521_609,2022-06-17,5,0.04807692307692308,103,104,0521_609-20220617\0521_609-20220617-055217-103-0.txt,0521_609-20220617\0521_609-20220617-064212-104-104.txt,055217,064212
0521_609,2022-06-20,10,0.10526315789473684,95,90,0521_609-20220620\0521_609-20220620-053148-95-0.txt,0521_609-20220620\0521_609-20220620-061330-90-90.txt,053148,061330
0521_609,2022-06-21,12,0.09523809523809523,126,126,0521_609-20220621\0521_609-20220621-054011-126-0.txt,0521_609-20220621\0521_609-20220621-063433-126-126.txt,054011,063433
0521_609,2022-06-22,11,0.0859375,126,128,0521_609-20220622\0521_609-20220622-054837-126-0.txt,0521_609-20220622\0521_609-20220622-063940-128-128.txt,054837,063940
0521_610,2022-05-31,27,0.16363636363636364,165,160,0521_610-20220531\0521_610-20220531-060645-165-0.txt,0521_610-20220531\0521_610-20220531-072851-160-160.txt,060645,072851
0521_610,2022-06-01,24,0.1643835616438356,146,141,0521_610-20220601\0521_610-20220601-055252-148-0.txt,0521_610-20220601\0521_610-20220601-060725-141-141.txt,055252,060725
0521_610,2022-06-02,26,0.16560509554140126,157,153,0521_610-20220602\0521_610-20220602-063027-159-0.txt,0521_610-20220602\0521_610-20220602-074856-153-153.txt,063027,074856
0521_610,2022-06-03,26,0.26262626262626265,99,95,0521_610-20220603\0521_610-20220603-060954-106-0.txt,0521_610-20220603\0521_610-20220603-070625-95-95.txt,060954,070625
0521_610,2022-06-04,18,0.12,150,150,0521_610-20220604\0521_610-20220604-064037-150-0.txt,0521_610-20220604\0521_610-20220604-074802-150-150.txt,064037,074802
0521_610,2022-06-08,42,0.2937062937062937,143,137,0521_610-20220608\0521_610-20220608-061300-143-0.txt,0521_610-20220608\0521_610-20220608-073339-137-137.txt,061300,073339
0521_610,2022-06-09,22,0.17054263565891473,129,121,0521_610-20220609\0521_610-20220609-054304-135-0.txt,0521_610-20220609\0521_610-20220609-071510-121-121.txt,054304,071510
0521_610,2022-06-10,44,0.2838709677419355,155,151,0521_610-20220610\0521_610-20220610-062029-155-0.txt,0521_610-20220610\0521_610-20220610-080049-151-151.txt,062029,080049
0521_610,2022-06-11,0,0.0,78,78,0521_610-20220611\0521_610-20220611-060154-78-0.txt,0521_610-20220611\0521_610-20220611-064651-78-78.txt,060154,064651
0521_610,2022-06-13,51,0.4722222222222222,108,101,0521_610-20220613\0521_610-20220613-060722-108-0.txt,0521_610-20220613\0521_610-20220613-071313-101-101.txt,060722,071313
0521_610,2022-06-14,29,0.1695906432748538,171,166,0521_610-20220614\0521_610-20220614-061236-171-0.txt,0521_610-20220614\0521_610-20220614-074250-166-166.txt,061236,074250
0521_610,2022-06-15,28,0.208955223880597,134,128,0521_610-20220615\0521_610-20220615-060324-142-0.txt,0521_610-20220615\0521_610-20220615-071312-128-128.txt,060324,071312
0521_610,2022-06-17,28,0.25688073394495414,109,104,0521_610-20220617\0521_610-20220617-061608-109-0.txt,0521_610-20220617\0521_610-20220617-063049-104-104.txt,061608,063049
0521_610,2022-06-20,6,0.06666666666666667,90,84,0521_610-20220620\0521_610-20220620-053916-90-0.txt,0521_610-20220620\0521_610-20220620-062737-84-84.txt,053916,062737
0521_610,2022-06-21,11,0.09016393442622951,122,117,0521_610-20220621\0521_610-20220621-061001-122-0.txt,0521_610-20220621\0521_610-20220621-071412-117-117.txt,061001,071412
0521_610,2022-06-22,52,0.3851851851851852,135,126,0521_610-20220622\0521_610-20220622-061215-135-0.txt,0521_610-20220622\0521_610-20220622-072106-126-126.txt,061215,072106
0521_611,2022-05-30,7,0.08235294117647059,85,80,0521_611-20220530\0521_611-20220530-063836-85-0.txt,0521_611-20220530\0521_611-20220530-075449-80-80.txt,063836,075449
0521_611,2022-05-31,6,0.06818181818181818,88,88,0521_611-20220531\0521_611-20220531-061521-88-0.txt,0521_611-20220531\0521_611-20220531-073006-88-88.txt,061521,073006
0521_611,2022-06-01,0,0.0,91,91,0521_611-20220601\0521_611-20220601-070540-91-0.txt,0521_611-20220601\0521_611-20220601-080851-91-91.txt,070540,080851
0521_611,2022-06-02,30,0.30927835051546393,97,97,0521_611-20220602\0521_611-20220602-080351-97-0.txt,0521_611-20220602\0521_611-20220602-091323-97-97.txt,080351,091323
0521_611,2022-06-03,3,0.03571428571428571,84,81,0521_611-20220603\0521_611-20220603-063452-84-0.txt,0521_611-20220603\0521_611-20220603-064518-81-81.txt,063452,064518
0521_611,2022-06-07,2,0.02702702702702703,74,74,0521_611-20220607\0521_611-20220607-065347-74-0.txt,0521_611-20220607\0521_611-20220607-080558-74-74.txt,065347,080558
0521_611,2022-06-08,0,0.0,78,78,0521_611-20220608\0521_611-20220608-072833-78-0.txt,0521_611-20220608\0521_611-20220608-081453-78-78.txt,072833,081453
0521_611,2022-06-09,0,0.0,101,101,0521_611-20220609\0521_611-20220609-070241-101-0.txt,0521_611-20220609\0521_611-20220609-082831-101-101.txt,070241,082831
0521_611,2022-06-10,2,0.02040816326530612,98,98,0521_611-20220610\0521_611-20220610-073036-98-0.txt,0521_611-20220610\0521_611-20220610-074012-98-98.txt,073036,074012
0521_611,2022-06-13,1,0.012345679012345678,81,80,0521_611-20220613\0521_611-20220613-070306-81-0.txt,0521_611-20220613\0521_611-20220613-084427-80-80.txt,070306,084427
0521_611,2022-06-14,0,0.0,100,100,0521_611-20220614\0521_611-20220614-063908-100-0.txt,0521_611-20220614\0521_611-20220614-081307-100-100.txt,063908,081307
0521_611,2022-06-15,0,0.0,79,79,0521_611-20220615\0521_611-20220615-073401-79-0.txt,0521_611-20220615\0521_611-20220615-085910-79-79.txt,073401,085910
0521_611,2022-06-16,37,0.38144329896907214,97,96,0521_611-20220616\0521_611-20220616-075317-97-0.txt,0521_611-20220616\0521_611-20220616-080257-96-96.txt,075317,080257
0521_611,2022-06-17,0,0.0,66,66,0521_611-20220617\0521_611-20220617-064055-66-0.txt,0521_611-20220617\0521_611-20220617-073844-66-66.txt,064055,073844
0521_611,2022-06-20,0,0.0,78,78,0521_611-20220620\0521_611-20220620-065718-78-0.txt,0521_611-20220620\0521_611-20220620-075550-78-78.txt,065718,075550
0521_611,2022-06-21,2,0.022727272727272728,88,86,0521_611-20220621\0521_611-20220621-070723-88-0.txt,0521_611-20220621\0521_611-20220621-083559-86-86.txt,070723,083559
0521_611,2022-06-22,1,0.012195121951219513,82,81,0521_611-20220622\0521_611-20220622-065025-82-0.txt,0521_611-20220622\0521_611-20220622-080220-81-81.txt,065025,080220
0521_612,2022-05-31,7,0.04697986577181208,149,149,0521_612-20220531\0521_612-20220531-055721-149-0.txt,0521_612-20220531\0521_612-20220531-073213-149-149.txt,055721,073213
0521_612,2022-06-01,0,0.0,138,138,0521_612-20220601\0521_612-20220601-055045-138-0.txt,0521_612-20220601\0521_612-20220601-055533-138-138.txt,055045,055533
0521_612,2022-06-02,18,0.11538461538461539,155,156,0521_612-20220602\0521_612-20220602-060314-157-0.txt,0521_612-20220602\0521_612-20220602-065516-156-156.txt,060314,065516
0521_612,2022-06-03,18,0.140625,128,126,0521_612-20220603\0521_612-20220603-055636-128-0.txt,0521_612-20220603\0521_612-20220603-063807-126-126.txt,055636,063807
0521_612,2022-06-04,6,0.10714285714285714,52,56,0521_612-20220604\0521_612-20220604-052950-52-0.txt,0521_612-20220604\0521_612-20220604-060635-56-56.txt,052950,060635
0521_612,2022-06-07,12,0.09375,128,128,0521_612-20220607\0521_612-20220607-060114-128-0.txt,0521_612-20220607\0521_612-20220607-064307-128-128.txt,060114,064307
0521_612,2022-06-08,1,0.007246376811594203,138,137,0521_612-20220608\0521_612-20220608-055805-138-0.txt,0521_612-20220608\0521_612-20220608-063045-137-137.txt,055805,063045
0521_612,2022-06-09,13,0.09923664122137404,131,129,0521_612-20220609\0521_612-20220609-055143-131-0.txt,0521_612-20220609\0521_612-20220609-063013-129-129.txt,055143,063013
0521_612,2022-06-10,5,0.034482758620689655,142,145,0521_612-20220610\0521_612-20220610-055841-142-0.txt,0521_612-20220610\0521_612-20220610-065220-145-145.txt,055841,065220
0521_612,2022-06-13,11,0.09482758620689655,116,112,0521_612-20220613\0521_612-20220613-054121-116-0.txt,0521_612-20220613\0521_612-20220613-061945-112-112.txt,054121,061945
0521_612,2022-06-14,3,0.022727272727272728,131,132,0521_612-20220614\0521_612-20220614-054950-131-0.txt,0521_612-20220614\0521_612-20220614-063944-132-132.txt,054950,063944
0521_612,2022-06-15,17,0.12056737588652482,141,136,0521_612-20220615\0521_612-20220615-055225-141-0.txt,0521_612-20220615\0521_612-20220615-063530-136-136.txt,055225,063530
0521_612,2022-06-16,2,0.015384615384615385,130,128,0521_612-20220616\0521_612-20220616-060801-130-0.txt,0521_612-20220616\0521_612-20220616-070650-128-128.txt,060801,070650
0521_612,2022-06-17,1,0.008264462809917356,121,120,0521_612-20220617\0521_612-20220617-055653-121-0.txt,0521_612-20220617\0521_612-20220617-070639-120-120.txt,055653,070639
0521_612,2022-06-18,2,0.03636363636363636,55,53,0521_612-20220618\0521_612-20220618-052858-55-0.txt,0521_612-20220618\0521_612-20220618-054832-53-53.txt,052858,054832
0521_612,2022-06-20,1,0.009900990099009901,101,100,0521_612-20220620\0521_612-20220620-055655-101-0.txt,0521_612-20220620\0521_612-20220620-070209-100-100.txt,055655,070209
0521_612,2022-06-21,0,0.0,133,133,0521_612-20220621\0521_612-20220621-054149-133-0.txt,0521_612-20220621\0521_612-20220621-065218-133-133.txt,054149,065218
0521_612,2022-06-22,4,0.031746031746031744,126,124,0521_612-20220622\0521_612-20220622-054912-126-0.txt,0521_612-20220622\0521_612-20220622-062322-124-124.txt,054912,062322
0521_613,2022-05-31,9,0.075,120,120,0521_613-20220531\0521_613-20220531-055731-120-0.txt,0521_613-20220531\0521_613-20220531-073133-120-120.txt,055731,073133
0521_613,2022-06-01,28,0.29473684210526313,95,95,0521_613-20220601\0521_613-20220601-055502-95-0.txt,0521_613-20220601\0521_613-20220601-072307-95-95.txt,055502,072307
0521_613,2022-06-02,15,0.1171875,128,128,0521_613-20220602\0521_613-20220602-060338-128-0.txt,0521_613-20220602\0521_613-20220602-074147-128-128.txt,060338,074147
0521_613,2022-06-03,35,0.4117647058823529,82,85,0521_613-20220603\0521_613-20220603-055515-82-0.txt,0521_613-20220603\0521_613-20220603-071515-85-85.txt,055515,071515
0521_613,2022-06-07,10,0.16129032258064516,59,62,0521_613-20220607\0521_613-20220607-055759-59-0.txt,0521_613-20220607\0521_613-20220607-071135-62-62.txt,055759,071135
0521_613,2022-06-08,16,0.17582417582417584,87,91,0521_613-20220608\0521_613-20220608-055552-87-0.txt,0521_613-20220608\0521_613-20220608-070537-91-91.txt,055552,070537
0521_613,2022-06-09,20,0.19047619047619047,100,105,0521_613-20220609\0521_613-20220609-055031-100-0.txt,0521_613-20220609\0521_613-20220609-070730-105-105.txt,055031,070730
0521_613,2022-06-10,15,0.12605042016806722,119,116,0521_613-20220610\0521_613-20220610-060542-119-0.txt,0521_613-20220610\0521_613-20220610-073647-116-116.txt,060542,073647
0521_613,2022-06-11,5,0.08196721311475409,56,61,0521_613-20220611\0521_613-20220611-051445-56-0.txt,0521_613-20220611\0521_613-20220611-053629-61-61.txt,051445,053629
0521_613,2022-06-13,11,0.16176470588235295,66,68,0521_613-20220613\0521_613-20220613-054523-66-0.txt,0521_613-20220613\0521_613-20220613-065408-68-68.txt,054523,065408
0521_613,2022-06-14,10,0.09433962264150944,106,106,0521_613-20220614\0521_613-20220614-055546-106-0.txt,0521_613-20220614\0521_613-20220614-070547-106-106.txt,055546,070547
0521_613,2022-06-15,33,0.33,95,100,0521_613-20220615\0521_613-20220615-055546-95-0.txt,0521_613-20220615\0521_613-20220615-063826-100-100.txt,055546,063826
0521_613,2022-06-16,46,0.40707964601769914,111,113,0521_613-20220616\0521_613-20220616-060550-111-0.txt,0521_613-20220616\0521_613-20220616-073629-113-113.txt,060550,073629
0521_613,2022-06-17,8,0.07766990291262135,103,103,0521_613-20220617\0521_613-20220617-060052-103-0.txt,0521_613-20220617\0521_613-20220617-071009-103-103.txt,060052,071009
0521_613,2022-06-20,6,0.07407407407407407,81,81,0521_613-20220620\0521_613-20220620-055926-81-0.txt,0521_613-20220620\0521_613-20220620-070222-81-81.txt,055926,070222
0521_613,2022-06-21,5,0.049019607843137254,100,102,0521_613-20220621\0521_613-20220621-055234-100-0.txt,0521_613-20220621\0521_613-20220621-065652-102-102.txt,055234,065652
0521_613,2022-06-22,5,0.04807692307692308,103,104,0521_613-20220622\0521_613-20220622-055612-103-0.txt,0521_613-20220622\0521_613-20220622-071233-104-104.txt,055612,071233
0521_615,2022-05-30,100,0.7575757575757576,132,132,0521_615-20220530\0521_615-20220530-062658-132-0.txt,0521_615-20220530\0521_615-20220530-072259-132-132.txt,062658,072259
0521_615,2022-05-31,173,0.9885714285714285,174,175,0521_615-20220531\0521_615-20220531-070258-177-0.txt,0521_615-20220531\0521_615-20220531-074918-175-175.txt,070258,074918
0521_615,2022-06-01,126,0.711864406779661,177,168,0521_615-20220601\0521_615-20220601-064211-178-0.txt,0521_615-20220601\0521_615-20220601-074457-168-168.txt,064211,074457
0521_615,2022-06-02,145,0.8529411764705882,170,170,0521_615-20220602\0521_615-20220602-071741-170-0.txt,0521_615-20220602\0521_615-20220602-080839-170-170.txt,071741,080839
0521_615,2022-06-03,126,0.7730061349693251,163,160,0521_615-20220603\0521_615-20220603-070127-163-0.txt,0521_615-20220603\0521_615-20220603-072646-160-160.txt,070127,072646
0521_615,2022-06-07,87,0.7372881355932204,118,117,0521_615-20220607\0521_615-20220607-055737-118-0.txt,0521_615-20220607\0521_615-20220607-061606-117-117.txt,055737,061606
0521_615,2022-06-08,130,0.87248322147651,149,149,0521_615-20220608\0521_615-20220608-061238-149-0.txt,0521_615-20220608\0521_615-20220608-072720-149-149.txt,061238,072720
0521_615,2022-06-09,189,0.9792746113989638,193,193,0521_615-20220609\0521_615-20220609-062107-193-0.txt,0521_615-20220609\0521_615-20220609-070355-193-193.txt,062107,070355
0521_615,2022-06-10,152,0.987012987012987,154,154,0521_615-20220610\0521_615-20220610-061820-154-0.txt,0521_615-20220610\0521_615-20220610-073233-154-154.txt,061820,073233
0521_615,2022-06-13,103,0.7573529411764706,136,129,0521_615-20220613\0521_615-20220613-055925-136-0.txt,0521_615-20220613\0521_615-20220613-064051-129-129.txt,055925,064051
0521_615,2022-06-14,185,0.9585492227979274,193,187,0521_615-20220614\0521_615-20220614-060852-193-0.txt,0521_615-20220614\0521_615-20220614-074342-187-187.txt,060852,074342
0521_615,2022-06-15,108,0.6878980891719745,157,157,0521_615-20220615\0521_615-20220615-063917-157-0.txt,0521_615-20220615\0521_615-20220615-073328-157-157.txt,063917,073328
0521_615,2022-06-16,103,0.7357142857142858,140,139,0521_615-20220616\0521_615-20220616-060129-140-0.txt,0521_615-20220616\0521_615-20220616-070930-139-139.txt,060129,070930
0521_615,2022-06-17,110,0.8396946564885496,131,131,0521_615-20220617\0521_615-20220617-070504-131-0.txt,0521_615-20220617\0521_615-20220617-072600-131-131.txt,070504,072600
0521_615,2022-06-20,88,0.7927927927927928,111,111,0521_615-20220620\0521_615-20220620-060650-111-0.txt,0521_615-20220620\0521_615-20220620-063752-111-111.txt,060650,063752
0521_615,2022-06-21,119,0.7345679012345679,162,160,0521_615-20220621\0521_615-20220621-063300-162-0.txt,0521_615-20220621\0521_615-20220621-064943-160-160.txt,063300,064943
0521_615,2022-06-22,146,0.9419354838709677,155,153,0521_615-20220622\0521_615-20220622-070541-159-0.txt,0521_615-20220622\0521_615-20220622-073130-153-153.txt,070541,073130
0521_616,2022-05-31,11,0.07971014492753623,138,137,0521_616-20220531\0521_616-20220531-051532-138-0.txt,0521_616-20220531\0521_616-20220531-064909-137-137.txt,051532,064909
0521_616,2022-06-01,15,0.11194029850746269,134,133,0521_616-20220601\0521_616-20220601-051514-134-0.txt,0521_616-20220601\0521_616-20220601-065221-133-133.txt,051514,065221
0521_616,2022-06-02,17,0.12408759124087591,137,136,0521_616-20220602\0521_616-20220602-050858-137-0.txt,0521_616-20220602\0521_616-20220602-065214-136-136.txt,050858,065214
0521_616,2022-06-03,14,0.11382113821138211,123,120,0521_616-20220603\0521_616-20220603-051039-123-0.txt,0521_616-20220603\0521_616-20220603-065731-120-120.txt,051039,065731
0521_616,2022-06-07,14,0.12727272727272726,109,110,0521_616-20220607\0521_616-20220607-050723-109-0.txt,0521_616-20220607\0521_616-20220607-062730-110-110.txt,050723,062730
0521_616,2022-06-08,36,0.26666666666666666,132,135,0521_616-20220608\0521_616-20220608-050948-132-0.txt,0521_616-20220608\0521_616-20220608-065406-135-135.txt,050948,065406
0521_616,2022-06-09,39,0.2565789473684211,150,152,0521_616-20220609\0521_616-20220609-050848-150-0.txt,0521_616-20220609\0521_616-20220609-072550-152-152.txt,050848,072550
0521_616,2022-06-13,16,0.1322314049586777,119,121,0521_616-20220613\0521_616-20220613-051414-119-0.txt,0521_616-20220613\0521_616-20220613-063229-121-121.txt,051414,063229
0521_616,2022-06-14,24,0.17518248175182483,133,137,0521_616-20220614\0521_616-20220614-051333-133-0.txt,0521_616-20220614\0521_616-20220614-065931-137-137.txt,051333,065931
0521_616,2022-06-15,15,0.11538461538461539,130,129,0521_616-20220615\0521_616-20220615-050938-130-0.txt,0521_616-20220615\0521_616-20220615-064344-129-129.txt,050938,064344
0521_616,2022-06-16,12,0.08888888888888889,131,135,0521_616-20220616\0521_616-20220616-050750-131-0.txt,0521_616-20220616\0521_616-20220616-065247-135-135.txt,050750,065247
0521_616,2022-06-17,9,0.08571428571428572,105,104,0521_616-20220617\0521_616-20220617-051010-105-0.txt,0521_616-20220617\0521_616-20220617-062503-104-104.txt,051010,062503
0521_616,2022-06-20,9,0.13043478260869565,69,69,0521_616-20220620\0521_616-20220620-050918-69-0.txt,0521_616-20220620\0521_616-20220620-060719-69-69.txt,050918,060719
0521_616,2022-06-21,5,0.035211267605633804,142,139,0521_616-20220621\0521_616-20220621-050730-142-0.txt,0521_616-20220621\0521_616-20220621-064026-139-139.txt,050730,064026
0521_616,2022-06-22,22,0.17054263565891473,121,129,0521_616-20220622\0521_616-20220622-050957-121-0.txt,0521_616-20220622\0521_616-20220622-064142-129-129.txt,050957,064142
0521_617,2022-05-30,0,0.0,51,51,0521_617-20220530\0521_617-20220530-061737-93-0.txt,0521_617-20220530\0521_617-20220530-061813-51-51.txt,061737,061813
0521_617,2022-05-31,27,0.2647058823529412,98,102,0521_617-20220531\0521_617-20220531-051637-98-0.txt,0521_617-20220531\0521_617-20220531-070515-102-102.txt,051637,070515
0521_617,2022-06-01,32,0.32653061224489793,97,98,0521_617-20220601\0521_617-20220601-051856-99-0.txt,0521_617-20220601\0521_617-20220601-065948-98-98.txt,051856,065948
0521_617,2022-06-02,29,0.2761904761904762,104,105,0521_617-20220602\0521_617-20220602-051752-104-0.txt,0521_617-20220602\0521_617-20220602-064050-105-105.txt,051752,064050
0521_617,2022-06-03,55,0.4782608695652174,115,105,0521_617-20220603\0521_617-20220603-051045-118-0.txt,0521_617-20220603\0521_617-20220603-064502-105-105.txt,051045,064502
0521_617,2022-06-07,8,0.09302325581395349,84,86,0521_617-20220607\0521_617-20220607-051129-84-0.txt,0521_617-20220607\0521_617-20220607-061739-86-86.txt,051129,061739
0521_617,2022-06-08,80,0.5925925925925926,135,102,0521_617-20220608\0521_617-20220608-051118-135-0.txt,0521_617-20220608\0521_617-20220608-063914-102-102.txt,051118,063914
0521_617,2022-06-09,42,0.328125,128,122,0521_617-20220609\0521_617-20220609-051302-128-0.txt,0521_617-20220609\0521_617-20220609-065404-122-122.txt,051302,065404
0521_617,2022-06-10,11,0.10091743119266056,109,108,0521_617-20220610\0521_617-20220610-070942-111-0.txt,0521_617-20220610\0521_617-20220610-073301-108-108.txt,070942,073301
0521_617,2022-06-13,13,0.12380952380952381,98,105,0521_617-20220613\0521_617-20220613-051332-98-0.txt,0521_617-20220613\0521_617-20220613-062705-105-105.txt,051332,062705
0521_617,2022-06-14,0,0.0,109,109,0521_617-20220614\0521_617-20220614-073646-109-0.txt,0521_617-20220614\0521_617-20220614-073709-109-109.txt,073646,073709
0521_617,2022-06-15,28,0.34146341463414637,79,82,0521_617-20220615\0521_617-20220615-051558-79-0.txt,0521_617-20220615\0521_617-20220615-061436-82-82.txt,051558,061436
0521_617,2022-06-16,9,0.07964601769911504,110,113,0521_617-20220616\0521_617-20220616-050909-110-0.txt,0521_617-20220616\0521_617-20220616-064026-113-113.txt,050909,064026
0521_617,2022-06-17,14,0.1308411214953271,107,106,0521_617-20220617\0521_617-20220617-051038-107-0.txt,0521_617-20220617\0521_617-20220617-070521-106-106.txt,051038,070521
0521_617,2022-06-20,13,0.12380952380952381,96,105,0521_617-20220620\0521_617-20220620-051155-96-0.txt,0521_617-20220620\0521_617-20220620-064507-105-105.txt,051155,064507
0521_617,2022-06-21,5,0.05,100,99,0521_617-20220621\0521_617-20220621-051217-100-0.txt,0521_617-20220621\0521_617-20220621-062812-99-99.txt,051217,062812
0521_617,2022-06-22,6,0.04878048780487805,123,123,0521_617-20220622\0521_617-20220622-051202-123-0.txt,0521_617-20220622\0521_617-20220622-064039-123-123.txt,051202,064039
0521_618,2022-05-31,21,0.1320754716981132,158,159,0521_618-20220531\0521_618-20220531-051518-158-0.txt,0521_618-20220531\0521_618-20220531-065731-159-159.txt,051518,065731
0521_618,2022-06-01,15,0.13157894736842105,114,114,0521_618-20220601\0521_618-20220601-051315-114-0.txt,0521_618-20220601\0521_618-20220601-053246-114-114.txt,051315,053246
0521_618,2022-06-02,22,0.20754716981132076,106,104,0521_618-20220602\0521_618-20220602-051316-106-0.txt,0521_618-20220602\0521_618-20220602-062718-104-104.txt,051316,062718
0521_618,2022-06-03,34,0.2809917355371901,101,121,0521_618-20220603\0521_618-20220603-051217-101-0.txt,0521_618-20220603\0521_618-20220603-062426-121-121.txt,051217,062426
0521_618,2022-06-07,23,0.25,84,92,0521_618-20220607\0521_618-20220607-050451-84-0.txt,0521_618-20220607\0521_618-20220607-061448-92-92.txt,050451,061448
0521_618,2022-06-08,38,0.3140495867768595,111,121,0521_618-20220608\0521_618-20220608-050737-111-0.txt,0521_618-20220608\0521_618-20220608-063132-121-121.txt,050737,063132
0521_618,2022-06-09,42,0.26582278481012656,133,158,0521_618-20220609\0521_618-20220609-051125-133-0.txt,0521_618-20220609\0521_618-20220609-070244-158-158.txt,051125,070244
0521_618,2022-06-10,121,0.8231292517006803,146,147,0521_618-20220610\0521_618-20220610-051846-146-0.txt,0521_618-20220610\0521_618-20220610-065051-147-147.txt,051846,065051
0521_618,2022-06-13,22,0.25287356321839083,86,87,0521_618-20220613\0521_618-20220613-051335-86-0.txt,0521_618-20220613\0521_618-20220613-061518-87-87.txt,051335,061518
0521_618,2022-06-14,28,0.2028985507246377,138,137,0521_618-20220614\0521_618-20220614-051541-140-0.txt,0521_618-20220614\0521_618-20220614-065737-137-137.txt,051541,065737
0521_618,2022-06-15,27,0.23478260869565218,115,113,0521_618-20220615\0521_618-20220615-051222-115-0.txt,0521_618-20220615\0521_618-20220615-063531-113-113.txt,051222,063531
0521_618,2022-06-16,12,0.11764705882352941,101,102,0521_618-20220616\0521_618-20220616-051300-101-0.txt,0521_618-20220616\0521_618-20220616-063034-102-102.txt,051300,063034
0521_618,2022-06-17,13,0.1566265060240964,82,83,0521_618-20220617\0521_618-20220617-051245-82-0.txt,0521_618-20220617\0521_618-20220617-062501-83-83.txt,051245,062501
0521_618,2022-06-20,16,0.24242424242424243,66,59,0521_618-20220620\0521_618-20220620-051155-66-0.txt,0521_618-20220620\0521_618-20220620-062239-59-59.txt,051155,062239
0521_618,2022-06-21,29,0.21481481481481482,128,135,0521_618-20220621\0521_618-20220621-051103-128-0.txt,0521_618-20220621\0521_618-20220621-064835-135-135.txt,051103,064835
0521_618,2022-06-22,20,0.16393442622950818,119,122,0521_618-20220622\0521_618-20220622-051540-119-0.txt,0521_618-20220622\0521_618-20220622-062649-122-122.txt,051540,062649
0521_620,2022-05-31,69,0.40828402366863903,167,169,0521_620-20220531\0521_620-20220531-052326-167-0.txt,0521_620-20220531\0521_620-20220531-072914-169-169.txt,052326,072914
0521_620,2022-06-01,89,0.6793893129770993,131,126,0521_620-20220601\0521_620-20220601-051904-131-0.txt,0521_620-20220601\0521_620-20220601-065049-126-126.txt,051904,065049
0521_620,2022-06-02,45,0.3409090909090909,128,132,0521_620-20220602\0521_620-20220602-051301-128-0.txt,0521_620-20220602\0521_620-20220602-063901-132-132.txt,051301,063901
0521_620,2022-06-03,52,0.46017699115044247,113,106,0521_620-20220603\0521_620-20220603-051400-113-0.txt,0521_620-20220603\0521_620-20220603-063839-106-106.txt,051400,063839
0521_620,2022-06-07,54,0.4909090909090909,110,108,0521_620-20220607\0521_620-20220607-052505-110-0.txt,0521_620-20220607\0521_620-20220607-064758-108-108.txt,052505,064758
0521_620,2022-06-08,113,0.7533333333333333,150,148,0521_620-20220608\0521_620-20220608-051055-150-0.txt,0521_620-20220608\0521_620-20220608-065512-148-148.txt,051055,065512
0521_620,2022-06-09,119,0.7125748502994012,160,167,0521_620-20220609\0521_620-20220609-052445-160-0.txt,0521_620-20220609\0521_620-20220609-073914-167-167.txt,052445,073914
0521_620,2022-06-10,92,0.6133333333333333,145,150,0521_620-20220610\0521_620-20220610-051107-145-0.txt,0521_620-20220610\0521_620-20220610-065341-150-150.txt,051107,065341
0521_620,2022-06-13,68,0.591304347826087,108,115,0521_620-20220613\0521_620-20220613-051912-108-0.txt,0521_620-20220613\0521_620-20220613-065059-115-115.txt,051912,065059
0521_620,2022-06-14,87,0.6126760563380281,142,142,0521_620-20220614\0521_620-20220614-051342-142-0.txt,0521_620-20220614\0521_620-20220614-070026-142-142.txt,051342,070026
0521_620,2022-06-15,67,0.5037593984962406,130,133,0521_620-20220615\0521_620-20220615-051124-130-0.txt,0521_620-20220615\0521_620-20220615-065219-133-133.txt,051124,065219
0521_620,2022-06-17,57,0.5089285714285714,110,112,0521_620-20220617\0521_620-20220617-051231-110-0.txt,0521_620-20220617\0521_620-20220617-065903-112-112.txt,051231,065903
0521_620,2022-06-20,61,0.6354166666666666,96,96,0521_620-20220620\0521_620-20220620-051453-96-0.txt,0521_620-20220620\0521_620-20220620-063725-96-96.txt,051453,063725
0521_620,2022-06-21,47,0.3790322580645161,124,117,0521_620-20220621\0521_620-20220621-051242-124-0.txt,0521_620-20220621\0521_620-20220621-063149-117-117.txt,051242,063149
0521_620,2022-06-22,77,0.6470588235294118,119,114,0521_620-20220622\0521_620-20220622-051246-119-0.txt,0521_620-20220622\0521_620-20220622-064113-114-114.txt,051246,064113
0521_621,2022-05-31,168,0.7813953488372093,215,188,0521_621-20220531\0521_621-20220531-061502-216-0.txt,0521_621-20220531\0521_621-20220531-072714-188-188.txt,061502,072714
0521_621,2022-06-01,119,0.7,166,170,0521_621-20220601\0521_621-20220601-051445-166-0.txt,0521_621-20220601\0521_621-20220601-073042-170-170.txt,051445,073042
0521_621,2022-06-02,99,0.7122302158273381,133,139,0521_621-20220602\0521_621-20220602-051926-133-0.txt,0521_621-20220602\0521_621-20220602-064337-139-139.txt,051926,064337
0521_621,2022-06-03,107,0.7482517482517482,143,143,0521_621-20220603\0521_621-20220603-051818-143-0.txt,0521_621-20220603\0521_621-20220603-070922-143-143.txt,051818,070922
0521_621,2022-06-04,23,0.3898305084745763,59,59,0521_621-20220604\0521_621-20220604-061750-59-0.txt,0521_621-20220604\0521_621-20220604-064228-59-59.txt,061750,064228
0521_621,2022-06-07,85,0.8585858585858586,99,99,0521_621-20220607\0521_621-20220607-053626-99-0.txt,0521_621-20220607\0521_621-20220607-062309-99-99.txt,053626,062309
0521_621,2022-06-08,137,0.7569060773480663,181,171,0521_621-20220608\0521_621-20220608-060454-181-0.txt,0521_621-20220608\0521_621-20220608-071815-171-171.txt,060454,071815
0521_621,2022-06-09,151,0.798941798941799,189,174,0521_621-20220609\0521_621-20220609-050621-189-0.txt,0521_621-20220609\0521_621-20220609-072152-174-174.txt,050621,072152
0521_621,2022-06-10,136,0.84472049689441,155,161,0521_621-20220610\0521_621-20220610-051129-155-0.txt,0521_621-20220610\0521_621-20220610-064931-161-161.txt,051129,064931
0521_621,2022-06-13,58,0.453125,128,127,0521_621-20220613\0521_621-20220613-060203-128-0.txt,0521_621-20220613\0521_621-20220613-064647-127-127.txt,060203,064647
0521_621,2022-06-14,129,0.6615384615384615,195,180,0521_621-20220614\0521_621-20220614-051149-195-0.txt,0521_621-20220614\0521_621-20220614-072755-180-180.txt,051149,072755
0521_621,2022-06-15,141,0.8493975903614458,166,142,0521_621-20220615\0521_621-20220615-051133-166-0.txt,0521_621-20220615\0521_621-20220615-065452-142-142.txt,051133,065452
0521_621,2022-06-16,124,0.8,155,142,0521_621-20220616\0521_621-20220616-051616-155-0.txt,0521_621-20220616\0521_621-20220616-064935-142-142.txt,051616,064935
0521_621,2022-06-17,79,0.5939849624060151,133,133,0521_621-20220617\0521_621-20220617-051030-133-0.txt,0521_621-20220617\0521_621-20220617-063000-133-133.txt,051030,063000
0521_621,2022-06-20,92,0.8679245283018868,97,106,0521_621-20220620\0521_621-20220620-051312-97-0.txt,0521_621-20220620\0521_621-20220620-064255-106-106.txt,051312,064255
0521_621,2022-06-21,136,0.7431693989071039,182,183,0521_621-20220621\0521_621-20220621-050729-182-0.txt,0521_621-20220621\0521_621-20220621-072503-183-183.txt,050729,072503
0521_621,2022-06-22,108,0.7058823529411765,153,132,0521_621-20220622\0521_621-20220622-060016-153-0.txt,0521_621-20220622\0521_621-20220622-065439-132-132.txt,060016,065439
0521_624,2022-05-30,127,0.6939890710382514,183,179,0521_624-20220530\0521_624-20220530-062418-183-0.txt,0521_624-20220530\0521_624-20220530-064119-179-179.txt,062418,064119
0521_624,2022-05-31,183,0.8840579710144928,207,192,0521_624-20220531\0521_624-20220531-061931-207-0.txt,0521_624-20220531\0521_624-20220531-064220-192-192.txt,061931,064220
0521_624,2022-06-01,164,0.7884615384615384,208,204,0521_624-20220601\0521_624-20220601-063012-208-0.txt,0521_624-20220601\0521_624-20220601-064947-204-204.txt,063012,064947
0521_624,2022-06-02,104,0.6011560693641619,173,171,0521_624-20220602\0521_624-20220602-060848-173-0.txt,0521_624-20220602\0521_624-20220602-062510-171-171.txt,060848,062510
0521_624,2022-06-03,121,0.8066666666666666,150,145,0521_624-20220603\0521_624-20220603-061635-150-0.txt,0521_624-20220603\0521_624-20220603-063502-145-145.txt,061635,063502
0521_624,2022-06-04,37,0.6607142857142857,56,54,0521_624-20220604\0521_624-20220604-055600-56-0.txt,0521_624-20220604\0521_624-20220604-063334-54-54.txt,055600,063334
0521_624,2022-06-07,103,0.7803030303030303,132,132,0521_624-20220607\0521_624-20220607-060743-132-0.txt,0521_624-20220607\0521_624-20220607-062312-132-132.txt,060743,062312
0521_624,2022-06-08,176,0.8186046511627907,215,198,0521_624-20220608\0521_624-20220608-061513-215-0.txt,0521_624-20220608\0521_624-20220608-063508-198-198.txt,061513,063508
0521_624,2022-06-09,120,0.6185567010309279,194,194,0521_624-20220609\0521_624-20220609-064231-194-0.txt,0521_624-20220609\0521_624-20220609-065503-194-194.txt,064231,065503
0521_624,2022-06-10,178,0.9621621621621622,185,183,0521_624-20220610\0521_624-20220610-062802-185-0.txt,0521_624-20220610\0521_624-20220610-064735-183-183.txt,062802,064735
0521_624,2022-06-13,133,0.8525641025641025,156,153,0521_624-20220613\0521_624-20220613-055235-156-0.txt,0521_624-20220613\0521_624-20220613-061629-153-153.txt,055235,061629
0521_624,2022-06-14,122,0.648936170212766,188,185,0521_624-20220614\0521_624-20220614-062453-188-0.txt,0521_624-20220614\0521_624-20220614-063709-185-185.txt,062453,063709
0521_624,2022-06-15,137,0.7740112994350282,177,158,0521_624-20220615\0521_624-20220615-061021-177-0.txt,0521_624-20220615\0521_624-20220615-063115-158-158.txt,061021,063115
0521_624,2022-06-16,114,0.6993865030674846,163,158,0521_624-20220616\0521_624-20220616-060745-163-0.txt,0521_624-20220616\0521_624-20220616-063026-158-158.txt,060745,063026
0521_624,2022-06-17,147,0.8855421686746988,166,147,0521_624-20220617\0521_624-20220617-060736-166-0.txt,0521_624-20220617\0521_624-20220617-062705-147-147.txt,060736,062705
0521_624,2022-06-20,90,0.72,125,124,0521_624-20220620\0521_624-20220620-055704-125-0.txt,0521_624-20220620\0521_624-20220620-062638-124-124.txt,055704,062638
0521_624,2022-06-21,111,0.5904255319148937,188,163,0521_624-20220621\0521_624-20220621-061821-188-0.txt,0521_624-20220621\0521_624-20220621-064128-163-163.txt,061821,064128
0521_624,2022-06-22,124,0.8051948051948052,154,147,0521_624-20220622\0521_624-20220622-055005-154-0.txt,0521_624-20220622\0521_624-20220622-061520-147-147.txt,055005,061520
0521_625,2022-05-31,6,0.04225352112676056,142,142,0521_625-20220531\0521_625-20220531-055148-142-0.txt,0521_625-20220531\0521_625-20220531-063226-142-142.txt,055148,063226
0521_625,2022-06-01,26,0.13903743315508021,187,187,0521_625-20220601\0521_625-20220601-054546-187-0.txt,0521_625-20220601\0521_625-20220601-064618-187-187.txt,054546,064618
0521_625,2022-06-02,7,0.051094890510948905,137,137,0521_625-20220602\0521_625-20220602-061239-137-0.txt,0521_625-20220602\0521_625-20220602-070743-137-137.txt,061239,070743
0521_625,2022-06-03,26,0.18705035971223022,139,139,0521_625-20220603\0521_625-20220603-052537-139-0.txt,0521_625-20220603\0521_625-20220603-061521-139-139.txt,052537,061521
0521_625,2022-06-04,0,0.0,85,85,0521_625-20220604\0521_625-20220604-061436-85-0.txt,0521_625-20220604\0521_625-20220604-065037-85-85.txt,061436,065037
0521_625,2022-06-07,19,0.1532258064516129,124,124,0521_625-20220607\0521_625-20220607-053712-124-0.txt,0521_625-20220607\0521_625-20220607-062220-124-124.txt,053712,062220
0521_625,2022-06-08,19,0.1130952380952381,168,168,0521_625-20220608\0521_625-20220608-055404-168-0.txt,0521_625-20220608\0521_625-20220608-065904-168-168.txt,055404,065904
0521_625,2022-06-09,0,0.0,151,151,0521_625-20220609\0521_625-20220609-055741-151-0.txt,0521_625-20220609\0521_625-20220609-070034-151-151.txt,055741,070034
0521_625,2022-06-10,0,0.0,144,144,0521_625-20220610\0521_625-20220610-063718-144-0.txt,0521_625-20220610\0521_625-20220610-072844-144-144.txt,063718,072844
0521_625,2022-06-13,0,0.0,157,157,0521_625-20220613\0521_625-20220613-055058-157-0.txt,0521_625-20220613\0521_625-20220613-065622-157-157.txt,055058,065622
0521_625,2022-06-14,0,0.0,165,165,0521_625-20220614\0521_625-20220614-055038-165-0.txt,0521_625-20220614\0521_625-20220614-063752-165-165.txt,055038,063752
0521_625,2022-06-15,0,0.0,154,154,0521_625-20220615\0521_625-20220615-054214-154-0.txt,0521_625-20220615\0521_625-20220615-064022-154-154.txt,054214,064022
0521_625,2022-06-16,144,0.8727272727272727,165,154,0521_625-20220616\0521_625-20220616-053751-165-0.txt,0521_625-20220616\0521_625-20220616-065719-154-154.txt,053751,065719
0521_625,2022-06-17,0,0.0,153,153,0521_625-20220617\0521_625-20220617-061321-153-0.txt,0521_625-20220617\0521_625-20220617-072033-153-153.txt,061321,072033
0521_625,2022-06-20,0,0.0,98,98,0521_625-20220620\0521_625-20220620-053504-98-0.txt,0521_625-20220620\0521_625-20220620-061226-98-98.txt,053504,061226
0521_625,2022-06-21,0,0.0,157,157,0521_625-20220621\0521_625-20220621-052701-157-0.txt,0521_625-20220621\0521_625-20220621-060810-157-157.txt,052701,060810
0521_625,2022-06-22,27,0.15976331360946747,169,169,0521_625-20220622\0521_625-20220622-053409-169-0.txt,0521_625-20220622\0521_625-20220622-062534-169-169.txt,053409,062534
0521_626,2022-05-30,23,0.152317880794702,151,136,0521_626-20220530\0521_626-20220530-063923-151-0.txt,0521_626-20220530\0521_626-20220530-073849-136-136.txt,063923,073849
0521_626,2022-05-31,8,0.043478260869565216,184,182,0521_626-20220531\0521_626-20220531-064400-184-0.txt,0521_626-20220531\0521_626-20220531-082229-182-182.txt,064400,082229
0521_626,2022-06-01,23,0.1329479768786127,173,152,0521_626-20220601\0521_626-20220601-062850-173-0.txt,0521_626-20220601\0521_626-20220601-075046-152-152.txt,062850,075046
0521_626,2022-06-02,0,0.0,144,144,0521_626-20220602\0521_626-20220602-070618-144-0.txt,0521_626-20220602\0521_626-20220602-074600-144-144.txt,070618,074600
0521_626,2022-06-03,2,0.014084507042253521,142,142,0521_626-20220603\0521_626-20220603-064133-142-0.txt,0521_626-20220603\0521_626-20220603-075410-142-142.txt,064133,075410
0521_626,2022-06-07,27,0.28125,90,96,0521_626-20220607\0521_626-20220607-050759-90-0.txt,0521_626-20220607\0521_626-20220607-060647-96-96.txt,050759,060647
0521_626,2022-06-08,23,0.16083916083916083,132,143,0521_626-20220608\0521_626-20220608-052158-132-0.txt,0521_626-20220608\0521_626-20220608-064138-143-143.txt,052158,064138
0521_626,2022-06-09,24,0.17647058823529413,136,133,0521_626-20220609\0521_626-20220609-054200-136-0.txt,0521_626-20220609\0521_626-20220609-070331-133-133.txt,054200,070331
0521_626,2022-06-10,89,0.6095890410958904,139,146,0521_626-20220610\0521_626-20220610-054021-139-0.txt,0521_626-20220610\0521_626-20220610-070240-146-146.txt,054021,070240
0521_626,2022-06-13,16,0.15841584158415842,89,101,0521_626-20220613\0521_626-20220613-052843-89-0.txt,0521_626-20220613\0521_626-20220613-065438-101-101.txt,052843,065438
0521_626,2022-06-14,45,0.2710843373493976,166,137,0521_626-20220614\0521_626-20220614-053014-166-0.txt,0521_626-20220614\0521_626-20220614-070534-137-137.txt,053014,070534
0521_626,2022-06-15,37,0.25874125874125875,143,123,0521_626-20220615\0521_626-20220615-052705-143-0.txt,0521_626-20220615\0521_626-20220615-063531-123-123.txt,052705,063531
0521_626,2022-06-16,107,0.7867647058823529,132,136,0521_626-20220616\0521_626-20220616-052354-132-0.txt,0521_626-20220616\0521_626-20220616-063348-136-136.txt,052354,063348
0521_626,2022-06-17,6,0.05714285714285714,101,105,0521_626-20220617\0521_626-20220617-053136-101-0.txt,0521_626-20220617\0521_626-20220617-062600-105-105.txt,053136,062600
0521_626,2022-06-20,17,0.19101123595505617,88,89,0521_626-20220620\0521_626-20220620-052251-88-0.txt,0521_626-20220620\0521_626-20220620-060921-89-89.txt,052251,060921
0521_626,2022-06-21,20,0.14814814814814814,131,135,0521_626-20220621\0521_626-20220621-060117-131-0.txt,0521_626-20220621\0521_626-20220621-071906-135-135.txt,060117,071906
0521_626,2022-06-22,6,0.05504587155963303,105,109,0521_626-20220622\0521_626-20220622-055019-105-0.txt,0521_626-20220622\0521_626-20220622-064832-109-109.txt,055019,064832
0521_627,2022-05-31,0,0.0,124,124,0521_627-20220531\0521_627-20220531-090303-124-0.txt,0521_627-20220531\0521_627-20220531-101555-124-124.txt,090303,101555
0521_627,2022-06-01,0,0.0,91,91,0521_627-20220601\0521_627-20220601-090855-91-0.txt,0521_627-20220601\0521_627-20220601-093128-91-91.txt,090855,093128
0521_627,2022-06-02,0,0.0,103,103,0521_627-20220602\0521_627-20220602-082630-103-0.txt,0521_627-20220602\0521_627-20220602-085933-103-103.txt,082630,085933
0521_627,2022-06-03,1,0.009433962264150943,106,105,0521_627-20220603\0521_627-20220603-082520-106-0.txt,0521_627-20220603\0521_627-20220603-102852-105-105.txt,082520,102852
0521_627,2022-06-07,3,0.046153846153846156,65,62,0521_627-20220607\0521_627-20220607-083915-65-0.txt,0521_627-20220607\0521_627-20220607-091155-62-62.txt,083915,091155
0521_627,2022-06-08,0,0.0,184,184,0521_627-20220608\0521_627-20220608-091921-184-0.txt,0521_627-20220608\0521_627-20220608-101434-184-184.txt,091921,101434
0521_627,2022-06-09,0,0.0,114,114,0521_627-20220609\0521_627-20220609-090708-114-0.txt,0521_627-20220609\0521_627-20220609-100147-114-114.txt,090708,100147
0521_627,2022-06-13,2,0.018518518518518517,108,106,0521_627-20220613\0521_627-20220613-085044-108-0.txt,0521_627-20220613\0521_627-20220613-094841-106-106.txt,085044,094841
0521_627,2022-06-14,0,0.0,97,97,0521_627-20220614\0521_627-20220614-083041-97-0.txt,0521_627-20220614\0521_627-20220614-091037-97-97.txt,083041,091037
0521_627,2022-06-15,0,0.0,85,85,0521_627-20220615\0521_627-20220615-084734-85-0.txt,0521_627-20220615\0521_627-20220615-093143-85-85.txt,084734,093143
0521_627,2022-06-17,0,0.0,83,83,0521_627-20220617\0521_627-20220617-082736-83-0.txt,0521_627-20220617\0521_627-20220617-091218-83-83.txt,082736,091218
0521_627,2022-06-20,1,0.011235955056179775,89,88,0521_627-20220620\0521_627-20220620-081608-89-0.txt,0521_627-20220620\0521_627-20220620-090036-88-88.txt,081608,090036
0521_627,2022-06-21,0,0.0,105,105,0521_627-20220621\0521_627-20220621-084601-105-0.txt,0521_627-20220621\0521_627-20220621-094457-105-105.txt,084601,094457
0521_627,2022-06-22,1,0.013333333333333334,75,74,0521_627-20220622\0521_627-20220622-082728-75-0.txt,0521_627-20220622\0521_627-20220622-090537-74-74.txt,082728,090537
0521_628,2022-05-31,25,0.15527950310559005,161,156,0521_628-20220531\0521_628-20220531-053314-185-0.txt,0521_628-20220531\0521_628-20220531-073430-156-156.txt,053314,073430
0521_628,2022-06-01,47,0.24867724867724866,189,155,0521_628-20220601\0521_628-20220601-051644-189-0.txt,0521_628-20220601\0521_628-20220601-073533-155-155.txt,051644,073533
0521_628,2022-06-02,53,0.2849462365591398,186,143,0521_628-20220602\0521_628-20220602-051958-186-0.txt,0521_628-20220602\0521_628-20220602-073142-143-143.txt,051958,073142
0521_628,2022-06-03,58,0.3558282208588957,163,137,0521_628-20220603\0521_628-20220603-052519-163-0.txt,0521_628-20220603\0521_628-20220603-073206-137-137.txt,052519,073206
0521_628,2022-06-04,0,0.0,71,71,0521_628-20220604\0521_628-20220604-055415-71-0.txt,0521_628-20220604\0521_628-20220604-061733-71-71.txt,055415,061733
0521_628,2022-06-07,48,0.35036496350364965,137,110,0521_628-20220607\0521_628-20220607-050948-137-0.txt,0521_628-20220607\0521_628-20220607-064535-110-110.txt,050948,064535
0521_628,2022-06-08,75,0.40106951871657753,187,140,0521_628-20220608\0521_628-20220608-051648-187-0.txt,0521_628-20220608\0521_628-20220608-074039-140-140.txt,051648,074039
0521_628,2022-06-09,75,0.42613636363636365,176,152,0521_628-20220609\0521_628-20220609-051335-178-0.txt,0521_628-20220609\0521_628-20220609-073747-152-152.txt,051335,073747
0521_628,2022-06-10,133,0.7471910112359551,178,130,0521_628-20220610\0521_628-20220610-050730-178-0.txt,0521_628-20220610\0521_628-20220610-073947-130-130.txt,050730,073947
0521_628,2022-06-11,3,0.0625,46,48,0521_628-20220611\0521_628-20220611-060120-46-0.txt,0521_628-20220611\0521_628-20220611-070440-48-48.txt,060120,070440
0521_628,2022-06-13,49,0.4049586776859504,121,77,0521_628-20220613\0521_628-20220613-051331-121-0.txt,0521_628-20220613\0521_628-20220613-062846-77-77.txt,051331,062846
0521_628,2022-06-14,142,0.6635514018691588,214,93,0521_628-20220614\0521_628-20220614-052313-214-0.txt,0521_628-20220614\0521_628-20220614-065741-93-93.txt,052313,065741
0521_628,2022-06-15,6,0.05217391304347826,115,110,0521_628-20220615\0521_628-20220615-052407-115-0.txt,0521_628-20220615\0521_628-20220615-062408-110-110.txt,052407,062408
0521_628,2022-06-16,4,0.043010752688172046,93,91,0521_628-20220616\0521_628-20220616-053112-93-0.txt,0521_628-20220616\0521_628-20220616-062830-91-91.txt,053112,062830
0521_628,2022-06-17,7,0.08333333333333333,84,84,0521_628-20220617\0521_628-20220617-052748-84-0.txt,0521_628-20220617\0521_628-20220617-062455-84-84.txt,052748,062455
0521_628,2022-06-20,9,0.09090909090909091,99,96,0521_628-20220620\0521_628-20220620-053344-99-0.txt,0521_628-20220620\0521_628-20220620-065953-96-96.txt,053344,065953
0521_628,2022-06-21,8,0.07407407407407407,108,105,0521_628-20220621\0521_628-20220621-053811-108-0.txt,0521_628-20220621\0521_628-20220621-072732-105-105.txt,053811,072732
0521_628,2022-06-22,37,0.25874125874125875,143,113,0521_628-20220622\0521_628-20220622-051255-143-0.txt,0521_628-20220622\0521_628-20220622-070347-113-113.txt,051255,070347
0521_630,2022-05-31,0,0.0,160,160,0521_630-20220531\0521_630-20220531-085857-160-0.txt,0521_630-20220531\0521_630-20220531-102231-160-160.txt,085857,102231
0521_630,2022-06-01,0,0.0,125,125,0521_630-20220601\0521_630-20220601-090653-125-0.txt,0521_630-20220601\0521_630-20220601-105030-125-125.txt,090653,105030
0521_630,2022-06-02,0,0.0,117,117,0521_630-20220602\0521_630-20220602-090654-117-0.txt,0521_630-20220602\0521_630-20220602-102129-117-117.txt,090654,102129
0521_630,2022-06-03,0,0.0,114,114,0521_630-20220603\0521_630-20220603-083912-114-0.txt,0521_630-20220603\0521_630-20220603-103126-114-114.txt,083912,103126
0521_630,2022-06-07,3,0.031578947368421054,95,92,0521_630-20220607\0521_630-20220607-082434-95-0.txt,0521_630-20220607\0521_630-20220607-092809-92-92.txt,082434,092809
0521_630,2022-06-08,2,0.013071895424836602,153,151,0521_630-20220608\0521_630-20220608-085232-153-0.txt,0521_630-20220608\0521_630-20220608-105529-151-151.txt,085232,105529
0521_630,2022-06-09,0,0.0,129,129,0521_630-20220609\0521_630-20220609-085413-129-0.txt,0521_630-20220609\0521_630-20220609-102100-129-129.txt,085413,102100
0521_630,2022-06-13,5,0.052083333333333336,96,91,0521_630-20220613\0521_630-20220613-083256-96-0.txt,0521_630-20220613\0521_630-20220613-093527-91-91.txt,083256,093527
0521_630,2022-06-14,2,0.014598540145985401,137,135,0521_630-20220614\0521_630-20220614-083800-137-0.txt,0521_630-20220614\0521_630-20220614-100848-135-135.txt,083800,100848
0521_630,2022-06-17,0,0.0,87,87,0521_630-20220617\0521_630-20220617-081242-87-0.txt,0521_630-20220617\0521_630-20220617-085250-87-87.txt,081242,085250
0521_630,2022-06-20,0,0.0,69,69,0521_630-20220620\0521_630-20220620-085031-69-0.txt,0521_630-20220620\0521_630-20220620-095825-69-69.txt,085031,095825
0521_630,2022-06-21,0,0.0,137,137,0521_630-20220621\0521_630-20220621-084915-137-0.txt,0521_630-20220621\0521_630-20220621-101403-137-137.txt,084915,101403
0521_630,2022-06-22,0,0.0,110,110,0521_630-20220622\0521_630-20220622-082738-110-0.txt,0521_630-20220622\0521_630-20220622-093731-110-110.txt,082738,093731
0521_631,2022-05-30,1,0.00558659217877095,179,178,0521_631-20220530\0521_631-20220530-062920-179-0.txt,0521_631-20220530\0521_631-20220530-073521-178-178.txt,062920,073521
0521_631,2022-05-31,2,0.010752688172043012,186,184,0521_631-20220531\0521_631-20220531-064916-186-0.txt,0521_631-20220531\0521_631-20220531-080039-184-184.txt,064916,080039
0521_631,2022-06-01,2,0.0106951871657754,187,185,0521_631-20220601\0521_631-20220601-065400-187-0.txt,0521_631-20220601\0521_631-20220601-080322-185-185.txt,065400,080322
0521_631,2022-06-02,1,0.00558659217877095,179,178,0521_631-20220602\0521_631-20220602-062918-179-0.txt,0521_631-20220602\0521_631-20220602-072757-178-178.txt,062918,072757
0521_631,2022-06-03,13,0.0896551724137931,145,142,0521_631-20220603\0521_631-20220603-061306-145-0.txt,0521_631-20220603\0521_631-20220603-071435-142-142.txt,061306,071435
0521_631,2022-06-07,9,0.06870229007633588,128,131,0521_631-20220607\0521_631-20220607-061547-128-0.txt,0521_631-20220607\0521_631-20220607-071940-131-131.txt,061547,071940
0521_631,2022-06-08,5,0.025906735751295335,193,188,0521_631-20220608\0521_631-20220608-063505-193-0.txt,0521_631-20220608\0521_631-20220608-075003-188-188.txt,063505,075003
0521_631,2022-06-09,1,0.0055248618784530384,181,180,0521_631-20220609\0521_631-20220609-062709-181-0.txt,0521_631-20220609\0521_631-20220609-073946-180-180.txt,062709,073946
0521_631,2022-06-10,1,0.0056179775280898875,178,177,0521_631-20220610\0521_631-20220610-062900-178-0.txt,0521_631-20220610\0521_631-20220610-074108-177-177.txt,062900,074108
0521_631,2022-06-13,0,0.0,155,155,0521_631-20220613\0521_631-20220613-062052-155-0.txt,0521_631-20220613\0521_631-20220613-072040-155-155.txt,062052,072040
0521_631,2022-06-14,2,0.012048192771084338,166,164,0521_631-20220614\0521_631-20220614-062836-166-0.txt,0521_631-20220614\0521_631-20220614-072159-164-164.txt,062836,072159
0521_631,2022-06-15,18,0.12162162162162163,148,146,0521_631-20220615\0521_631-20220615-060831-148-0.txt,0521_631-20220615\0521_631-20220615-070532-146-146.txt,060831,070532
0521_631,2022-06-16,1,0.007246376811594203,138,137,0521_631-20220616\0521_631-20220616-061104-138-0.txt,0521_631-20220616\0521_631-20220616-070225-137-137.txt,061104,070225
0521_631,2022-06-17,1,0.007518796992481203,133,132,0521_631-20220617\0521_631-20220617-061200-133-0.txt,0521_631-20220617\0521_631-20220617-065154-132-132.txt,061200,065154
0521_631,2022-06-18,3,0.03571428571428571,84,83,0521_631-20220618\0521_631-20220618-062143-84-0.txt,0521_631-20220618\0521_631-20220618-070219-83-83.txt,062143,070219
0521_631,2022-06-20,0,0.0,112,112,0521_631-20220620\0521_631-20220620-060633-112-0.txt,0521_631-20220620\0521_631-20220620-071007-112-112.txt,060633,071007
0521_631,2022-06-21,4,0.024096385542168676,166,162,0521_631-20220621\0521_631-20220621-061958-166-0.txt,0521_631-20220621\0521_631-20220621-071436-162-162.txt,061958,071436
0521_631,2022-06-22,14,0.08383233532934131,167,163,0521_631-20220622\0521_631-20220622-065651-167-0.txt,0521_631-20220622\0521_631-20220622-075116-163-163.txt,065651,075116
0521_632,2022-05-30,0,0.0,136,136,0521_632-20220530\0521_632-20220530-062324-136-0.txt,0521_632-20220530\0521_632-20220530-071449-136-136.txt,062324,071449
0521_632,2022-05-31,0,0.0,172,172,0521_632-20220531\0521_632-20220531-062210-172-0.txt,0521_632-20220531\0521_632-20220531-072804-172-172.txt,062210,072804
0521_632,2022-06-01,2,0.0125,160,160,0521_632-20220601\0521_632-20220601-064222-160-0.txt,0521_632-20220601\0521_632-20220601-075330-160-160.txt,064222,075330
0521_632,2022-06-02,0,0.0,156,156,0521_632-20220602\0521_632-20220602-061656-156-0.txt,0521_632-20220602\0521_632-20220602-071839-156-156.txt,061656,071839
0521_632,2022-06-03,0,0.0,138,138,0521_632-20220603\0521_632-20220603-060814-138-0.txt,0521_632-20220603\0521_632-20220603-065225-138-138.txt,060814,065225
0521_632,2022-06-07,0,0.0,63,63,0521_632-20220607\0521_632-20220607-090956-63-0.txt,0521_632-20220607\0521_632-20220607-101805-63-63.txt,090956,101805
0521_632,2022-06-08,0,0.0,85,85,0521_632-20220608\0521_632-20220608-073546-85-0.txt,0521_632-20220608\0521_632-20220608-091758-85-85.txt,073546,091758
0521_632,2022-06-09,3,0.0196078431372549,153,152,0521_632-20220609\0521_632-20220609-072450-153-0.txt,0521_632-20220609\0521_632-20220609-094505-152-152.txt,072450,094505
0521_632,2022-06-10,0,0.0,93,93,0521_632-20220610\0521_632-20220610-065722-93-0.txt,0521_632-20220610\0521_632-20220610-090948-93-93.txt,065722,090948
0521_632,2022-06-13,7,0.09210526315789473,76,76,0521_632-20220613\0521_632-20220613-064919-76-0.txt,0521_632-20220613\0521_632-20220613-081119-76-76.txt,064919,081119
0521_632,2022-06-14,1,0.010526315789473684,95,94,0521_632-20220614\0521_632-20220614-065212-95-0.txt,0521_632-20220614\0521_632-20220614-081552-94-94.txt,065212,081552
0521_632,2022-06-15,4,0.0449438202247191,89,89,0521_632-20220615\0521_632-20220615-071256-89-0.txt,0521_632-20220615\0521_632-20220615-082023-89-89.txt,071256,082023
0521_632,2022-06-16,0,0.0,107,107,0521_632-20220616\0521_632-20220616-080426-107-0.txt,0521_632-20220616\0521_632-20220616-090718-107-107.txt,080426,090718
0521_632,2022-06-17,6,0.05172413793103448,116,116,0521_632-20220617\0521_632-20220617-062730-116-0.txt,0521_632-20220617\0521_632-20220617-082559-116-116.txt,062730,082559
0521_632,2022-06-20,2,0.022222222222222223,90,90,0521_632-20220620\0521_632-20220620-080010-90-0.txt,0521_632-20220620\0521_632-20220620-095310-90-90.txt,080010,095310
0521_632,2022-06-21,12,0.09090909090909091,132,120,0521_632-20220621\0521_632-20220621-071244-132-0.txt,0521_632-20220621\0521_632-20220621-083611-120-120.txt,071244,083611
0521_632,2022-06-22,0,0.0,128,128,0521_632-20220622\0521_632-20220622-072450-128-0.txt,0521_632-20220622\0521_632-20220622-092217-128-128.txt,072450,092217
0521_633,2022-05-31,4,0.027210884353741496,147,147,0521_633-20220531\0521_633-20220531-091630-147-0.txt,0521_633-20220531\0521_633-20220531-091823-147-147.txt,091630,091823
0521_633,2022-06-01,100,0.7518796992481203,133,130,0521_633-20220601\0521_633-20220601-091641-133-0.txt,0521_633-20220601\0521_633-20220601-104710-130-130.txt,091641,104710
0521_633,2022-06-02,38,0.2878787878787879,132,126,0521_633-20220602\0521_633-20220602-084811-132-0.txt,0521_633-20220602\0521_633-20220602-085529-126-126.txt,084811,085529
0521_633,2022-06-03,82,0.7454545454545455,110,110,0521_633-20220603\0521_633-20220603-084002-110-0.txt,0521_633-20220603\0521_633-20220603-094928-110-110.txt,084002,094928
0521_633,2022-06-07,38,0.34234234234234234,111,109,0521_633-20220607\0521_633-20220607-091942-111-0.txt,0521_633-20220607\0521_633-20220607-103447-109-109.txt,091942,103447
0521_633,2022-06-08,88,0.6111111111111112,144,141,0521_633-20220608\0521_633-20220608-085040-144-0.txt,0521_633-20220608\0521_633-20220608-085733-141-141.txt,085040,085733
0521_633,2022-06-09,74,0.592,125,122,0521_633-20220609\0521_633-20220609-084240-125-0.txt,0521_633-20220609\0521_633-20220609-102135-122-122.txt,084240,102135
0521_633,2022-06-10,101,0.7709923664122137,131,130,0521_633-20220610\0521_633-20220610-084837-131-0.txt,0521_633-20220610\0521_633-20220610-103457-130-130.txt,084837,103457
0521_633,2022-06-13,11,0.10784313725490197,102,95,0521_633-20220613\0521_633-20220613-082609-102-0.txt,0521_633-20220613\0521_633-20220613-093443-95-95.txt,082609,093443
0521_633,2022-06-14,30,0.24,125,124,0521_633-20220614\0521_633-20220614-085429-125-0.txt,0521_633-20220614\0521_633-20220614-101520-124-124.txt,085429,101520
0521_633,2022-06-15,18,0.13636363636363635,132,131,0521_633-20220615\0521_633-20220615-084623-132-0.txt,0521_633-20220615\0521_633-20220615-102400-131-131.txt,084623,102400
0521_633,2022-06-16,107,0.9385964912280702,114,111,0521_633-20220616\0521_633-20220616-082733-114-0.txt,0521_633-20220616\0521_633-20220616-100653-111-111.txt,082733,100653
0521_633,2022-06-17,44,0.4782608695652174,92,89,0521_633-20220617\0521_633-20220617-092428-92-0.txt,0521_633-20220617\0521_633-20220617-104254-89-89.txt,092428,104254
0521_633,2022-06-20,9,0.13432835820895522,67,66,0521_633-20220620\0521_633-20220620-081607-67-0.txt,0521_633-20220620\0521_633-20220620-090133-66-66.txt,081607,090133
0521_633,2022-06-21,33,0.2357142857142857,140,139,0521_633-20220621\0521_633-20220621-094109-140-0.txt,0521_633-20220621\0521_633-20220621-094458-139-139.txt,094109,094458
0521_633,2022-06-22,6,0.05714285714285714,105,105,0521_633-20220622\0521_633-20220622-084942-105-0.txt,0521_633-20220622\0521_633-20220622-100346-105-105.txt,084942,100346
0521_634,2022-06-13,0,0.0,131,131,0521_634-20220613\0521_634-20220613-075641-131-0.txt,0521_634-20220613\0521_634-20220613-082924-131-131.txt,075641,082924
0521_634,2022-06-14,0,0.0,41,41,0521_634-20220614\0521_634-20220614-082249-41-0.txt,0521_634-20220614\0521_634-20220614-090743-41-41.txt,082249,090743
0521_634,2022-06-16,44,0.23404255319148937,188,188,0521_634-20220616\0521_634-20220616-082626-188-0.txt,0521_634-20220616\0521_634-20220616-100215-188-188.txt,082626,100215
0521_634,2022-06-17,44,0.24581005586592178,179,145,0521_634-20220617\0521_634-20220617-081919-179-0.txt,0521_634-20220617\0521_634-20220617-102817-145-145.txt,081919,102817
0521_634,2022-06-20,2,0.01282051282051282,154,156,0521_634-20220620\0521_634-20220620-063539-154-0.txt,0521_634-20220620\0521_634-20220620-085546-156-156.txt,063539,085546
0521_634,2022-06-21,9,0.05084745762711865,177,176,0521_634-20220621\0521_634-20220621-064051-177-0.txt,0521_634-20220621\0521_634-20220621-074611-176-176.txt,064051,074611
0521_634,2022-06-22,0,0.0,163,163,0521_634-20220622\0521_634-20220622-082754-163-0.txt,0521_634-20220622\0521_634-20220622-094625-163-163.txt,082754,094625
0521_635,2022-05-31,44,0.20276497695852536,217,215,0521_635-20220531\0521_635-20220531-052739-217-0.txt,0521_635-20220531\0521_635-20220531-070712-215-215.txt,052739,070712
0521_635,2022-06-01,63,0.3014354066985646,209,209,0521_635-20220601\0521_635-20220601-052928-209-0.txt,0521_635-20220601\0521_635-20220601-071352-209-209.txt,052928,071352
0521_635,2022-06-02,77,0.4207650273224044,183,172,0521_635-20220602\0521_635-20220602-050745-183-0.txt,0521_635-20220602\0521_635-20220602-064251-172-172.txt,050745,064251
0521_635,2022-06-03,103,0.5073891625615764,203,185,0521_635-20220603\0521_635-20220603-051517-203-0.txt,0521_635-20220603\0521_635-20220603-070112-185-185.txt,051517,070112
0521_635,2022-06-07,74,0.4457831325301205,166,166,0521_635-20220607\0521_635-20220607-050512-166-0.txt,0521_635-20220607\0521_635-20220607-064052-166-166.txt,050512,064052
0521_635,2022-06-08,81,0.3951219512195122,205,200,0521_635-20220608\0521_635-20220608-055139-205-0.txt,0521_635-20220608\0521_635-20220608-072402-200-200.txt,055139,072402
0521_635,2022-06-09,76,0.38,200,198,0521_635-20220609\0521_635-20220609-053235-200-0.txt,0521_635-20220609\0521_635-20220609-071743-198-198.txt,053235,071743
0521_636,2022-05-30,8,0.064,124,125,0521_636-20220530\0521_636-20220530-064248-124-0.txt,0521_636-20220530\0521_636-20220530-080452-125-125.txt,064248,080452
0521_636,2022-05-31,5,0.030303030303030304,165,160,0521_636-20220531\0521_636-20220531-065502-165-0.txt,0521_636-20220531\0521_636-20220531-082548-160-160.txt,065502,082548
0521_636,2022-06-01,5,0.03164556962025317,158,153,0521_636-20220601\0521_636-20220601-070019-158-0.txt,0521_636-20220601\0521_636-20220601-081425-153-153.txt,070019,081425
0521_636,2022-06-02,3,0.020134228187919462,149,146,0521_636-20220602\0521_636-20220602-065056-149-0.txt,0521_636-20220602\0521_636-20220602-080735-146-146.txt,065056,080735
0521_636,2022-06-03,10,0.060240963855421686,166,160,0521_636-20220603\0521_636-20220603-065738-166-0.txt,0521_636-20220603\0521_636-20220603-083001-160-160.txt,065738,083001
0521_636,2022-06-07,13,0.07647058823529412,170,157,0521_636-20220607\0521_636-20220607-070638-171-0.txt,0521_636-20220607\0521_636-20220607-082644-157-157.txt,070638,082644
0521_636,2022-06-08,7,0.04666666666666667,150,143,0521_636-20220608\0521_636-20220608-071343-150-0.txt,0521_636-20220608\0521_636-20220608-081903-143-143.txt,071343,081903
0521_636,2022-06-09,4,0.02631578947368421,152,148,0521_636-20220609\0521_636-20220609-074302-152-0.txt,0521_636-20220609\0521_636-20220609-085342-148-148.txt,074302,085342
0521_636,2022-06-11,1,0.018867924528301886,52,53,0521_636-20220611\0521_636-20220611-053738-52-0.txt,0521_636-20220611\0521_636-20220611-060759-53-53.txt,053738,060759
0521_636,2022-06-14,0,0.0,87,87,0521_636-20220614\0521_636-20220614-090713-88-0.txt,0521_636-20220614\0521_636-20220614-093858-87-87.txt,090713,093858
0521_636,2022-06-15,1,0.01639344262295082,61,60,0521_636-20220615\0521_636-20220615-084741-61-0.txt,0521_636-20220615\0521_636-20220615-102605-60-60.txt,084741,102605
0521_636,2022-06-16,13,0.14772727272727273,88,76,0521_636-20220616\0521_636-20220616-071511-88-0.txt,0521_636-20220616\0521_636-20220616-083537-76-76.txt,071511,083537
0521_636,2022-06-21,7,0.04487179487179487,156,153,0521_636-20220621\0521_636-20220621-065326-156-0.txt,0521_636-20220621\0521_636-20220621-080527-153-153.txt,065326,080527
0521_639,2022-05-31,6,0.05660377358490566,106,100,0521_639-20220531\0521_639-20220531-062101-106-0.txt,0521_639-20220531\0521_639-20220531-074117-100-100.txt,062101,074117
0521_639,2022-06-01,0,0.0,81,81,0521_639-20220601\0521_639-20220601-061101-81-0.txt,0521_639-20220601\0521_639-20220601-072332-81-81.txt,061101,072332
0521_639,2022-06-02,1,0.010752688172043012,93,92,0521_639-20220602\0521_639-20220602-063335-93-0.txt,0521_639-20220602\0521_639-20220602-074429-92-92.txt,063335,074429
0521_639,2022-06-03,69,0.7666666666666667,90,89,0521_639-20220603\0521_639-20220603-055441-90-0.txt,0521_639-20220603\0521_639-20220603-072529-89-89.txt,055441,072529
0521_639,2022-06-07,69,0.71875,96,84,0521_639-20220607\0521_639-20220607-054605-96-0.txt,0521_639-20220607\0521_639-20220607-070710-84-84.txt,054605,070710
0521_639,2022-06-08,4,0.042105263157894736,95,95,0521_639-20220608\0521_639-20220608-060713-95-0.txt,0521_639-20220608\0521_639-20220608-071351-95-95.txt,060713,071351
0521_639,2022-06-09,83,0.7757009345794392,107,96,0521_639-20220609\0521_639-20220609-061453-107-0.txt,0521_639-20220609\0521_639-20220609-071435-96-96.txt,061453,071435
0521_639,2022-06-10,66,0.6111111111111112,108,92,0521_639-20220610\0521_639-20220610-061435-108-0.txt,0521_639-20220610\0521_639-20220610-071126-92-92.txt,061435,071126
0521_639,2022-06-11,64,0.7191011235955056,89,88,0521_639-20220611\0521_639-20220611-051946-89-0.txt,0521_639-20220611\0521_639-20220611-060025-88-88.txt,051946,060025
0521_639,2022-06-13,54,0.7297297297297297,74,74,0521_639-20220613\0521_639-20220613-062631-74-0.txt,0521_639-20220613\0521_639-20220613-071843-74-74.txt,062631,071843
0521_639,2022-06-14,11,0.09322033898305085,118,115,0521_639-20220614\0521_639-20220614-055310-118-0.txt,0521_639-20220614\0521_639-20220614-074311-115-115.txt,055310,074311
0521_639,2022-06-15,72,0.6666666666666666,108,93,0521_639-20220615\0521_639-20220615-054349-108-0.txt,0521_639-20220615\0521_639-20220615-065124-93-93.txt,054349,065124
0521_639,2022-06-16,107,0.9907407407407407,108,97,0521_639-20220616\0521_639-20220616-055426-108-0.txt,0521_639-20220616\0521_639-20220616-071128-97-97.txt,055426,071128
0521_639,2022-06-17,76,0.7835051546391752,97,85,0521_639-20220617\0521_639-20220617-060434-97-0.txt,0521_639-20220617\0521_639-20220617-060850-85-85.txt,060434,060850
0521_639,2022-06-20,46,0.5054945054945055,91,76,0521_639-20220620\0521_639-20220620-052304-91-0.txt,0521_639-20220620\0521_639-20220620-060338-76-76.txt,052304,060338
0521_639,2022-06-21,0,0.0,84,84,0521_639-20220621\0521_639-20220621-053444-84-0.txt,0521_639-20220621\0521_639-20220621-062154-84-84.txt,053444,062154
0521_639,2022-06-22,75,0.6818181818181818,110,93,0521_639-20220622\0521_639-20220622-054139-110-0.txt,0521_639-20220622\0521_639-20220622-062507-93-93.txt,054139,062507
0521_641,2022-05-31,181,0.8153153153153153,222,199,0521_641-20220531\0521_641-20220531-060331-222-0.txt,0521_641-20220531\0521_641-20220531-073951-199-199.txt,060331,073951
0521_641,2022-06-01,100,0.5681818181818182,176,176,0521_641-20220601\0521_641-20220601-060729-176-0.txt,0521_641-20220601\0521_641-20220601-074008-176-176.txt,060729,074008
0521_641,2022-06-02,155,0.7077625570776256,219,195,0521_641-20220602\0521_641-20220602-060836-219-0.txt,0521_641-20220602\0521_641-20220602-075157-195-195.txt,060836,075157
0521_641,2022-06-03,74,0.4378698224852071,169,165,0521_641-20220603\0521_641-20220603-055648-169-0.txt,0521_641-20220603\0521_641-20220603-072616-165-165.txt,055648,072616
0521_641,2022-06-04,37,0.44047619047619047,84,84,0521_641-20220604\0521_641-20220604-053315-84-0.txt,0521_641-20220604\0521_641-20220604-054431-84-84.txt,053315,054431
0521_641,2022-06-07,58,0.40559440559440557,143,140,0521_641-20220607\0521_641-20220607-054017-143-0.txt,0521_641-20220607\0521_641-20220607-065646-140-140.txt,054017,065646
0521_641,2022-06-08,151,0.7823834196891192,193,184,0521_641-20220608\0521_641-20220608-060141-193-0.txt,0521_641-20220608\0521_641-20220608-074142-184-184.txt,060141,074142
0521_641,2022-06-09,145,0.7142857142857143,203,198,0521_641-20220609\0521_641-20220609-060606-203-0.txt,0521_641-20220609\0521_641-20220609-074552-198-198.txt,060606,074552
0521_641,2022-06-10,155,0.8378378378378378,185,185,0521_641-20220610\0521_641-20220610-060337-185-0.txt,0521_641-20220610\0521_641-20220610-073932-185-185.txt,060337,073932
0521_641,2022-06-13,83,0.4689265536723164,177,165,0521_641-20220613\0521_641-20220613-062920-177-0.txt,0521_641-20220613\0521_641-20220613-075132-165-165.txt,062920,075132
0521_641,2022-06-14,111,0.6098901098901099,182,173,0521_641-20220614\0521_641-20220614-055216-182-0.txt,0521_641-20220614\0521_641-20220614-073206-173-173.txt,055216,073206
0521_641,2022-06-15,175,0.9210526315789473,190,190,0521_641-20220615\0521_641-20220615-060333-190-0.txt,0521_641-20220615\0521_641-20220615-074443-190-190.txt,060333,074443
0521_641,2022-06-16,132,0.7719298245614035,171,165,0521_641-20220616\0521_641-20220616-055150-171-0.txt,0521_641-20220616\0521_641-20220616-072949-165-165.txt,055150,072949
0521_641,2022-06-17,146,0.954248366013072,153,150,0521_641-20220617\0521_641-20220617-055132-153-0.txt,0521_641-20220617\0521_641-20220617-072631-150-150.txt,055132,072631
0521_641,2022-06-18,24,0.27906976744186046,86,86,0521_641-20220618\0521_641-20220618-053727-86-0.txt,0521_641-20220618\0521_641-20220618-062224-86-86.txt,053727,062224
0521_641,2022-06-20,67,0.5491803278688525,122,118,0521_641-20220620\0521_641-20220620-054618-122-0.txt,0521_641-20220620\0521_641-20220620-070206-118-118.txt,054618,070206
0521_641,2022-06-21,116,0.651685393258427,178,177,0521_641-20220621\0521_641-20220621-055639-178-0.txt,0521_641-20220621\0521_641-20220621-061041-177-177.txt,055639,061041
0521_641,2022-06-22,142,0.8352941176470589,170,169,0521_641-20220622\0521_641-20220622-060149-170-0.txt,0521_641-20220622\0521_641-20220622-071834-169-169.txt,060149,071834
0521_643,2022-05-31,9,0.043689320388349516,206,203,0521_643-20220531\0521_643-20220531-055652-206-0.txt,0521_643-20220531\0521_643-20220531-065213-203-203.txt,055652,065213
0521_643,2022-06-01,7,0.03804347826086957,184,183,0521_643-20220601\0521_643-20220601-055011-184-0.txt,0521_643-20220601\0521_643-20220601-055213-183-183.txt,055011,055213
0521_643,2022-06-02,6,0.03488372093023256,172,172,0521_643-20220602\0521_643-20220602-055502-172-0.txt,0521_643-20220602\0521_643-20220602-060008-172-172.txt,055502,060008
0521_643,2022-06-03,11,0.06626506024096386,166,161,0521_643-20220603\0521_643-20220603-054526-166-0.txt,0521_643-20220603\0521_643-20220603-064540-161-161.txt,054526,064540
0521_643,2022-06-07,1,0.007874015748031496,126,127,0521_643-20220607\0521_643-20220607-060140-126-0.txt,0521_643-20220607\0521_643-20220607-064528-127-127.txt,060140,064528
0521_643,2022-06-08,5,0.025252525252525252,197,198,0521_643-20220608\0521_643-20220608-055348-197-0.txt,0521_643-20220608\0521_643-20220608-070141-198-198.txt,055348,070141
0521_643,2022-06-09,6,0.03508771929824561,171,171,0521_643-20220609\0521_643-20220609-054625-171-0.txt,0521_643-20220609\0521_643-20220609-065028-171-171.txt,054625,065028
0521_643,2022-06-10,168,0.9882352941176471,170,168,0521_643-20220610\0521_643-20220610-054636-170-0.txt,0521_643-20220610\0521_643-20220610-065532-168-168.txt,054636,065532
0521_643,2022-06-13,0,0.0,148,148,0521_643-20220613\0521_643-20220613-062618-148-0.txt,0521_643-20220613\0521_643-20220613-071259-148-148.txt,062618,071259
0521_643,2022-06-14,1,0.00510204081632653,196,195,0521_643-20220614\0521_643-20220614-060032-196-0.txt,0521_643-20220614\0521_643-20220614-062502-195-195.txt,060032,062502
0521_643,2022-06-15,1,0.006896551724137931,145,144,0521_643-20220615\0521_643-20220615-053646-145-0.txt,0521_643-20220615\0521_643-20220615-062945-144-144.txt,053646,062945
0521_643,2022-06-16,3,0.019736842105263157,152,149,0521_643-20220616\0521_643-20220616-053130-152-0.txt,0521_643-20220616\0521_643-20220616-053406-149-149.txt,053130,053406
0521_643,2022-06-17,1,0.007142857142857143,140,139,0521_643-20220617\0521_643-20220617-053839-140-0.txt,0521_643-20220617\0521_643-20220617-062933-139-139.txt,053839,062933
0521_643,2022-06-20,2,0.02127659574468085,94,92,0521_643-20220620\0521_643-20220620-054829-94-0.txt,0521_643-20220620\0521_643-20220620-060916-92-92.txt,054829,060916
0521_643,2022-06-21,3,0.01694915254237288,177,176,0521_643-20220621\0521_643-20220621-054017-177-0.txt,0521_643-20220621\0521_643-20220621-063925-176-176.txt,054017,063925
0521_643,2022-06-22,3,0.022058823529411766,136,135,0521_643-20220622\0521_643-20220622-053811-136-0.txt,0521_643-20220622\0521_643-20220622-063107-135-135.txt,053811,063107
0521_644,2022-05-31,0,0.0,125,125,0521_644-20220531\0521_644-20220531-085601-125-0.txt,0521_644-20220531\0521_644-20220531-094935-125-125.txt,085601,094935
0521_644,2022-06-01,0,0.0,102,102,0521_644-20220601\0521_644-20220601-085842-102-0.txt,0521_644-20220601\0521_644-20220601-093441-102-102.txt,085842,093441
0521_644,2022-06-02,0,0.0,96,96,0521_644-20220602\0521_644-20220602-085145-96-0.txt,0521_644-20220602\0521_644-20220602-094015-96-96.txt,085145,094015
0521_644,2022-06-03,0,0.0,91,91,0521_644-20220603\0521_644-20220603-084339-91-0.txt,0521_644-20220603\0521_644-20220603-092750-91-91.txt,084339,092750
0521_644,2022-06-04,0,0.0,46,46,0521_644-20220604\0521_644-20220604-062341-46-0.txt,0521_644-20220604\0521_644-20220604-064608-46-46.txt,062341,064608
0521_644,2022-06-07,0,0.0,74,74,0521_644-20220607\0521_644-20220607-090851-74-0.txt,0521_644-20220607\0521_644-20220607-093600-74-74.txt,090851,093600
0521_644,2022-06-08,0,0.0,112,112,0521_644-20220608\0521_644-20220608-085717-112-0.txt,0521_644-20220608\0521_644-20220608-095609-112-112.txt,085717,095609
0521_644,2022-06-09,0,0.0,110,110,0521_644-20220609\0521_644-20220609-085334-110-0.txt,0521_644-20220609\0521_644-20220609-093550-110-110.txt,085334,093550
0521_644,2022-06-13,0,0.0,85,85,0521_644-20220613\0521_644-20220613-090223-85-0.txt,0521_644-20220613\0521_644-20220613-093456-85-85.txt,090223,093456
0521_644,2022-06-14,0,0.0,111,111,0521_644-20220614\0521_644-20220614-092134-111-0.txt,0521_644-20220614\0521_644-20220614-100415-111-111.txt,092134,100415
0521_644,2022-06-15,0,0.0,103,103,0521_644-20220615\0521_644-20220615-084423-103-0.txt,0521_644-20220615\0521_644-20220615-094004-103-103.txt,084423,094004
0521_644,2022-06-16,0,0.0,92,92,0521_644-20220616\0521_644-20220616-094054-92-0.txt,0521_644-20220616\0521_644-20220616-094331-92-92.txt,094054,094331
0521_644,2022-06-17,0,0.0,81,81,0521_644-20220617\0521_644-20220617-095014-81-0.txt,0521_644-20220617\0521_644-20220617-102211-81-81.txt,095014,102211
0521_644,2022-06-18,19,0.4634146341463415,22,41,0521_644-20220618\0521_644-20220618-061433-22-0.txt,0521_644-20220618\0521_644-20220618-064854-41-41.txt,061433,064854
0521_644,2022-06-20,0,0.0,72,72,0521_644-20220620\0521_644-20220620-084041-72-0.txt,0521_644-20220620\0521_644-20220620-090546-72-72.txt,084041,090546
0521_644,2022-06-21,0,0.0,100,100,0521_644-20220621\0521_644-20220621-085914-100-0.txt,0521_644-20220621\0521_644-20220621-100551-100-100.txt,085914,100551
0521_646,2022-05-30,45,0.3543307086614173,127,127,0521_646-20220530\0521_646-20220530-070321-127-0.txt,0521_646-20220530\0521_646-20220530-084431-127-127.txt,070321,084431
0521_646,2022-05-31,37,0.2624113475177305,141,141,0521_646-20220531\0521_646-20220531-064533-141-0.txt,0521_646-20220531\0521_646-20220531-085212-141-141.txt,064533,085212
0521_646,2022-06-01,30,0.25,120,120,0521_646-20220601\0521_646-20220601-064450-120-0.txt,0521_646-20220601\0521_646-20220601-081847-120-120.txt,064450,081847
0521_646,2022-06-02,109,0.5396039603960396,202,123,0521_646-20220602\0521_646-20220602-064621-202-0.txt,0521_646-20220602\0521_646-20220602-081139-123-123.txt,064621,081139
0521_646,2022-06-03,47,0.4392523364485981,107,107,0521_646-20220603\0521_646-20220603-065439-107-0.txt,0521_646-20220603\0521_646-20220603-075942-107-107.txt,065439,075942
0521_646,2022-06-07,21,0.22340425531914893,93,94,0521_646-20220607\0521_646-20220607-063733-93-0.txt,0521_646-20220607\0521_646-20220607-073440-94-94.txt,063733,073440
0521_646,2022-06-08,40,0.3076923076923077,129,130,0521_646-20220608\0521_646-20220608-065234-129-0.txt,0521_646-20220608\0521_646-20220608-083726-130-130.txt,065234,083726
0521_646,2022-06-09,28,0.2204724409448819,127,127,0521_646-20220609\0521_646-20220609-071549-127-0.txt,0521_646-20220609\0521_646-20220609-073619-127-127.txt,071549,073619
0521_646,2022-06-10,41,0.33064516129032256,124,124,0521_646-20220610\0521_646-20220610-071638-124-0.txt,0521_646-20220610\0521_646-20220610-073610-124-124.txt,071638,073610
0521_646,2022-06-13,30,0.2542372881355932,118,116,0521_646-20220613\0521_646-20220613-070703-118-0.txt,0521_646-20220613\0521_646-20220613-085502-116-116.txt,070703,085502
0521_646,2022-06-14,25,0.22123893805309736,113,113,0521_646-20220614\0521_646-20220614-065550-113-0.txt,0521_646-20220614\0521_646-20220614-071239-113-113.txt,065550,071239
0521_646,2022-06-15,40,0.37037037037037035,108,108,0521_646-20220615\0521_646-20220615-065145-108-0.txt,0521_646-20220615\0521_646-20220615-081759-108-108.txt,065145,081759
0521_646,2022-06-16,32,0.2882882882882883,111,111,0521_646-20220616\0521_646-20220616-063555-111-0.txt,0521_646-20220616\0521_646-20220616-075633-111-111.txt,063555,075633
0521_646,2022-06-17,49,0.4537037037037037,107,108,0521_646-20220617\0521_646-20220617-065030-107-0.txt,0521_646-20220617\0521_646-20220617-080559-108-108.txt,065030,080559
0521_646,2022-06-20,35,0.35714285714285715,98,92,0521_646-20220620\0521_646-20220620-063934-98-0.txt,0521_646-20220620\0521_646-20220620-080016-92-92.txt,063934,080016
0521_646,2022-06-21,22,0.18333333333333332,120,120,0521_646-20220621\0521_646-20220621-065952-121-0.txt,0521_646-20220621\0521_646-20220621-083410-120-120.txt,065952,083410
0521_646,2022-06-22,12,0.10526315789473684,110,114,0521_646-20220622\0521_646-20220622-064306-110-0.txt,0521_646-20220622\0521_646-20220622-082536-114-114.txt,064306,082536
0521_647,2022-05-30,72,0.6,116,120,0521_647-20220530\0521_647-20220530-071137-116-0.txt,0521_647-20220530\0521_647-20220530-084056-120-120.txt,071137,084056
0521_647,2022-05-31,156,0.9811320754716981,159,142,0521_647-20220531\0521_647-20220531-071603-159-0.txt,0521_647-20220531\0521_647-20220531-090654-142-142.txt,071603,090654
0521_647,2022-06-01,33,0.2323943661971831,142,137,0521_647-20220601\0521_647-20220601-070202-142-0.txt,0521_647-20220601\0521_647-20220601-082040-137-137.txt,070202,082040
0521_647,2022-06-02,49,0.3402777777777778,143,144,0521_647-20220602\0521_647-20220602-070636-143-0.txt,0521_647-20220602\0521_647-20220602-083900-144-144.txt,070636,083900
0521_647,2022-06-03,33,0.28448275862068967,116,116,0521_647-20220603\0521_647-20220603-065718-116-0.txt,0521_647-20220603\0521_647-20220603-081532-116-116.txt,065718,081532
0521_647,2022-06-07,20,0.18518518518518517,108,108,0521_647-20220607\0521_647-20220607-064709-108-0.txt,0521_647-20220607\0521_647-20220607-074655-108-108.txt,064709,074655
0521_647,2022-06-08,43,0.21717171717171718,198,198,0521_647-20220608\0521_647-20220608-070623-198-0.txt,0521_647-20220608\0521_647-20220608-091147-198-198.txt,070623,091147
0521_647,2022-06-09,153,0.7574257425742574,195,202,0521_647-20220609\0521_647-20220609-073047-195-0.txt,0521_647-20220609\0521_647-20220609-094337-202-202.txt,073047,094337
0521_647,2022-06-10,58,0.30687830687830686,182,189,0521_647-20220610\0521_647-20220610-072452-182-0.txt,0521_647-20220610\0521_647-20220610-093202-189-189.txt,072452,093202
0521_647,2022-06-11,4,0.10526315789473684,38,38,0521_647-20220611\0521_647-20220611-070647-38-0.txt,0521_647-20220611\0521_647-20220611-072348-38-38.txt,070647,072348
0521_647,2022-06-13,33,0.28695652173913044,112,115,0521_647-20220613\0521_647-20220613-071610-112-0.txt,0521_647-20220613\0521_647-20220613-083513-115-115.txt,071610,083513
0521_647,2022-06-14,92,0.5027322404371585,179,183,0521_647-20220614\0521_647-20220614-070436-179-0.txt,0521_647-20220614\0521_647-20220614-090246-183-183.txt,070436,090246
0521_647,2022-06-15,20,0.14814814814814814,132,135,0521_647-20220615\0521_647-20220615-065923-132-0.txt,0521_647-20220615\0521_647-20220615-081936-135-135.txt,065923,081936
0521_647,2022-06-16,30,0.22388059701492538,131,134,0521_647-20220616\0521_647-20220616-064324-131-0.txt,0521_647-20220616\0521_647-20220616-080900-134-134.txt,064324,080900
0521_647,2022-06-17,7,0.05384615384615385,129,130,0521_647-20220617\0521_647-20220617-064116-129-0.txt,0521_647-20220617\0521_647-20220617-081000-130-130.txt,064116,081000
0521_647,2022-06-18,18,0.3829787234042553,47,47,0521_647-20220618\0521_647-20220618-063914-47-0.txt,0521_647-20220618\0521_647-20220618-065817-47-47.txt,063914,065817
0521_647,2022-06-20,37,0.3523809523809524,105,102,0521_647-20220620\0521_647-20220620-064749-105-0.txt,0521_647-20220620\0521_647-20220620-071405-102-102.txt,064749,071405
0521_647,2022-06-21,11,0.07096774193548387,155,153,0521_647-20220621\0521_647-20220621-070425-155-0.txt,0521_647-20220621\0521_647-20220621-084725-153-153.txt,070425,084725
0521_647,2022-06-22,77,0.4502923976608187,171,131,0521_647-20220622\0521_647-20220622-065227-171-0.txt,0521_647-20220622\0521_647-20220622-084156-131-131.txt,065227,084156
0521_649,2022-05-31,42,0.20192307692307693,208,203,0521_649-20220531\0521_649-20220531-090007-208-0.txt,0521_649-20220531\0521_649-20220531-102443-203-203.txt,090007,102443
0521_649,2022-06-01,6,0.03333333333333333,180,178,0521_649-20220601\0521_649-20220601-090305-180-0.txt,0521_649-20220601\0521_649-20220601-095409-178-178.txt,090305,095409
0521_649,2022-06-02,1,0.007142857142857143,140,139,0521_649-20220602\0521_649-20220602-084632-140-0.txt,0521_649-20220602\0521_649-20220602-094925-139-139.txt,084632,094925
0521_649,2022-06-03,2,0.014492753623188406,138,138,0521_649-20220603\0521_649-20220603-084705-138-0.txt,0521_649-20220603\0521_649-20220603-095854-138-138.txt,084705,095854
0521_649,2022-06-07,0,0.0,154,154,0521_649-20220607\0521_649-20220607-084820-154-0.txt,0521_649-20220607\0521_649-20220607-100627-154-154.txt,084820,100627
0521_649,2022-06-08,1,0.005434782608695652,184,183,0521_649-20220608\0521_649-20220608-090008-184-0.txt,0521_649-20220608\0521_649-20220608-102224-183-183.txt,090008,102224
0521_649,2022-06-09,26,0.14285714285714285,182,176,0521_649-20220609\0521_649-20220609-090150-182-0.txt,0521_649-20220609\0521_649-20220609-100745-176-176.txt,090150,100745
0521_649,2022-06-10,87,0.45549738219895286,191,191,0521_649-20220610\0521_649-20220610-090134-191-0.txt,0521_649-20220610\0521_649-20220610-101937-191-191.txt,090134,101937
0521_649,2022-06-13,0,0.0,121,121,0521_649-20220613\0521_649-20220613-083932-121-0.txt,0521_649-20220613\0521_649-20220613-093731-121-121.txt,083932,093731
0521_649,2022-06-14,4,0.0273972602739726,146,146,0521_649-20220614\0521_649-20220614-084711-146-0.txt,0521_649-20220614\0521_649-20220614-100516-146-146.txt,084711,100516
0521_649,2022-06-15,1,0.006289308176100629,158,159,0521_649-20220615\0521_649-20220615-084539-158-0.txt,0521_649-20220615\0521_649-20220615-095344-159-159.txt,084539,095344
0521_649,2022-06-16,111,0.7762237762237763,143,138,0521_649-20220616\0521_649-20220616-083455-143-0.txt,0521_649-20220616\0521_649-20220616-095808-138-138.txt,083455,095808
0521_649,2022-06-17,8,0.055944055944055944,143,143,0521_649-20220617\0521_649-20220617-084249-143-0.txt,0521_649-20220617\0521_649-20220617-095124-143-143.txt,084249,095124
0521_649,2022-06-20,4,0.03571428571428571,112,108,0521_649-20220620\0521_649-20220620-084949-113-0.txt,0521_649-20220620\0521_649-20220620-094106-108-108.txt,084949,094106
0521_649,2022-06-21,8,0.047619047619047616,166,168,0521_649-20220621\0521_649-20220621-084354-166-0.txt,0521_649-20220621\0521_649-20220621-100947-168-168.txt,084354,100947
0521_649,2022-06-22,2,0.014285714285714285,140,138,0521_649-20220622\0521_649-20220622-084256-140-0.txt,0521_649-20220622\0521_649-20220622-094350-138-138.txt,084256,094350
0521_650,2022-05-30,32,0.3333333333333333,96,92,0521_650-20220530\0521_650-20220530-063730-96-0.txt,0521_650-20220530\0521_650-20220530-073514-92-92.txt,063730,073514
0521_650,2022-05-31,29,0.2230769230769231,130,122,0521_650-20220531\0521_650-20220531-063442-130-0.txt,0521_650-20220531\0521_650-20220531-063843-122-122.txt,063442,063843
0521_650,2022-06-01,38,0.34234234234234234,103,111,0521_650-20220601\0521_650-20220601-065726-103-0.txt,0521_650-20220601\0521_650-20220601-080147-111-111.txt,065726,080147
0521_650,2022-06-02,34,0.30357142857142855,112,111,0521_650-20220602\0521_650-20220602-061708-112-0.txt,0521_650-20220602\0521_650-20220602-071519-111-111.txt,061708,071519
0521_650,2022-06-03,35,0.33653846153846156,103,104,0521_650-20220603\0521_650-20220603-065014-103-0.txt,0521_650-20220603\0521_650-20220603-075017-104-104.txt,065014,075017
0521_650,2022-06-07,41,0.33064516129032256,124,124,0521_650-20220607\0521_650-20220607-061948-124-0.txt,0521_650-20220607\0521_650-20220607-071612-124-124.txt,061948,071612
0521_650,2022-06-08,13,0.11206896551724138,114,116,0521_650-20220608\0521_650-20220608-063233-114-0.txt,0521_650-20220608\0521_650-20220608-073258-116-116.txt,063233,073258
0521_650,2022-06-09,28,0.23333333333333334,120,110,0521_650-20220609\0521_650-20220609-062708-120-0.txt,0521_650-20220609\0521_650-20220609-071828-110-110.txt,062708,071828
0521_650,2022-06-10,43,0.3467741935483871,124,124,0521_650-20220610\0521_650-20220610-062825-124-0.txt,0521_650-20220610\0521_650-20220610-071710-124-124.txt,062825,071710
0521_650,2022-06-13,33,0.3402061855670103,97,95,0521_650-20220613\0521_650-20220613-062929-97-0.txt,0521_650-20220613\0521_650-20220613-071027-95-95.txt,062929,071027
0521_650,2022-06-14,17,0.14049586776859505,121,118,0521_650-20220614\0521_650-20220614-062507-121-0.txt,0521_650-20220614\0521_650-20220614-070946-118-118.txt,062507,070946
0521_650,2022-06-15,35,0.3125,112,105,0521_650-20220615\0521_650-20220615-064012-112-0.txt,0521_650-20220615\0521_650-20220615-072947-105-105.txt,064012,072947
0521_650,2022-06-16,28,0.25688073394495414,109,108,0521_650-20220616\0521_650-20220616-062506-109-0.txt,0521_650-20220616\0521_650-20220616-071735-108-108.txt,062506,071735
0521_650,2022-06-17,19,0.2375,80,80,0521_650-20220617\0521_650-20220617-063420-80-0.txt,0521_650-20220617\0521_650-20220617-071401-80-80.txt,063420,071401
0521_650,2022-06-20,43,0.43434343434343436,99,99,0521_650-20220620\0521_650-20220620-062607-99-0.txt,0521_650-20220620\0521_650-20220620-071340-99-99.txt,062607,071340
0521_650,2022-06-21,33,0.30275229357798167,109,105,0521_650-20220621\0521_650-20220621-064539-109-0.txt,0521_650-20220621\0521_650-20220621-073758-105-105.txt,064539,073758
0521_650,2022-06-22,38,0.3877551020408163,98,96,0521_650-20220622\0521_650-20220622-064823-98-0.txt,0521_650-20220622\0521_650-20220622-073330-96-96.txt,064823,073330
0521_651,2022-05-31,127,0.8758620689655172,145,144,0521_651-20220531\0521_651-20220531-091849-145-0.txt,0521_651-20220531\0521_651-20220531-103513-144-144.txt,091849,103513
0521_651,2022-06-01,133,0.9708029197080292,137,137,0521_651-20220601\0521_651-20220601-091053-137-0.txt,0521_651-20220601\0521_651-20220601-102434-137-137.txt,091053,102434
0521_651,2022-06-02,118,0.9752066115702479,121,114,0521_651-20220602\0521_651-20220602-090221-121-0.txt,0521_651-20220602\0521_651-20220602-101206-114-114.txt,090221,101206
0521_651,2022-06-03,114,0.9421487603305785,121,121,0521_651-20220603\0521_651-20220603-090742-121-0.txt,0521_651-20220603\0521_651-20220603-100218-121-121.txt,090742,100218
0521_651,2022-06-07,110,0.9090909090909091,121,117,0521_651-20220607\0521_651-20220607-085603-121-0.txt,0521_651-20220607\0521_651-20220607-095126-117-117.txt,085603,095126
0521_651,2022-06-08,135,0.9712230215827338,139,139,0521_651-20220608\0521_651-20220608-091546-139-0.txt,0521_651-20220608\0521_651-20220608-102307-139-139.txt,091546,102307
0521_651,2022-06-09,140,0.9722222222222222,144,134,0521_651-20220609\0521_651-20220609-092311-145-0.txt,0521_651-20220609\0521_651-20220609-103519-134-134.txt,092311,103519
0521_651,2022-06-10,125,0.9398496240601504,133,126,0521_651-20220610\0521_651-20220610-091024-134-0.txt,0521_651-20220610\0521_651-20220610-101713-126-126.txt,091024,101713
0521_651,2022-06-13,72,0.9113924050632911,79,79,0521_651-20220613\0521_651-20220613-094210-79-0.txt,0521_651-20220613\0521_651-20220613-104238-79-79.txt,094210,104238
0521_651,2022-06-14,107,0.9224137931034483,116,116,0521_651-20220614\0521_651-20220614-090352-116-0.txt,0521_651-20220614\0521_651-20220614-100354-116-116.txt,090352,100354
0521_651,2022-06-15,135,0.9782608695652174,138,128,0521_651-20220615\0521_651-20220615-092805-138-0.txt,0521_651-20220615\0521_651-20220615-104316-128-128.txt,092805,104316
0521_651,2022-06-16,121,0.9603174603174603,126,120,0521_651-20220616\0521_651-20220616-090644-126-0.txt,0521_651-20220616\0521_651-20220616-102352-120-120.txt,090644,102352
0521_651,2022-06-17,30,0.4918032786885246,61,59,0521_651-20220617\0521_651-20220617-085718-61-0.txt,0521_651-20220617\0521_651-20220617-092732-59-59.txt,085718,092732
0521_651,2022-06-20,50,0.78125,64,54,0521_651-20220620\0521_651-20220620-085548-64-0.txt,0521_651-20220620\0521_651-20220620-095026-54-54.txt,085548,095026
0521_651,2022-06-21,140,0.9395973154362416,149,140,0521_651-20220621\0521_651-20220621-092912-149-0.txt,0521_651-20220621\0521_651-20220621-103453-140-140.txt,092912,103453
0521_651,2022-06-22,133,0.9708029197080292,137,136,0521_651-20220622\0521_651-20220622-093116-137-0.txt,0521_651-20220622\0521_651-20220622-104151-136-136.txt,093116,104151
0521_652,2022-05-30,25,0.19230769230769232,130,109,0521_652-20220530\0521_652-20220530-064932-130-0.txt,0521_652-20220530\0521_652-20220530-080524-109-109.txt,064932,080524
0521_652,2022-05-31,5,0.042735042735042736,117,114,0521_652-20220531\0521_652-20220531-063058-117-0.txt,0521_652-20220531\0521_652-20220531-063446-114-114.txt,063058,063446
0521_652,2022-06-01,4,0.034782608695652174,115,113,0521_652-20220601\0521_652-20220601-063047-115-0.txt,0521_652-20220601\0521_652-20220601-072445-113-113.txt,063047,072445
0521_652,2022-06-02,4,0.03773584905660377,106,106,0521_652-20220602\0521_652-20220602-060516-106-0.txt,0521_652-20220602\0521_652-20220602-065323-106-106.txt,060516,065323
0521_652,2022-06-03,9,0.08108108108108109,111,107,0521_652-20220603\0521_652-20220603-062001-111-0.txt,0521_652-20220603\0521_652-20220603-072427-107-107.txt,062001,072427
0521_652,2022-06-07,7,0.06666666666666667,105,101,0521_652-20220607\0521_652-20220607-061458-105-0.txt,0521_652-20220607\0521_652-20220607-071527-101-101.txt,061458,071527
0521_652,2022-06-08,0,0.0,109,109,0521_652-20220608\0521_652-20220608-062218-109-0.txt,0521_652-20220608\0521_652-20220608-071054-109-109.txt,062218,071054
0521_652,2022-06-09,24,0.1935483870967742,124,105,0521_652-20220609\0521_652-20220609-061805-124-0.txt,0521_652-20220609\0521_652-20220609-071134-105-105.txt,061805,071134
0521_652,2022-06-10,47,0.373015873015873,126,112,0521_652-20220610\0521_652-20220610-062719-126-0.txt,0521_652-20220610\0521_652-20220610-072405-112-112.txt,062719,072405
0521_652,2022-06-13,13,0.12037037037037036,108,97,0521_652-20220613\0521_652-20220613-062524-108-0.txt,0521_652-20220613\0521_652-20220613-071659-97-97.txt,062524,071659
0521_652,2022-06-14,2,0.017094017094017096,117,117,0521_652-20220614\0521_652-20220614-063805-117-0.txt,0521_652-20220614\0521_652-20220614-072746-117-117.txt,063805,072746
0521_652,2022-06-15,3,0.02702702702702703,110,111,0521_652-20220615\0521_652-20220615-063056-110-0.txt,0521_652-20220615\0521_652-20220615-072906-111-111.txt,063056,072906
0521_652,2022-06-16,0,0.0,108,108,0521_652-20220616\0521_652-20220616-062323-108-0.txt,0521_652-20220616\0521_652-20220616-071045-108-108.txt,062323,071045
0521_652,2022-06-17,21,0.17796610169491525,118,102,0521_652-20220617\0521_652-20220617-061439-118-0.txt,0521_652-20220617\0521_652-20220617-071606-102-102.txt,061439,071606
0521_652,2022-06-20,4,0.038834951456310676,103,103,0521_652-20220620\0521_652-20220620-062033-103-0.txt,0521_652-20220620\0521_652-20220620-070800-103-103.txt,062033,070800
0521_652,2022-06-21,7,0.06422018348623854,109,108,0521_652-20220621\0521_652-20220621-063941-109-0.txt,0521_652-20220621\0521_652-20220621-072805-108-108.txt,063941,072805
0521_652,2022-06-22,4,0.03773584905660377,106,104,0521_652-20220622\0521_652-20220622-062726-106-0.txt,0521_652-20220622\0521_652-20220622-071421-104-104.txt,062726,071421
0521_655,2022-05-30,31,0.2605042016806723,119,118,0521_655-20220530\0521_655-20220530-061150-119-0.txt,0521_655-20220530\0521_655-20220530-064629-118-118.txt,061150,064629
0521_655,2022-05-31,59,0.32065217391304346,181,184,0521_655-20220531\0521_655-20220531-063054-181-0.txt,0521_655-20220531\0521_655-20220531-074859-184-184.txt,063054,074859
0521_655,2022-06-01,43,0.28289473684210525,151,152,0521_655-20220601\0521_655-20220601-064037-151-0.txt,0521_655-20220601\0521_655-20220601-080532-152-152.txt,064037,080532
0521_655,2022-06-02,55,0.3873239436619718,142,142,0521_655-20220602\0521_655-20220602-062140-142-0.txt,0521_655-20220602\0521_655-20220602-071804-142-142.txt,062140,071804
0521_655,2022-06-03,46,0.3709677419354839,124,119,0521_655-20220603\0521_655-20220603-061721-124-0.txt,0521_655-20220603\0521_655-20220603-071059-119-119.txt,061721,071059
0521_655,2022-06-07,33,0.29464285714285715,112,109,0521_655-20220607\0521_655-20220607-054853-112-0.txt,0521_655-20220607\0521_655-20220607-064314-109-109.txt,054853,064314
0521_655,2022-06-08,55,0.36423841059602646,145,151,0521_655-20220608\0521_655-20220608-061314-145-0.txt,0521_655-20220608\0521_655-20220608-071259-151-151.txt,061314,071259
0521_655,2022-06-09,27,0.17647058823529413,153,152,0521_655-20220609\0521_655-20220609-060850-153-0.txt,0521_655-20220609\0521_655-20220609-070928-152-152.txt,060850,070928
0521_655,2022-06-10,114,0.6951219512195121,164,135,0521_655-20220610\0521_655-20220610-062202-164-0.txt,0521_655-20220610\0521_655-20220610-072535-135-135.txt,062202,072535
0521_655,2022-06-13,87,0.6214285714285714,140,108,0521_655-20220613\0521_655-20220613-065024-140-0.txt,0521_655-20220613\0521_655-20220613-075431-108-108.txt,065024,075431
0521_655,2022-06-14,74,0.7551020408163265,93,98,0521_655-20220614\0521_655-20220614-063759-93-0.txt,0521_655-20220614\0521_655-20220614-070841-98-98.txt,063759,070841
0521_655,2022-06-15,33,0.3055555555555556,108,107,0521_655-20220615\0521_655-20220615-061538-108-0.txt,0521_655-20220615\0521_655-20220615-064502-107-107.txt,061538,064502
0521_655,2022-06-17,48,0.366412213740458,131,129,0521_655-20220617\0521_655-20220617-064349-131-0.txt,0521_655-20220617\0521_655-20220617-073146-129-129.txt,064349,073146
0521_655,2022-06-20,85,0.7024793388429752,121,117,0521_655-20220620\0521_655-20220620-061011-121-0.txt,0521_655-20220620\0521_655-20220620-070639-117-117.txt,061011,070639
0521_655,2022-06-21,64,0.5039370078740157,127,106,0521_655-20220621\0521_655-20220621-062140-127-0.txt,0521_655-20220621\0521_655-20220621-071852-106-106.txt,062140,071852
0521_655,2022-06-22,58,0.3972602739726027,146,138,0521_655-20220622\0521_655-20220622-061231-146-0.txt,0521_655-20220622\0521_655-20220622-072548-138-138.txt,061231,072548
0521_656,2022-05-31,90,0.5921052631578947,150,152,0521_656-20220531\0521_656-20220531-085854-150-0.txt,0521_656-20220531\0521_656-20220531-102836-152-152.txt,085854,102836
0521_656,2022-06-01,17,0.13934426229508196,122,117,0521_656-20220601\0521_656-20220601-083712-122-0.txt,0521_656-20220601\0521_656-20220601-093417-117-117.txt,083712,093417
0521_656,2022-06-02,20,0.16806722689075632,119,119,0521_656-20220602\0521_656-20220602-085327-119-0.txt,0521_656-20220602\0521_656-20220602-095238-119-119.txt,085327,095238
0521_656,2022-06-03,30,0.3,100,100,0521_656-20220603\0521_656-20220603-084923-100-0.txt,0521_656-20220603\0521_656-20220603-085954-100-100.txt,084923,085954
0521_656,2022-06-07,6,0.058823529411764705,102,101,0521_656-20220607\0521_656-20220607-081925-102-0.txt,0521_656-20220607\0521_656-20220607-084238-101-101.txt,081925,084238
0521_656,2022-06-08,49,0.35,140,140,0521_656-20220608\0521_656-20220608-085703-140-0.txt,0521_656-20220608\0521_656-20220608-094926-140-140.txt,085703,094926
0521_656,2022-06-09,120,0.916030534351145,131,124,0521_656-20220609\0521_656-20220609-084506-131-0.txt,0521_656-20220609\0521_656-20220609-095439-124-124.txt,084506,095439
0521_656,2022-06-10,30,0.22388059701492538,134,133,0521_656-20220610\0521_656-20220610-084243-134-0.txt,0521_656-20220610\0521_656-20220610-093852-133-133.txt,084243,093852
0521_656,2022-06-13,14,0.11475409836065574,122,118,0521_656-20220613\0521_656-20220613-084517-122-0.txt,0521_656-20220613\0521_656-20220613-094407-118-118.txt,084517,094407
0521_656,2022-06-14,109,0.7465753424657534,146,141,0521_656-20220614\0521_656-20220614-084024-146-0.txt,0521_656-20220614\0521_656-20220614-095323-141-141.txt,084024,095323
0521_656,2022-06-15,98,0.8376068376068376,116,117,0521_656-20220615\0521_656-20220615-083254-116-0.txt,0521_656-20220615\0521_656-20220615-092958-117-117.txt,083254,092958
0521_656,2022-06-17,55,0.5729166666666666,96,96,0521_656-20220617\0521_656-20220617-084257-96-0.txt,0521_656-20220617\0521_656-20220617-091945-96-96.txt,084257,091945
0521_656,2022-06-20,73,0.9012345679012346,81,81,0521_656-20220620\0521_656-20220620-083455-81-0.txt,0521_656-20220620\0521_656-20220620-090846-81-81.txt,083455,090846
0521_656,2022-06-21,24,0.1643835616438356,139,146,0521_656-20220621\0521_656-20220621-084202-139-0.txt,0521_656-20220621\0521_656-20220621-095430-146-146.txt,084202,095430
0521_656,2022-06-22,4,0.03636363636363636,110,109,0521_656-20220622\0521_656-20220622-082030-110-0.txt,0521_656-20220622\0521_656-20220622-085644-109-109.txt,082030,085644
0521_657,2022-05-31,48,0.23529411764705882,203,204,0521_657-20220531\0521_657-20220531-051119-203-0.txt,0521_657-20220531\0521_657-20220531-080709-204-204.txt,051119,080709
0521_657,2022-06-01,96,0.48484848484848486,198,193,0521_657-20220601\0521_657-20220601-050846-198-0.txt,0521_657-20220601\0521_657-20220601-080717-193-193.txt,050846,080717
0521_657,2022-06-02,56,0.3163841807909605,177,157,0521_657-20220602\0521_657-20220602-050520-177-0.txt,0521_657-20220602\0521_657-20220602-065806-157-157.txt,050520,065806
0521_657,2022-06-03,51,0.30177514792899407,163,169,0521_657-20220603\0521_657-20220603-051659-163-0.txt,0521_657-20220603\0521_657-20220603-073004-169-169.txt,051659,073004
0521_657,2022-06-07,64,0.4025157232704403,139,159,0521_657-20220607\0521_657-20220607-050258-139-0.txt,0521_657-20220607\0521_657-20220607-073209-159-159.txt,050258,073209
0521_657,2022-06-08,59,0.3105263157894737,176,190,0521_657-20220608\0521_657-20220608-050922-176-0.txt,0521_657-20220608\0521_657-20220608-072927-190-190.txt,050922,072927
0521_657,2022-06-09,37,0.23417721518987342,149,158,0521_657-20220609\0521_657-20220609-050908-149-0.txt,0521_657-20220609\0521_657-20220609-071014-158-158.txt,050908,071014
0521_657,2022-06-10,81,0.47093023255813954,171,172,0521_657-20220610\0521_657-20220610-060215-171-0.txt,0521_657-20220610\0521_657-20220610-073747-172-172.txt,060215,073747
0521_657,2022-06-13,91,0.5986842105263158,151,152,0521_657-20220613\0521_657-20220613-055057-151-0.txt,0521_657-20220613\0521_657-20220613-065929-152-152.txt,055057,065929
0521_657,2022-06-14,100,0.5235602094240838,190,191,0521_657-20220614\0521_657-20220614-054417-190-0.txt,0521_657-20220614\0521_657-20220614-065459-191-191.txt,054417,065459
0521_657,2022-06-15,66,0.42038216560509556,157,156,0521_657-20220615\0521_657-20220615-054446-157-0.txt,0521_657-20220615\0521_657-20220615-065657-156-156.txt,054446,065657
0521_657,2022-06-16,65,0.436241610738255,149,149,0521_657-20220616\0521_657-20220616-054643-149-0.txt,0521_657-20220616\0521_657-20220616-065724-149-149.txt,054643,065724
0521_657,2022-06-17,53,0.3897058823529412,136,135,0521_657-20220617\0521_657-20220617-055009-136-0.txt,0521_657-20220617\0521_657-20220617-065642-135-135.txt,055009,065642
0521_657,2022-06-20,84,0.5915492957746479,142,142,0521_657-20220620\0521_657-20220620-054330-142-0.txt,0521_657-20220620\0521_657-20220620-070026-142-142.txt,054330,070026
0521_657,2022-06-21,87,0.564935064935065,154,153,0521_657-20220621\0521_657-20220621-053815-154-0.txt,0521_657-20220621\0521_657-20220621-064054-153-153.txt,053815,064054
0521_657,2022-06-22,123,0.6473684210526316,190,190,0521_657-20220622\0521_657-20220622-060245-190-0.txt,0521_657-20220622\0521_657-20220622-071534-190-190.txt,060245,071534
0521_658,2022-05-31,45,0.2542372881355932,177,177,0521_658-20220531\0521_658-20220531-091220-177-0.txt,0521_658-20220531\0521_658-20220531-101647-177-177.txt,091220,101647
0521_658,2022-06-01,31,0.22142857142857142,140,140,0521_658-20220601\0521_658-20220601-084851-140-0.txt,0521_658-20220601\0521_658-20220601-093402-140-140.txt,084851,093402
0521_658,2022-06-02,21,0.18584070796460178,113,113,0521_658-20220602\0521_658-20220602-083732-113-0.txt,0521_658-20220602\0521_658-20220602-092243-113-113.txt,083732,092243
0521_658,2022-06-03,30,0.22556390977443608,133,131,0521_658-20220603\0521_658-20220603-083235-133-0.txt,0521_658-20220603\0521_658-20220603-091926-131-131.txt,083235,091926
0521_658,2022-06-07,23,0.23711340206185566,97,97,0521_658-20220607\0521_658-20220607-083905-97-0.txt,0521_658-20220607\0521_658-20220607-091813-97-97.txt,083905,091813
0521_658,2022-06-08,27,0.17419354838709677,155,155,0521_658-20220608\0521_658-20220608-085822-155-0.txt,0521_658-20220608\0521_658-20220608-100247-155-155.txt,085822,100247
0521_658,2022-06-09,61,0.3465909090909091,176,176,0521_658-20220609\0521_658-20220609-091511-176-0.txt,0521_658-20220609\0521_658-20220609-103009-176-176.txt,091511,103009
0521_658,2022-06-10,83,0.538961038961039,154,153,0521_658-20220610\0521_658-20220610-084854-154-0.txt,0521_658-20220610\0521_658-20220610-095318-153-153.txt,084854,095318
0521_658,2022-06-13,18,0.15254237288135594,118,116,0521_658-20220613\0521_658-20220613-093734-118-0.txt,0521_658-20220613\0521_658-20220613-102858-116-116.txt,093734,102858
0521_658,2022-06-14,21,0.15789473684210525,133,132,0521_658-20220614\0521_658-20220614-091450-133-0.txt,0521_658-20220614\0521_658-20220614-101235-132-132.txt,091450,101235
0521_658,2022-06-15,46,0.2967741935483871,155,154,0521_658-20220615\0521_658-20220615-090502-155-0.txt,0521_658-20220615\0521_658-20220615-101601-154-154.txt,090502,101601
0521_658,2022-06-16,101,0.753731343283582,134,131,0521_658-20220616\0521_658-20220616-084835-134-0.txt,0521_658-20220616\0521_658-20220616-094728-131-131.txt,084835,094728
0521_658,2022-06-17,11,0.0990990990990991,111,109,0521_658-20220617\0521_658-20220617-083411-111-0.txt,0521_658-20220617\0521_658-20220617-091426-109-109.txt,083411,091426
0521_658,2022-06-20,23,0.26136363636363635,88,86,0521_658-20220620\0521_658-20220620-084633-88-0.txt,0521_658-20220620\0521_658-20220620-091408-86-86.txt,084633,091408
0521_658,2022-06-21,28,0.17073170731707318,164,161,0521_658-20220621\0521_658-20220621-085310-164-0.txt,0521_658-20220621\0521_658-20220621-095858-161-161.txt,085310,095858
0521_658,2022-06-22,33,0.2558139534883721,129,129,0521_658-20220622\0521_658-20220622-084805-129-0.txt,0521_658-20220622\0521_658-20220622-093627-129-129.txt,084805,093627
0521_659,2022-05-31,160,0.898876404494382,178,169,0521_659-20220531\0521_659-20220531-062134-178-0.txt,0521_659-20220531\0521_659-20220531-072559-169-169.txt,062134,072559
0521_659,2022-06-01,128,0.7804878048780488,164,154,0521_659-20220601\0521_659-20220601-060128-164-0.txt,0521_659-20220601\0521_659-20220601-070004-154-154.txt,060128,070004
0521_659,2022-06-02,100,0.6711409395973155,149,141,0521_659-20220602\0521_659-20220602-060416-149-0.txt,0521_659-20220602\0521_659-20220602-065619-141-141.txt,060416,065619
0521_659,2022-06-03,80,0.625,128,120,0521_659-20220603\0521_659-20220603-061111-128-0.txt,0521_659-20220603\0521_659-20220603-065713-120-120.txt,061111,065713
0521_659,2022-06-07,84,0.9882352941176471,85,82,0521_659-20220607\0521_659-20220607-054153-85-0.txt,0521_659-20220607\0521_659-20220607-061224-82-82.txt,054153,061224
0521_659,2022-06-08,104,0.7878787878787878,132,127,0521_659-20220608\0521_659-20220608-054702-132-0.txt,0521_659-20220608\0521_659-20220608-062500-127-127.txt,054702,062500
0521_659,2022-06-09,123,0.7884615384615384,156,147,0521_659-20220609\0521_659-20220609-060623-156-0.txt,0521_659-20220609\0521_659-20220609-065924-147-147.txt,060623,065924
0521_659,2022-06-10,172,0.9717514124293786,177,169,0521_659-20220610\0521_659-20220610-061108-177-0.txt,0521_659-20220610\0521_659-20220610-071130-169-169.txt,061108,071130
0521_659,2022-06-13,115,0.8846153846153846,130,119,0521_659-20220613\0521_659-20220613-060959-130-0.txt,0521_659-20220613\0521_659-20220613-065444-119-119.txt,060959,065444
0521_659,2022-06-14,142,0.9659863945578231,147,132,0521_659-20220614\0521_659-20220614-062400-147-0.txt,0521_659-20220614\0521_659-20220614-072824-132-132.txt,062400,072824
0521_659,2022-06-15,107,0.9553571428571429,112,106,0521_659-20220615\0521_659-20220615-054332-112-0.txt,0521_659-20220615\0521_659-20220615-062519-106-106.txt,054332,062519
0521_659,2022-06-17,89,0.8165137614678899,109,99,0521_659-20220617\0521_659-20220617-054705-109-0.txt,0521_659-20220617\0521_659-20220617-062113-99-99.txt,054705,062113
0521_659,2022-06-20,51,0.6455696202531646,79,62,0521_659-20220620\0521_659-20220620-053925-79-0.txt,0521_659-20220620\0521_659-20220620-054948-62-62.txt,053925,054948
0521_659,2022-06-21,92,0.6216216216216216,148,145,0521_659-20220621\0521_659-20220621-061914-148-0.txt,0521_659-20220621\0521_659-20220621-065154-145-145.txt,061914,065154
0521_659,2022-06-22,102,0.7786259541984732,131,127,0521_659-20220622\0521_659-20220622-055556-131-0.txt,0521_659-20220622\0521_659-20220622-063517-127-127.txt,055556,063517
0521_660,2022-05-31,11,0.06547619047619048,168,157,0521_660-20220531\0521_660-20220531-062307-168-0.txt,0521_660-20220531\0521_660-20220531-073740-157-157.txt,062307,073740
0521_660,2022-06-01,4,0.025157232704402517,159,155,0521_660-20220601\0521_660-20220601-062723-159-0.txt,0521_660-20220601\0521_660-20220601-073826-155-155.txt,062723,073826
0521_660,2022-06-02,0,0.0,134,134,0521_660-20220602\0521_660-20220602-054934-134-0.txt,0521_660-20220602\0521_660-20220602-064242-134-134.txt,054934,064242
0521_660,2022-06-03,3,0.022556390977443608,133,130,0521_660-20220603\0521_660-20220603-055321-133-0.txt,0521_660-20220603\0521_660-20220603-063056-130-130.txt,055321,063056
0521_660,2022-06-04,1,0.016666666666666666,60,59,0521_660-20220604\0521_660-20220604-054405-60-0.txt,0521_660-20220604\0521_660-20220604-060838-59-59.txt,054405,060838
0521_660,2022-06-07,1,0.00819672131147541,122,121,0521_660-20220607\0521_660-20220607-053213-122-0.txt,0521_660-20220607\0521_660-20220607-061827-121-121.txt,053213,061827
0521_660,2022-06-08,1,0.006211180124223602,161,160,0521_660-20220608\0521_660-20220608-054640-161-0.txt,0521_660-20220608\0521_660-20220608-064206-160-160.txt,054640,064206
0521_660,2022-06-09,2,0.013333333333333334,150,148,0521_660-20220609\0521_660-20220609-054650-150-0.txt,0521_660-20220609\0521_660-20220609-064216-148-148.txt,054650,064216
0521_660,2022-06-11,0,0.0,62,62,0521_660-20220611\0521_660-20220611-053854-62-0.txt,0521_660-20220611\0521_660-20220611-060851-62-62.txt,053854,060851
0521_660,2022-06-13,1,0.008130081300813009,123,122,0521_660-20220613\0521_660-20220613-054612-123-0.txt,0521_660-20220613\0521_660-20220613-063130-122-122.txt,054612,063130
0521_660,2022-06-14,2,0.013986013986013986,143,141,0521_660-20220614\0521_660-20220614-054310-143-0.txt,0521_660-20220614\0521_660-20220614-064625-141-141.txt,054310,064625
0521_660,2022-06-15,0,0.0,130,130,0521_660-20220615\0521_660-20220615-053927-130-0.txt,0521_660-20220615\0521_660-20220615-062737-130-130.txt,053927,062737
0521_660,2022-06-16,2,0.012048192771084338,166,164,0521_660-20220616\0521_660-20220616-055341-166-0.txt,0521_660-20220616\0521_660-20220616-064917-164-164.txt,055341,064917
0521_660,2022-06-17,0,0.0,125,125,0521_660-20220617\0521_660-20220617-054627-125-0.txt,0521_660-20220617\0521_660-20220617-062903-125-125.txt,054627,062903
0521_660,2022-06-18,1,0.016666666666666666,60,59,0521_660-20220618\0521_660-20220618-054213-60-0.txt,0521_660-20220618\0521_660-20220618-060540-59-59.txt,054213,060540
0521_660,2022-06-20,0,0.0,75,75,0521_660-20220620\0521_660-20220620-053123-75-0.txt,0521_660-20220620\0521_660-20220620-060535-75-75.txt,053123,060535
0521_660,2022-06-21,0,0.0,152,152,0521_660-20220621\0521_660-20220621-054350-152-0.txt,0521_660-20220621\0521_660-20220621-063554-152-152.txt,054350,063554
0521_660,2022-06-22,1,0.007042253521126761,142,141,0521_660-20220622\0521_660-20220622-053653-142-0.txt,0521_660-20220622\0521_660-20220622-063110-141-141.txt,053653,063110
0521_663,2022-05-30,140,0.8333333333333334,168,168,0521_663-20220530\0521_663-20220530-061156-168-0.txt,0521_663-20220530\0521_663-20220530-073704-168-168.txt,061156,073704
0521_663,2022-05-31,136,0.7555555555555555,180,180,0521_663-20220531\0521_663-20220531-063843-180-0.txt,0521_663-20220531\0521_663-20220531-080205-180-180.txt,063843,080205
0521_663,2022-06-01,0,0.0,176,176,0521_663-20220601\0521_663-20220601-061304-176-0.txt,0521_663-20220601\0521_663-20220601-072816-176-176.txt,061304,072816
0521_663,2022-06-02,126,0.711864406779661,177,177,0521_663-20220602\0521_663-20220602-060441-177-0.txt,0521_663-20220602\0521_663-20220602-072452-177-177.txt,060441,072452
0521_663,2022-06-03,90,0.6976744186046512,129,129,0521_663-20220603\0521_663-20220603-055633-129-0.txt,0521_663-20220603\0521_663-20220603-071928-129-129.txt,055633,071928
0521_663,2022-06-04,0,0.0,86,86,0521_663-20220604\0521_663-20220604-054527-86-0.txt,0521_663-20220604\0521_663-20220604-054702-86-86.txt,054527,054702
0521_663,2022-06-07,80,0.7407407407407407,108,108,0521_663-20220607\0521_663-20220607-055845-108-0.txt,0521_663-20220607\0521_663-20220607-070008-108-108.txt,055845,070008
0521_663,2022-06-08,0,0.0,195,195,0521_663-20220608\0521_663-20220608-061820-195-0.txt,0521_663-20220608\0521_663-20220608-074651-195-195.txt,061820,074651
0521_663,2022-06-09,0,0.0,201,201,0521_663-20220609\0521_663-20220609-063230-201-0.txt,0521_663-20220609\0521_663-20220609-063352-201-201.txt,063230,063352
0521_663,2022-06-10,0,0.0,171,171,0521_663-20220610\0521_663-20220610-061355-171-0.txt,0521_663-20220610\0521_663-20220610-071418-171-171.txt,061355,071418
0521_663,2022-06-13,142,0.9044585987261147,157,157,0521_663-20220613\0521_663-20220613-062118-157-0.txt,0521_663-20220613\0521_663-20220613-074458-157-157.txt,062118,074458
0521_663,2022-06-14,134,0.8933333333333333,150,150,0521_663-20220614\0521_663-20220614-061555-150-0.txt,0521_663-20220614\0521_663-20220614-072728-150-150.txt,061555,072728
0521_663,2022-06-15,19,0.11377245508982035,167,166,0521_663-20220615\0521_663-20220615-060416-167-0.txt,0521_663-20220615\0521_663-20220615-073437-166-166.txt,060416,073437
0521_663,2022-06-16,92,0.7244094488188977,127,127,0521_663-20220616\0521_663-20220616-054718-127-0.txt,0521_663-20220616\0521_663-20220616-070112-127-127.txt,054718,070112
0521_663,2022-06-17,102,0.7906976744186046,129,129,0521_663-20220617\0521_663-20220617-055929-129-0.txt,0521_663-20220617\0521_663-20220617-070953-129-129.txt,055929,070953
0521_663,2022-06-20,70,0.5833333333333334,120,120,0521_663-20220620\0521_663-20220620-054113-120-0.txt,0521_663-20220620\0521_663-20220620-064019-120-120.txt,054113,064019
0521_663,2022-06-21,44,0.2328042328042328,189,189,0521_663-20220621\0521_663-20220621-062415-189-0.txt,0521_663-20220621\0521_663-20220621-082013-189-189.txt,062415,082013
0521_663,2022-06-22,112,0.7320261437908496,153,153,0521_663-20220622\0521_663-20220622-055200-153-0.txt,0521_663-20220622\0521_663-20220622-070227-153-153.txt,055200,070227
0521_664,2022-05-30,12,0.0736196319018405,163,151,0521_664-20220530\0521_664-20220530-061016-163-0.txt,0521_664-20220530\0521_664-20220530-074657-151-151.txt,061016,074657
0521_664,2022-06-01,0,0.0,155,155,0521_664-20220601\0521_664-20220601-061859-155-0.txt,0521_664-20220601\0521_664-20220601-074727-155-155.txt,061859,074727
0521_664,2022-06-03,0,0.0,135,135,0521_664-20220603\0521_664-20220603-060534-135-0.txt,0521_664-20220603\0521_664-20220603-074556-135-135.txt,060534,074556
0521_664,2022-06-08,0,0.0,149,149,0521_664-20220608\0521_664-20220608-062826-149-0.txt,0521_664-20220608\0521_664-20220608-075146-149-149.txt,062826,075146
0521_664,2022-06-13,0,0.0,150,150,0521_664-20220613\0521_664-20220613-062228-150-0.txt,0521_664-20220613\0521_664-20220613-080024-150-150.txt,062228,080024
0521_664,2022-06-14,0,0.0,150,150,0521_664-20220614\0521_664-20220614-063603-150-0.txt,0521_664-20220614\0521_664-20220614-080017-150-150.txt,063603,080017
0521_664,2022-06-15,0,0.0,150,150,0521_664-20220615\0521_664-20220615-062407-150-0.txt,0521_664-20220615\0521_664-20220615-074104-150-150.txt,062407,074104
0521_664,2022-06-17,0,0.0,145,145,0521_664-20220617\0521_664-20220617-060158-145-0.txt,0521_664-20220617\0521_664-20220617-072318-145-145.txt,060158,072318
0521_664,2022-06-20,0,0.0,106,106,0521_664-20220620\0521_664-20220620-060037-106-0.txt,0521_664-20220620\0521_664-20220620-070639-106-106.txt,060037,070639
0521_664,2022-06-21,0,0.0,146,146,0521_664-20220621\0521_664-20220621-063201-146-0.txt,0521_664-20220621\0521_664-20220621-075513-146-146.txt,063201,075513
0521_664,2022-06-22,0,0.0,140,140,0521_664-20220622\0521_664-20220622-061838-140-0.txt,0521_664-20220622\0521_664-20220622-074511-140-140.txt,061838,074511
0521_665,2022-05-30,0,0.0,109,109,0521_665-20220530\0521_665-20220530-062653-109-0.txt,0521_665-20220530\0521_665-20220530-074557-109-109.txt,062653,074557
0521_665,2022-05-31,20,0.14388489208633093,139,139,0521_665-20220531\0521_665-20220531-072814-139-0.txt,0521_665-20220531\0521_665-20220531-090033-139-139.txt,072814,090033
0521_665,2022-06-01,12,0.08823529411764706,136,136,0521_665-20220601\0521_665-20220601-063924-136-0.txt,0521_665-20220601\0521_665-20220601-083400-136-136.txt,063924,083400
0521_665,2022-06-02,12,0.09836065573770492,122,122,0521_665-20220602\0521_665-20220602-063154-122-0.txt,0521_665-20220602\0521_665-20220602-083347-122-122.txt,063154,083347
0521_665,2022-06-03,2,0.0196078431372549,102,102,0521_665-20220603\0521_665-20220603-061344-102-0.txt,0521_665-20220603\0521_665-20220603-073505-102-102.txt,061344,073505
0521_665,2022-06-07,2,0.020618556701030927,97,97,0521_665-20220607\0521_665-20220607-062755-97-0.txt,0521_665-20220607\0521_665-20220607-081339-97-97.txt,062755,081339
0521_665,2022-06-08,12,0.09230769230769231,130,130,0521_665-20220608\0521_665-20220608-064040-130-0.txt,0521_665-20220608\0521_665-20220608-090151-130-130.txt,064040,090151
0521_665,2022-06-09,31,0.20261437908496732,153,153,0521_665-20220609\0521_665-20220609-072603-153-0.txt,0521_665-20220609\0521_665-20220609-092645-153-153.txt,072603,092645
0521_665,2022-06-10,25,0.2840909090909091,88,83,0521_665-20220610\0521_665-20220610-074813-88-0.txt,0521_665-20220610\0521_665-20220610-095818-83-83.txt,074813,095818
0521_665,2022-06-13,14,0.13725490196078433,102,102,0521_665-20220613\0521_665-20220613-065732-102-0.txt,0521_665-20220613\0521_665-20220613-081816-102-102.txt,065732,081816
0521_665,2022-06-14,4,0.032,125,125,0521_665-20220614\0521_665-20220614-063529-125-0.txt,0521_665-20220614\0521_665-20220614-064027-125-125.txt,063529,064027
0521_665,2022-06-15,50,0.4032258064516129,124,124,0521_665-20220615\0521_665-20220615-063855-124-0.txt,0521_665-20220615\0521_665-20220615-082816-124-124.txt,063855,082816
0521_665,2022-06-16,113,0.9741379310344828,116,110,0521_665-20220616\0521_665-20220616-060714-116-0.txt,0521_665-20220616\0521_665-20220616-073937-110-110.txt,060714,073937
0521_665,2022-06-17,15,0.1271186440677966,118,118,0521_665-20220617\0521_665-20220617-060348-118-0.txt,0521_665-20220617\0521_665-20220617-073158-118-118.txt,060348,073158
0521_665,2022-06-20,4,0.05333333333333334,75,75,0521_665-20220620\0521_665-20220620-061252-75-0.txt,0521_665-20220620\0521_665-20220620-065735-75-75.txt,061252,065735
0521_665,2022-06-21,6,0.04838709677419355,124,124,0521_665-20220621\0521_665-20220621-063212-124-0.txt,0521_665-20220621\0521_665-20220621-063559-124-124.txt,063212,063559
0521_665,2022-06-22,12,0.10344827586206896,116,116,0521_665-20220622\0521_665-20220622-063921-116-0.txt,0521_665-20220622\0521_665-20220622-064038-116-116.txt,063921,064038
0521_668,2022-05-31,75,0.30120481927710846,249,194,0521_668-20220531\0521_668-20220531-052404-249-0.txt,0521_668-20220531\0521_668-20220531-085120-194-194.txt,052404,085120
0521_668,2022-06-01,16,0.09467455621301775,169,163,0521_668-20220601\0521_668-20220601-053627-169-0.txt,0521_668-20220601\0521_668-20220601-074417-163-163.txt,053627,074417
0521_668,2022-06-02,13,0.0718232044198895,181,179,0521_668-20220602\0521_668-20220602-060438-181-0.txt,0521_668-20220602\0521_668-20220602-081657-179-179.txt,060438,081657
0521_668,2022-06-03,36,0.2465753424657534,146,125,0521_668-20220603\0521_668-20220603-054441-146-0.txt,0521_668-20220603\0521_668-20220603-073325-125-125.txt,054441,073325
0521_668,2022-06-07,14,0.109375,124,128,0521_668-20220607\0521_668-20220607-054658-124-0.txt,0521_668-20220607\0521_668-20220607-071633-128-128.txt,054658,071633
0521_668,2022-06-08,37,0.19170984455958548,178,193,0521_668-20220608\0521_668-20220608-051723-178-0.txt,0521_668-20220608\0521_668-20220608-084901-193-193.txt,051723,084901
0521_668,2022-06-09,52,0.2826086956521739,184,168,0521_668-20220609\0521_668-20220609-052840-184-0.txt,0521_668-20220609\0521_668-20220609-072701-168-168.txt,052840,072701
0521_668,2022-06-11,0,0.0,55,55,0521_668-20220611\0521_668-20220611-070338-56-0.txt,0521_668-20220611\0521_668-20220611-072748-55-55.txt,070338,072748
0521_668,2022-06-13,25,0.22522522522522523,110,111,0521_668-20220613\0521_668-20220613-051443-110-0.txt,0521_668-20220613\0521_668-20220613-063644-111-111.txt,051443,063644
0521_668,2022-06-14,14,0.07567567567567568,185,182,0521_668-20220614\0521_668-20220614-055157-185-0.txt,0521_668-20220614\0521_668-20220614-083236-182-182.txt,055157,083236
0521_668,2022-06-15,16,0.09090909090909091,176,175,0521_668-20220615\0521_668-20220615-055318-176-0.txt,0521_668-20220615\0521_668-20220615-081342-175-175.txt,055318,081342
0521_668,2022-06-17,18,0.12949640287769784,139,136,0521_668-20220617\0521_668-20220617-052912-139-0.txt,0521_668-20220617\0521_668-20220617-074241-136-136.txt,052912,074241
0521_668,2022-06-18,3,0.06,48,50,0521_668-20220618\0521_668-20220618-073920-48-0.txt,0521_668-20220618\0521_668-20220618-081523-50-50.txt,073920,081523
0521_668,2022-06-20,12,0.13636363636363635,87,88,0521_668-20220620\0521_668-20220620-051120-87-0.txt,0521_668-20220620\0521_668-20220620-063341-88-88.txt,051120,063341
0521_668,2022-06-21,26,0.1452513966480447,179,178,0521_668-20220621\0521_668-20220621-051035-179-0.txt,0521_668-20220621\0521_668-20220621-081031-178-178.txt,051035,081031
0521_668,2022-06-22,20,0.10869565217391304,183,184,0521_668-20220622\0521_668-20220622-051524-183-0.txt,0521_668-20220622\0521_668-20220622-072444-184-184.txt,051524,072444
0521_669,2022-05-31,64,0.3248730964467005,197,196,0521_669-20220531\0521_669-20220531-053740-197-0.txt,0521_669-20220531\0521_669-20220531-084405-196-196.txt,053740,084405
0521_669,2022-06-01,28,0.15300546448087432,183,170,0521_669-20220601\0521_669-20220601-055212-183-0.txt,0521_669-20220601\0521_669-20220601-083902-170-170.txt,055212,083902
0521_669,2022-06-02,25,0.176056338028169,142,136,0521_669-20220602\0521_669-20220602-052950-142-0.txt,0521_669-20220602\0521_669-20220602-072302-136-136.txt,052950,072302
0521_669,2022-06-03,23,0.1597222222222222,144,140,0521_669-20220603\0521_669-20220603-053315-144-0.txt,0521_669-20220603\0521_669-20220603-074250-140-140.txt,053315,074250
0521_669,2022-06-07,30,0.22388059701492538,134,131,0521_669-20220607\0521_669-20220607-053056-134-0.txt,0521_669-20220607\0521_669-20220607-071903-131-131.txt,053056,071903
0521_669,2022-06-08,22,0.13414634146341464,161,164,0521_669-20220608\0521_669-20220608-053918-161-0.txt,0521_669-20220608\0521_669-20220608-074935-164-164.txt,053918,074935
0521_669,2022-06-09,22,0.11764705882352941,182,187,0521_669-20220609\0521_669-20220609-053608-182-0.txt,0521_669-20220609\0521_669-20220609-083026-187-187.txt,053608,083026
0521_669,2022-06-10,26,0.14285714285714285,182,176,0521_669-20220610\0521_669-20220610-054716-182-0.txt,0521_669-20220610\0521_669-20220610-065901-176-176.txt,054716,065901
0521_669,2022-06-13,25,0.18382352941176472,136,124,0521_669-20220613\0521_669-20220613-052848-136-0.txt,0521_669-20220613\0521_669-20220613-072232-124-124.txt,052848,072232
0521_669,2022-06-14,51,0.281767955801105,181,175,0521_669-20220614\0521_669-20220614-053721-181-0.txt,0521_669-20220614\0521_669-20220614-081535-175-175.txt,053721,081535
0521_669,2022-06-15,16,0.1,160,152,0521_669-20220615\0521_669-20220615-053714-160-0.txt,0521_669-20220615\0521_669-20220615-075355-152-152.txt,053714,075355
0521_669,2022-06-16,106,0.7464788732394366,142,137,0521_669-20220616\0521_669-20220616-052608-142-0.txt,0521_669-20220616\0521_669-20220616-074541-137-137.txt,052608,074541
0521_669,2022-06-17,18,0.1487603305785124,121,120,0521_669-20220617\0521_669-20220617-052726-121-0.txt,0521_669-20220617\0521_669-20220617-070435-120-120.txt,052726,070435
0521_669,2022-06-20,13,0.1092436974789916,119,118,0521_669-20220620\0521_669-20220620-053109-119-0.txt,0521_669-20220620\0521_669-20220620-071252-118-118.txt,053109,071252
0521_669,2022-06-21,43,0.2097560975609756,205,203,0521_669-20220621\0521_669-20220621-060006-205-0.txt,0521_669-20220621\0521_669-20220621-091948-203-203.txt,060006,091948
0521_669,2022-06-22,33,0.20121951219512196,164,156,0521_669-20220622\0521_669-20220622-052840-164-0.txt,0521_669-20220622\0521_669-20220622-074930-156-156.txt,052840,074930
0521_670,2022-05-31,32,0.26666666666666666,120,114,0521_670-20220531\0521_670-20220531-093056-120-0.txt,0521_670-20220531\0521_670-20220531-094949-114-114.txt,093056,094949
0521_670,2022-06-01,23,0.19827586206896552,116,113,0521_670-20220601\0521_670-20220601-093804-116-0.txt,0521_670-20220601\0521_670-20220601-104632-113-113.txt,093804,104632
0521_670,2022-06-02,29,0.2761904761904762,105,99,0521_670-20220602\0521_670-20220602-090007-105-0.txt,0521_670-20220602\0521_670-20220602-101415-99-99.txt,090007,101415
0521_670,2022-06-03,29,0.3020833333333333,96,93,0521_670-20220603\0521_670-20220603-092108-96-0.txt,0521_670-20220603\0521_670-20220603-104110-93-93.txt,092108,104110
0521_670,2022-06-07,32,0.2882882882882883,111,107,0521_670-20220607\0521_670-20220607-085615-112-0.txt,0521_670-20220607\0521_670-20220607-101750-107-107.txt,085615,101750
0521_670,2022-06-08,31,0.2818181818181818,110,103,0521_670-20220608\0521_670-20220608-085913-110-0.txt,0521_670-20220608\0521_670-20220608-100839-103-103.txt,085913,100839
0521_670,2022-06-09,34,0.3063063063063063,111,110,0521_670-20220609\0521_670-20220609-093116-111-0.txt,0521_670-20220609\0521_670-20220609-104538-110-110.txt,093116,104538
0521_670,2022-06-13,27,0.25471698113207547,106,98,0521_670-20220613\0521_670-20220613-092501-106-0.txt,0521_670-20220613\0521_670-20220613-103909-98-98.txt,092501,103909
0521_670,2022-06-14,42,0.35,120,117,0521_670-20220614\0521_670-20220614-093230-120-0.txt,0521_670-20220614\0521_670-20220614-105633-117-117.txt,093230,105633
0521_670,2022-06-15,55,0.5339805825242718,103,100,0521_670-20220615\0521_670-20220615-085552-103-0.txt,0521_670-20220615\0521_670-20220615-101721-100-100.txt,085552,101721
0521_670,2022-06-17,14,0.1686746987951807,83,78,0521_670-20220617\0521_670-20220617-091800-83-0.txt,0521_670-20220617\0521_670-20220617-101916-78-78.txt,091800,101916
0521_670,2022-06-20,8,0.1,80,72,0521_670-20220620\0521_670-20220620-084843-80-0.txt,0521_670-20220620\0521_670-20220620-095008-72-72.txt,084843,095008
0521_670,2022-06-21,9,0.0782608695652174,115,114,0521_670-20220621\0521_670-20220621-093514-115-0.txt,0521_670-20220621\0521_670-20220621-094635-114-114.txt,093514,094635
0521_670,2022-06-22,7,0.08974358974358974,78,71,0521_670-20220622\0521_670-20220622-093823-78-0.txt,0521_670-20220622\0521_670-20220622-102635-71-71.txt,093823,102635
0521_671,2022-05-30,88,0.5827814569536424,151,146,0521_671-20220530\0521_671-20220530-061443-151-0.txt,0521_671-20220530\0521_671-20220530-073945-146-146.txt,061443,073945
0521_671,2022-05-31,91,0.7398373983739838,123,111,0521_671-20220531\0521_671-20220531-062316-124-0.txt,0521_671-20220531\0521_671-20220531-073439-111-111.txt,062316,073439
0521_671,2022-06-01,84,0.7567567567567568,111,102,0521_671-20220601\0521_671-20220601-061457-111-0.txt,0521_671-20220601\0521_671-20220601-071843-102-102.txt,061457,071843
0521_671,2022-06-02,41,0.36283185840707965,113,103,0521_671-20220602\0521_671-20220602-060959-113-0.txt,0521_671-20220602\0521_671-20220602-071419-103-103.txt,060959,071419
0521_671,2022-06-03,71,0.7888888888888889,90,80,0521_671-20220603\0521_671-20220603-061645-91-0.txt,0521_671-20220603\0521_671-20220603-071311-80-80.txt,061645,071311
0521_671,2022-06-07,46,0.5,92,87,0521_671-20220607\0521_671-20220607-061028-92-0.txt,0521_671-20220607\0521_671-20220607-071028-87-87.txt,061028,071028
0521_671,2022-06-08,55,0.45454545454545453,121,119,0521_671-20220608\0521_671-20220608-062738-121-0.txt,0521_671-20220608\0521_671-20220608-073927-119-119.txt,062738,073927
0521_671,2022-06-09,82,0.5655172413793104,145,129,0521_671-20220609\0521_671-20220609-064828-145-0.txt,0521_671-20220609\0521_671-20220609-065644-129-129.txt,064828,065644
0521_671,2022-06-10,57,0.4453125,128,119,0521_671-20220610\0521_671-20220610-063140-128-0.txt,0521_671-20220610\0521_671-20220610-064211-119-119.txt,063140,064211
0521_671,2022-06-13,112,0.7671232876712328,146,138,0521_671-20220613\0521_671-20220613-065150-146-0.txt,0521_671-20220613\0521_671-20220613-075948-138-138.txt,065150,075948
0521_671,2022-06-14,45,0.3383458646616541,133,126,0521_671-20220614\0521_671-20220614-062513-133-0.txt,0521_671-20220614\0521_671-20220614-074145-126-126.txt,062513,074145
0521_671,2022-06-15,55,0.514018691588785,107,106,0521_671-20220615\0521_671-20220615-064846-107-0.txt,0521_671-20220615\0521_671-20220615-074749-106-106.txt,064846,074749
0521_671,2022-06-16,130,0.8609271523178808,151,114,0521_671-20220616\0521_671-20220616-063141-151-0.txt,0521_671-20220616\0521_671-20220616-074956-114-114.txt,063141,074956
0521_671,2022-06-17,44,0.4888888888888889,90,83,0521_671-20220617\0521_671-20220617-062139-90-0.txt,0521_671-20220617\0521_671-20220617-072054-83-83.txt,062139,072054
0521_671,2022-06-20,53,0.5247524752475248,101,94,0521_671-20220620\0521_671-20220620-060341-101-0.txt,0521_671-20220620\0521_671-20220620-061021-94-94.txt,060341,061021
0521_671,2022-06-21,53,0.42063492063492064,126,120,0521_671-20220621\0521_671-20220621-065937-126-0.txt,0521_671-20220621\0521_671-20220621-082255-120-120.txt,065937,082255
0521_671,2022-06-22,66,0.584070796460177,113,110,0521_671-20220622\0521_671-20220622-063153-114-0.txt,0521_671-20220622\0521_671-20220622-074416-110-110.txt,063153,074416
0521_672,2022-05-31,33,0.21019108280254778,157,157,0521_672-20220531\0521_672-20220531-091309-157-0.txt,0521_672-20220531\0521_672-20220531-105642-157-157.txt,091309,105642
0521_672,2022-06-01,27,0.23478260869565218,115,115,0521_672-20220601\0521_672-20220601-085737-115-0.txt,0521_672-20220601\0521_672-20220601-095652-115-115.txt,085737,095652
0521_672,2022-06-02,28,0.27184466019417475,103,103,0521_672-20220602\0521_672-20220602-083913-103-0.txt,0521_672-20220602\0521_672-20220602-091330-103-103.txt,083913,091330
0521_672,2022-06-03,10,0.09900990099009901,101,97,0521_672-20220603\0521_672-20220603-083510-101-0.txt,0521_672-20220603\0521_672-20220603-092010-97-97.txt,083510,092010
0521_672,2022-06-07,37,0.45121951219512196,82,81,0521_672-20220607\0521_672-20220607-083612-82-0.txt,0521_672-20220607\0521_672-20220607-091608-81-81.txt,083612,091608
0521_672,2022-06-08,37,0.2534246575342466,146,145,0521_672-20220608\0521_672-20220608-085358-146-0.txt,0521_672-20220608\0521_672-20220608-100523-145-145.txt,085358,100523
0521_672,2022-06-09,15,0.12295081967213115,122,122,0521_672-20220609\0521_672-20220609-084522-122-0.txt,0521_672-20220609\0521_672-20220609-094447-122-122.txt,084522,094447
0521_672,2022-06-10,102,1.0,102,101,0521_672-20220610\0521_672-20220610-084233-102-0.txt,0521_672-20220610\0521_672-20220610-093934-101-101.txt,084233,093934
0521_672,2022-06-13,21,0.2,105,104,0521_672-20220613\0521_672-20220613-084947-105-0.txt,0521_672-20220613\0521_672-20220613-093023-104-104.txt,084947,093023
0521_672,2022-06-14,53,0.4732142857142857,112,110,0521_672-20220614\0521_672-20220614-083344-112-0.txt,0521_672-20220614\0521_672-20220614-093808-110-110.txt,083344,093808
0521_672,2022-06-15,60,0.5084745762711864,115,118,0521_672-20220615\0521_672-20220615-083936-115-0.txt,0521_672-20220615\0521_672-20220615-094513-118-118.txt,083936,094513
0521_672,2022-06-16,0,0.0,108,108,0521_672-20220616\0521_672-20220616-085456-108-0.txt,0521_672-20220616\0521_672-20220616-095237-108-108.txt,085456,095237
0521_672,2022-06-17,0,0.0,87,87,0521_672-20220617\0521_672-20220617-090710-87-0.txt,0521_672-20220617\0521_672-20220617-095554-87-87.txt,090710,095554
0521_672,2022-06-20,4,0.05194805194805195,77,77,0521_672-20220620\0521_672-20220620-100309-77-0.txt,0521_672-20220620\0521_672-20220620-103205-77-77.txt,100309,103205
0521_672,2022-06-22,0,0.0,89,89,0521_672-20220622\0521_672-20220622-083721-89-0.txt,0521_672-20220622\0521_672-20220622-090623-89-89.txt,083721,090623
0521_673,2022-05-31,2,0.015151515151515152,132,130,0521_673-20220531\0521_673-20220531-092512-132-0.txt,0521_673-20220531\0521_673-20220531-094739-130-130.txt,092512,094739
0521_673,2022-06-01,3,0.024793388429752067,121,120,0521_673-20220601\0521_673-20220601-094226-121-0.txt,0521_673-20220601\0521_673-20220601-103443-120-120.txt,094226,103443
0521_673,2022-06-02,7,0.0707070707070707,99,95,0521_673-20220602\0521_673-20220602-081917-99-0.txt,0521_673-20220602\0521_673-20220602-092108-95-95.txt,081917,092108
0521_673,2022-06-03,9,0.10588235294117647,85,78,0521_673-20220603\0521_673-20220603-085209-85-0.txt,0521_673-20220603\0521_673-20220603-100541-78-78.txt,085209,100541
0521_673,2022-06-04,0,0.0,101,101,0521_673-20220604\0521_673-20220604-063712-101-0.txt,0521_673-20220604\0521_673-20220604-073946-101-101.txt,063712,073946
0521_673,2022-06-08,3,0.02702702702702703,111,111,0521_673-20220608\0521_673-20220608-090207-111-0.txt,0521_673-20220608\0521_673-20220608-093233-111-111.txt,090207,093233
0521_673,2022-06-09,2,0.017543859649122806,114,112,0521_673-20220609\0521_673-20220609-085644-114-0.txt,0521_673-20220609\0521_673-20220609-094808-112-112.txt,085644,094808
0521_673,2022-06-10,22,0.19298245614035087,114,108,0521_673-20220610\0521_673-20220610-085736-114-0.txt,0521_673-20220610\0521_673-20220610-094847-108-108.txt,085736,094847
0521_673,2022-06-11,19,0.4418604651162791,43,25,0521_673-20220611\0521_673-20220611-064453-43-0.txt,0521_673-20220611\0521_673-20220611-065751-25-25.txt,064453,065751
0521_673,2022-06-13,5,0.06493506493506493,77,74,0521_673-20220613\0521_673-20220613-083124-77-0.txt,0521_673-20220613\0521_673-20220613-085813-74-74.txt,083124,085813
0521_673,2022-06-14,17,0.1574074074074074,108,107,0521_673-20220614\0521_673-20220614-093253-108-0.txt,0521_673-20220614\0521_673-20220614-100554-107-107.txt,093253,100554
0521_673,2022-06-15,14,0.13592233009708737,102,103,0521_673-20220615\0521_673-20220615-082420-102-0.txt,0521_673-20220615\0521_673-20220615-090754-103-103.txt,082420,090754
0521_673,2022-06-17,3,0.046875,64,64,0521_673-20220617\0521_673-20220617-085716-64-0.txt,0521_673-20220617\0521_673-20220617-094106-64-64.txt,085716,094106
0521_673,2022-06-21,48,0.6486486486486487,74,74,0521_673-20220621\0521_673-20220621-101643-74-0.txt,0521_673-20220621\0521_673-20220621-103337-74-74.txt,101643,103337
0521_673,2022-06-22,12,0.16901408450704225,71,70,0521_673-20220622\0521_673-20220622-090503-71-0.txt,0521_673-20220622\0521_673-20220622-095237-70-70.txt,090503,095237
0521_675,2022-05-31,3,0.020134228187919462,146,149,0521_675-20220531\0521_675-20220531-085959-146-0.txt,0521_675-20220531\0521_675-20220531-101312-149-149.txt,085959,101312
0521_675,2022-06-01,0,0.0,119,119,0521_675-20220601\0521_675-20220601-084837-119-0.txt,0521_675-20220601\0521_675-20220601-095610-119-119.txt,084837,095610
0521_675,2022-06-03,1,0.011904761904761904,83,84,0521_675-20220603\0521_675-20220603-104339-83-0.txt,0521_675-20220603\0521_675-20220603-105813-84-84.txt,104339,105813
0521_675,2022-06-08,1,0.007692307692307693,129,130,0521_675-20220608\0521_675-20220608-085151-129-0.txt,0521_675-20220608\0521_675-20220608-090214-130-130.txt,085151,090214
0521_675,2022-06-09,6,0.05714285714285714,99,105,0521_675-20220609\0521_675-20220609-084323-99-0.txt,0521_675-20220609\0521_675-20220609-092329-105-105.txt,084323,092329
0521_675,2022-06-13,0,0.0,82,82,0521_675-20220613\0521_675-20220613-084025-82-0.txt,0521_675-20220613\0521_675-20220613-100914-82-82.txt,084025,100914
0521_675,2022-06-14,0,0.0,51,51,0521_675-20220614\0521_675-20220614-093920-51-0.txt,0521_675-20220614\0521_675-20220614-102737-51-51.txt,093920,102737
0521_675,2022-06-15,1,0.008695652173913044,114,115,0521_675-20220615\0521_675-20220615-083751-114-0.txt,0521_675-20220615\0521_675-20220615-094648-115-115.txt,083751,094648
0521_675,2022-06-16,42,0.4421052631578947,95,73,0521_675-20220616\0521_675-20220616-082636-95-0.txt,0521_675-20220616\0521_675-20220616-095517-73-73.txt,082636,095517
0521_675,2022-06-20,0,0.0,86,86,0521_675-20220620\0521_675-20220620-100527-86-0.txt,0521_675-20220620\0521_675-20220620-104710-86-86.txt,100527,104710
0521_675,2022-06-21,2,0.018018018018018018,109,111,0521_675-20220621\0521_675-20220621-084647-109-0.txt,0521_675-20220621\0521_675-20220621-093704-111-111.txt,084647,093704
0521_675,2022-06-22,0,0.0,103,103,0521_675-20220622\0521_675-20220622-093514-103-0.txt,0521_675-20220622\0521_675-20220622-102635-103-103.txt,093514,102635
0521_676,2022-05-31,159,0.8457446808510638,188,128,0521_676-20220531\0521_676-20220531-091423-188-0.txt,0521_676-20220531\0521_676-20220531-105638-128-128.txt,091423,105638
0521_676,2022-06-01,101,0.8938053097345132,113,113,0521_676-20220601\0521_676-20220601-084730-113-0.txt,0521_676-20220601\0521_676-20220601-101319-113-113.txt,084730,101319
0521_676,2022-06-02,109,0.9819819819819819,111,111,0521_676-20220602\0521_676-20220602-085717-111-0.txt,0521_676-20220602\0521_676-20220602-102808-111-111.txt,085717,102808
0521_676,2022-06-03,94,0.9494949494949495,99,99,0521_676-20220603\0521_676-20220603-090440-99-0.txt,0521_676-20220603\0521_676-20220603-101722-99-99.txt,090440,101722
0521_676,2022-06-04,33,0.825,40,40,0521_676-20220604\0521_676-20220604-060623-40-0.txt,0521_676-20220604\0521_676-20220604-063441-40-40.txt,060623,063441
0521_676,2022-06-10,10,0.2,45,50,0521_676-20220610\0521_676-20220610-095331-50-0.txt,0521_676-20220610\0521_676-20220610-101422-50-50.txt,095331,101422
0521_676,2022-06-13,134,0.881578947368421,152,129,0521_676-20220613\0521_676-20220613-090018-152-0.txt,0521_676-20220613\0521_676-20220613-103733-129-129.txt,090018,103733
0521_676,2022-06-14,137,0.8782051282051282,156,125,0521_676-20220614\0521_676-20220614-090410-156-0.txt,0521_676-20220614\0521_676-20220614-093633-125-125.txt,090410,093633
0521_676,2022-06-15,132,0.8741721854304636,151,125,0521_676-20220615\0521_676-20220615-094425-151-0.txt,0521_676-20220615\0521_676-20220615-100735-125-125.txt,094425,100735
0521_676,2022-06-16,118,0.9833333333333333,118,120,0521_676-20220616\0521_676-20220616-082808-118-0.txt,0521_676-20220616\0521_676-20220616-100533-120-120.txt,082808,100533
0521_676,2022-06-17,124,0.9763779527559056,127,127,0521_676-20220617\0521_676-20220617-084758-127-0.txt,0521_676-20220617\0521_676-20220617-101207-127-127.txt,084758,101207
0521_676,2022-06-18,28,0.6829268292682927,41,41,0521_676-20220618\0521_676-20220618-063037-41-0.txt,0521_676-20220618\0521_676-20220618-063740-41-41.txt,063037,063740
0521_676,2022-06-20,105,0.9545454545454546,110,110,0521_676-20220620\0521_676-20220620-082926-110-0.txt,0521_676-20220620\0521_676-20220620-094150-110-110.txt,082926,094150
0521_676,2022-06-21,135,0.9712230215827338,138,139,0521_676-20220621\0521_676-20220621-085207-138-0.txt,0521_676-20220621\0521_676-20220621-102141-139-139.txt,085207,102141
0521_676,2022-06-22,136,0.8607594936708861,158,117,0521_676-20220622\0521_676-20220622-084827-158-0.txt,0521_676-20220622\0521_676-20220622-102132-117-117.txt,084827,102132
0521_677,2022-06-07,104,0.9122807017543859,114,111,0521_677-20220607\0521_677-20220607-062227-114-0.txt,0521_677-20220607\0521_677-20220607-072129-111-111.txt,062227,072129
0521_677,2022-06-08,116,0.7073170731707317,164,134,0521_677-20220608\0521_677-20220608-055915-164-0.txt,0521_677-20220608\0521_677-20220608-072557-134-134.txt,055915,072557
0521_677,2022-06-09,83,0.49404761904761907,168,130,0521_677-20220609\0521_677-20220609-060153-168-0.txt,0521_677-20220609\0521_677-20220609-071750-130-130.txt,060153,071750
0521_677,2022-06-11,13,0.2826086956521739,46,42,0521_677-20220611\0521_677-20220611-061502-46-0.txt,0521_677-20220611\0521_677-20220611-065530-42-42.txt,061502,065530
0521_677,2022-06-13,23,0.23469387755102042,98,95,0521_677-20220613\0521_677-20220613-060938-98-0.txt,0521_677-20220613\0521_677-20220613-062633-95-95.txt,060938,062633
0521_677,2022-06-15,98,0.620253164556962,158,126,0521_677-20220615\0521_677-20220615-060313-158-0.txt,0521_677-20220615\0521_677-20220615-072824-126-126.txt,060313,072824
0521_678,2022-05-31,168,0.8795811518324608,191,124,0521_678-20220531\0521_678-20220531-062126-191-0.txt,0521_678-20220531\0521_678-20220531-071644-124-124.txt,062126,071644
0521_678,2022-06-01,6,0.05042016806722689,119,119,0521_678-20220601\0521_678-20220601-062111-119-0.txt,0521_678-20220601\0521_678-20220601-070037-119-119.txt,062111,070037
0521_678,2022-06-02,4,0.03305785123966942,121,120,0521_678-20220602\0521_678-20220602-055715-121-0.txt,0521_678-20220602\0521_678-20220602-064611-120-120.txt,055715,064611
0521_678,2022-06-03,8,0.09090909090909091,88,88,0521_678-20220603\0521_678-20220603-060742-88-0.txt,0521_678-20220603\0521_678-20220603-064244-88-88.txt,060742,064244
0521_678,2022-06-07,50,0.4807692307692308,104,54,0521_678-20220607\0521_678-20220607-061218-104-0.txt,0521_678-20220607\0521_678-20220607-065609-54-54.txt,061218,065609
0521_678,2022-06-08,12,0.11428571428571428,105,105,0521_678-20220608\0521_678-20220608-060654-105-0.txt,0521_678-20220608\0521_678-20220608-070630-105-105.txt,060654,070630
0521_678,2022-06-09,6,0.05660377358490566,106,106,0521_678-20220609\0521_678-20220609-061013-106-0.txt,0521_678-20220609\0521_678-20220609-070824-106-106.txt,061013,070824
0521_678,2022-06-10,20,0.1724137931034483,105,116,0521_678-20220610\0521_678-20220610-061157-105-0.txt,0521_678-20220610\0521_678-20220610-071403-116-116.txt,061157,071403
0521_678,2022-06-11,10,0.2702702702702703,37,37,0521_678-20220611\0521_678-20220611-060629-37-0.txt,0521_678-20220611\0521_678-20220611-065148-37-37.txt,060629,065148
0521_678,2022-06-13,10,0.14285714285714285,70,70,0521_678-20220613\0521_678-20220613-064744-70-0.txt,0521_678-20220613\0521_678-20220613-064957-70-70.txt,064744,064957
0521_678,2022-06-14,4,0.037037037037037035,108,108,0521_678-20220614\0521_678-20220614-063246-108-0.txt,0521_678-20220614\0521_678-20220614-072742-108-108.txt,063246,072742
0521_678,2022-06-15,10,0.08620689655172414,116,116,0521_678-20220615\0521_678-20220615-061535-116-0.txt,0521_678-20220615\0521_678-20220615-070840-116-116.txt,061535,070840
0521_678,2022-06-16,47,0.34057971014492755,138,91,0521_678-20220616\0521_678-20220616-060018-138-0.txt,0521_678-20220616\0521_678-20220616-064901-91-91.txt,060018,064901
0521_678,2022-06-17,12,0.12244897959183673,98,98,0521_678-20220617\0521_678-20220617-060347-98-0.txt,0521_678-20220617\0521_678-20220617-065705-98-98.txt,060347,065705
0521_678,2022-06-20,7,0.1,70,69,0521_678-20220620\0521_678-20220620-060150-70-0.txt,0521_678-20220620\0521_678-20220620-064519-69-69.txt,060150,064519
0521_678,2022-06-21,95,0.6089743589743589,156,82,0521_678-20220621\0521_678-20220621-061421-156-0.txt,0521_678-20220621\0521_678-20220621-062122-82-82.txt,061421,062122
0521_678,2022-06-22,93,0.5502958579881657,169,96,0521_678-20220622\0521_678-20220622-061315-169-0.txt,0521_678-20220622\0521_678-20220622-065239-96-96.txt,061315,065239
0521_679,2022-05-31,93,0.5195530726256983,179,134,0521_679-20220531\0521_679-20220531-061517-179-0.txt,0521_679-20220531\0521_679-20220531-074245-134-134.txt,061517,074245
0521_679,2022-06-01,42,0.336,125,125,0521_679-20220601\0521_679-20220601-062509-125-0.txt,0521_679-20220601\0521_679-20220601-072122-125-125.txt,062509,072122
0521_679,2022-06-02,58,0.44274809160305345,131,131,0521_679-20220602\0521_679-20220602-060607-131-0.txt,0521_679-20220602\0521_679-20220602-071720-131-131.txt,060607,071720
0521_679,2022-06-03,23,0.19658119658119658,117,117,0521_679-20220603\0521_679-20220603-055619-117-0.txt,0521_679-20220603\0521_679-20220603-065153-117-117.txt,055619,065153
0521_679,2022-06-04,10,0.17857142857142858,56,56,0521_679-20220604\0521_679-20220604-062925-56-0.txt,0521_679-20220604\0521_679-20220604-065952-56-56.txt,062925,065952
0521_679,2022-06-07,39,0.639344262295082,61,60,0521_679-20220607\0521_679-20220607-055624-61-0.txt,0521_679-20220607\0521_679-20220607-065822-60-60.txt,055624,065822
0521_679,2022-06-08,57,0.3584905660377358,159,129,0521_679-20220608\0521_679-20220608-060049-159-0.txt,0521_679-20220608\0521_679-20220608-071107-129-129.txt,060049,071107
0521_679,2022-06-09,85,0.6071428571428571,140,128,0521_679-20220609\0521_679-20220609-060559-140-0.txt,0521_679-20220609\0521_679-20220609-071239-128-128.txt,060559,071239
0521_679,2022-06-10,93,0.6,155,131,0521_679-20220610\0521_679-20220610-060232-155-0.txt,0521_679-20220610\0521_679-20220610-073345-131-131.txt,060232,073345
0521_679,2022-06-11,0,0.0,46,46,0521_679-20220611\0521_679-20220611-060926-46-0.txt,0521_679-20220611\0521_679-20220611-063743-46-46.txt,060926,063743
0521_679,2022-06-13,72,0.5142857142857142,140,126,0521_679-20220613\0521_679-20220613-060733-140-0.txt,0521_679-20220613\0521_679-20220613-072506-126-126.txt,060733,072506
0521_679,2022-06-14,74,0.524822695035461,141,139,0521_679-20220614\0521_679-20220614-064551-141-0.txt,0521_679-20220614\0521_679-20220614-075409-139-139.txt,064551,075409
0521_679,2022-06-15,116,0.8592592592592593,135,135,0521_679-20220615\0521_679-20220615-060836-135-0.txt,0521_679-20220615\0521_679-20220615-072713-135-135.txt,060836,072713
0521_679,2022-06-16,97,0.7886178861788617,123,123,0521_679-20220616\0521_679-20220616-060644-123-0.txt,0521_679-20220616\0521_679-20220616-071652-123-123.txt,060644,071652
0521_679,2022-06-17,12,0.09448818897637795,127,123,0521_679-20220617\0521_679-20220617-060017-127-0.txt,0521_679-20220617\0521_679-20220617-072827-123-123.txt,060017,072827
0521_679,2022-06-20,61,0.5398230088495575,112,113,0521_679-20220620\0521_679-20220620-061209-112-0.txt,0521_679-20220620\0521_679-20220620-071204-113-113.txt,061209,071204
0521_679,2022-06-21,79,0.5642857142857143,140,140,0521_679-20220621\0521_679-20220621-061114-140-0.txt,0521_679-20220621\0521_679-20220621-072416-140-140.txt,061114,072416
0521_679,2022-06-22,56,0.36129032258064514,155,135,0521_679-20220622\0521_679-20220622-060445-155-0.txt,0521_679-20220622\0521_679-20220622-072209-135-135.txt,060445,072209
0521_680,2022-05-31,2,0.014388489208633094,139,137,0521_680-20220531\0521_680-20220531-093648-139-0.txt,0521_680-20220531\0521_680-20220531-093736-137-137.txt,093648,093736
0521_680,2022-06-01,21,0.1794871794871795,117,116,0521_680-20220601\0521_680-20220601-090937-117-0.txt,0521_680-20220601\0521_680-20220601-101701-116-116.txt,090937,101701
0521_680,2022-06-02,2,0.016666666666666666,120,120,0521_680-20220602\0521_680-20220602-090310-120-0.txt,0521_680-20220602\0521_680-20220602-100814-120-120.txt,090310,100814
0521_680,2022-06-03,0,0.0,111,111,0521_680-20220603\0521_680-20220603-084646-111-0.txt,0521_680-20220603\0521_680-20220603-100225-111-111.txt,084646,100225
0521_680,2022-06-08,0,0.0,114,114,0521_680-20220608\0521_680-20220608-090730-114-0.txt,0521_680-20220608\0521_680-20220608-103206-114-114.txt,090730,103206
0521_680,2022-06-09,0,0.0,140,140,0521_680-20220609\0521_680-20220609-085448-140-0.txt,0521_680-20220609\0521_680-20220609-104517-140-140.txt,085448,104517
0521_680,2022-06-10,0,0.0,143,143,0521_680-20220610\0521_680-20220610-092419-143-0.txt,0521_680-20220610\0521_680-20220610-105619-143-143.txt,092419,105619
0521_680,2022-06-11,28,0.6829268292682927,41,40,0521_680-20220611\0521_680-20220611-071357-41-0.txt,0521_680-20220611\0521_680-20220611-095034-40-40.txt,071357,095034
0521_680,2022-06-14,0,0.0,105,105,0521_680-20220614\0521_680-20220614-093210-105-0.txt,0521_680-20220614\0521_680-20220614-102022-105-105.txt,093210,102022
0521_680,2022-06-15,0,0.0,126,126,0521_680-20220615\0521_680-20220615-090149-126-0.txt,0521_680-20220615\0521_680-20220615-101439-126-126.txt,090149,101439
0521_680,2022-06-16,0,0.0,117,117,0521_680-20220616\0521_680-20220616-091006-117-0.txt,0521_680-20220616\0521_680-20220616-101728-117-117.txt,091006,101728
0521_680,2022-06-17,0,0.0,95,95,0521_680-20220617\0521_680-20220617-094858-95-0.txt,0521_680-20220617\0521_680-20220617-103819-95-95.txt,094858,103819
0521_680,2022-06-20,1,0.0136986301369863,73,72,0521_680-20220620\0521_680-20220620-084632-73-0.txt,0521_680-20220620\0521_680-20220620-095303-72-72.txt,084632,095303
0521_680,2022-06-21,2,0.015873015873015872,126,126,0521_680-20220621\0521_680-20220621-091647-126-0.txt,0521_680-20220621\0521_680-20220621-101951-126-126.txt,091647,101951
0521_680,2022-06-22,1,0.010638297872340425,94,93,0521_680-20220622\0521_680-20220622-090405-94-0.txt,0521_680-20220622\0521_680-20220622-093833-93-93.txt,090405,093833
0521_681,2022-05-31,51,0.38345864661654133,133,133,0521_681-20220531\0521_681-20220531-055307-133-0.txt,0521_681-20220531\0521_681-20220531-061400-133-133.txt,055307,061400
0521_681,2022-06-01,4,0.029850746268656716,134,132,0521_681-20220601\0521_681-20220601-055152-134-0.txt,0521_681-20220601\0521_681-20220601-060358-132-132.txt,055152,060358
0521_681,2022-06-02,48,0.3609022556390977,122,133,0521_681-20220602\0521_681-20220602-054442-122-0.txt,0521_681-20220602\0521_681-20220602-064648-133-133.txt,054442,064648
0521_681,2022-06-03,21,0.2,105,105,0521_681-20220603\0521_681-20220603-054621-105-0.txt,0521_681-20220603\0521_681-20220603-064059-105-105.txt,054621,064059
0521_681,2022-06-04,0,0.0,46,46,0521_681-20220604\0521_681-20220604-065636-46-0.txt,0521_681-20220604\0521_681-20220604-074048-46-46.txt,065636,074048
0521_681,2022-06-07,13,0.20967741935483872,59,62,0521_681-20220607\0521_681-20220607-063816-59-0.txt,0521_681-20220607\0521_681-20220607-104857-62-62.txt,063816,104857
0521_681,2022-06-08,49,0.35251798561151076,139,139,0521_681-20220608\0521_681-20220608-064730-139-0.txt,0521_681-20220608\0521_681-20220608-072612-139-139.txt,064730,072612
0521_681,2022-06-09,7,0.05223880597014925,134,132,0521_681-20220609\0521_681-20220609-061908-134-0.txt,0521_681-20220609\0521_681-20220609-071350-132-132.txt,061908,071350
0521_681,2022-06-10,78,0.5234899328859061,149,143,0521_681-20220610\0521_681-20220610-055706-149-0.txt,0521_681-20220610\0521_681-20220610-063427-143-143.txt,055706,063427
0521_681,2022-06-13,19,0.14393939393939395,132,132,0521_681-20220613\0521_681-20220613-065540-132-0.txt,0521_681-20220613\0521_681-20220613-072715-132-132.txt,065540,072715
0521_681,2022-06-14,14,0.11864406779661017,108,118,0521_681-20220614\0521_681-20220614-055756-108-0.txt,0521_681-20220614\0521_681-20220614-073215-118-118.txt,055756,073215
0521_681,2022-06-15,11,0.09166666666666666,120,120,0521_681-20220615\0521_681-20220615-062556-120-0.txt,0521_681-20220615\0521_681-20220615-065607-120-120.txt,062556,065607
0521_681,2022-06-16,60,0.47244094488188976,101,127,0521_681-20220616\0521_681-20220616-055139-101-0.txt,0521_681-20220616\0521_681-20220616-062432-127-127.txt,055139,062432
0521_681,2022-06-17,36,0.34951456310679613,102,103,0521_681-20220617\0521_681-20220617-060651-102-0.txt,0521_681-20220617\0521_681-20220617-065344-103-103.txt,060651,065344
0521_681,2022-06-20,43,0.46236559139784944,93,91,0521_681-20220620\0521_681-20220620-054856-93-0.txt,0521_681-20220620\0521_681-20220620-074524-91-91.txt,054856,074524
0521_681,2022-06-21,0,0.0,122,122,0521_681-20220621\0521_681-20220621-054307-123-0.txt,0521_681-20220621\0521_681-20220621-063840-122-122.txt,054307,063840
0521_681,2022-06-22,16,0.13675213675213677,101,117,0521_681-20220622\0521_681-20220622-055101-101-0.txt,0521_681-20220622\0521_681-20220622-062858-117-117.txt,055101,062858
0521_682,2022-05-31,174,0.9015544041450777,193,133,0521_682-20220531\0521_682-20220531-061300-193-0.txt,0521_682-20220531\0521_682-20220531-075520-133-133.txt,061300,075520
0521_682,2022-06-01,194,0.9326923076923077,208,137,0521_682-20220601\0521_682-20220601-054741-208-0.txt,0521_682-20220601\0521_682-20220601-082201-137-137.txt,054741,082201
0521_682,2022-06-02,157,0.8674033149171271,181,135,0521_682-20220602\0521_682-20220602-051211-181-0.txt,0521_682-20220602\0521_682-20220602-074900-135-135.txt,051211,074900
0521_682,2022-06-03,155,0.9567901234567902,162,130,0521_682-20220603\0521_682-20220603-050407-162-0.txt,0521_682-20220603\0521_682-20220603-073257-130-130.txt,050407,073257
0521_682,2022-06-07,143,1.0,143,139,0521_682-20220607\0521_682-20220607-052951-143-0.txt,0521_682-20220607\0521_682-20220607-073530-139-139.txt,052951,073530
0521_682,2022-06-08,163,0.8907103825136612,183,126,0521_682-20220608\0521_682-20220608-050531-183-0.txt,0521_682-20220608\0521_682-20220608-073627-126-126.txt,050531,073627
0521_682,2022-06-09,164,0.8961748633879781,183,117,0521_682-20220609\0521_682-20220609-050429-183-0.txt,0521_682-20220609\0521_682-20220609-072119-117-117.txt,050429,072119
0521_682,2022-06-10,123,0.9461538461538461,130,130,0521_682-20220610\0521_682-20220610-074931-130-0.txt,0521_682-20220610\0521_682-20220610-082758-130-130.txt,074931,082758
0521_682,2022-06-13,160,0.9090909090909091,176,115,0521_682-20220613\0521_682-20220613-060217-176-0.txt,0521_682-20220613\0521_682-20220613-073945-115-115.txt,060217,073945
0521_682,2022-06-14,155,0.9011627906976745,172,124,0521_682-20220614\0521_682-20220614-062909-172-0.txt,0521_682-20220614\0521_682-20220614-075326-124-124.txt,062909,075326
0521_682,2022-06-15,161,0.8944444444444445,180,135,0521_682-20220615\0521_682-20220615-050819-180-0.txt,0521_682-20220615\0521_682-20220615-073547-135-135.txt,050819,073547
0521_682,2022-06-17,104,0.8125,128,127,0521_682-20220617\0521_682-20220617-050527-128-0.txt,0521_682-20220617\0521_682-20220617-063034-127-127.txt,050527,063034
0521_682,2022-06-20,131,0.8733333333333333,150,119,0521_682-20220620\0521_682-20220620-051422-150-0.txt,0521_682-20220620\0521_682-20220620-071507-119-119.txt,051422,071507
0521_682,2022-06-21,36,0.5142857142857142,70,70,0521_682-20220621\0521_682-20220621-061651-70-0.txt,0521_682-20220621\0521_682-20220621-075854-70-70.txt,061651,075854
0521_682,2022-06-22,186,0.9346733668341709,199,124,0521_682-20220622\0521_682-20220622-050330-199-0.txt,0521_682-20220622\0521_682-20220622-074049-124-124.txt,050330,074049
0521_683,2022-05-31,26,0.4642857142857143,56,54,0521_683-20220531\0521_683-20220531-055822-56-0.txt,0521_683-20220531\0521_683-20220531-064043-54-54.txt,055822,064043
0521_683,2022-06-01,30,0.6976744186046512,43,39,0521_683-20220601\0521_683-20220601-060441-43-0.txt,0521_683-20220601\0521_683-20220601-063046-39-39.txt,060441,063046
0521_683,2022-06-02,22,0.4230769230769231,52,48,0521_683-20220602\0521_683-20220602-061918-52-0.txt,0521_683-20220602\0521_683-20220602-064853-48-48.txt,061918,064853
0521_683,2022-06-03,17,0.34,50,41,0521_683-20220603\0521_683-20220603-060519-50-0.txt,0521_683-20220603\0521_683-20220603-064416-41-41.txt,060519,064416
0521_683,2022-06-07,0,0.0,50,50,0521_683-20220607\0521_683-20220607-062650-50-0.txt,0521_683-20220607\0521_683-20220607-064923-50-50.txt,062650,064923
0521_683,2022-06-08,22,0.2716049382716049,81,79,0521_683-20220608\0521_683-20220608-070021-81-0.txt,0521_683-20220608\0521_683-20220608-073922-79-79.txt,070021,073922
0521_683,2022-06-09,47,0.46078431372549017,102,89,0521_683-20220609\0521_683-20220609-064236-102-0.txt,0521_683-20220609\0521_683-20220609-074330-89-89.txt,064236,074330
0521_683,2022-06-10,52,0.6046511627906976,86,83,0521_683-20220610\0521_683-20220610-063322-86-0.txt,0521_683-20220610\0521_683-20220610-071054-83-83.txt,063322,071054
0521_683,2022-06-13,31,0.4246575342465753,73,64,0521_683-20220613\0521_683-20220613-055542-73-0.txt,0521_683-20220613\0521_683-20220613-065216-64-64.txt,055542,065216
0521_683,2022-06-14,59,0.6941176470588235,85,79,0521_683-20220614\0521_683-20220614-061749-85-0.txt,0521_683-20220614\0521_683-20220614-070240-79-79.txt,061749,070240
0521_683,2022-06-15,60,0.631578947368421,95,91,0521_683-20220615\0521_683-20220615-061432-95-0.txt,0521_683-20220615\0521_683-20220615-071354-91-91.txt,061432,071354
0521_683,2022-06-17,50,0.45871559633027525,109,107,0521_683-20220617\0521_683-20220617-060722-109-0.txt,0521_683-20220617\0521_683-20220617-065409-107-107.txt,060722,065409
0521_683,2022-06-20,61,0.8133333333333334,75,69,0521_683-20220620\0521_683-20220620-060629-76-0.txt,0521_683-20220620\0521_683-20220620-065307-69-69.txt,060629,065307
0521_683,2022-06-21,56,0.49557522123893805,113,111,0521_683-20220621\0521_683-20220621-065120-113-0.txt,0521_683-20220621\0521_683-20220621-074325-111-111.txt,065120,074325
0521_683,2022-06-22,53,0.424,125,121,0521_683-20220622\0521_683-20220622-065043-125-0.txt,0521_683-20220622\0521_683-20220622-074635-121-121.txt,065043,074635
0521_684,2022-05-30,11,0.06832298136645963,161,154,0521_684-20220530\0521_684-20220530-064855-161-0.txt,0521_684-20220530\0521_684-20220530-073728-154-154.txt,064855,073728
0521_684,2022-05-31,1,0.006369426751592357,157,156,0521_684-20220531\0521_684-20220531-054855-157-0.txt,0521_684-20220531\0521_684-20220531-064330-156-156.txt,054855,064330
0521_684,2022-06-01,1,0.007518796992481203,133,132,0521_684-20220601\0521_684-20220601-054206-133-0.txt,0521_684-20220601\0521_684-20220601-062223-132-132.txt,054206,062223
0521_684,2022-06-02,0,0.0,125,125,0521_684-20220602\0521_684-20220602-053819-126-0.txt,0521_684-20220602\0521_684-20220602-061902-125-125.txt,053819,061902
0521_684,2022-06-03,2,0.018018018018018018,111,109,0521_684-20220603\0521_684-20220603-054454-111-0.txt,0521_684-20220603\0521_684-20220603-062453-109-109.txt,054454,062453
0521_684,2022-06-07,0,0.0,97,97,0521_684-20220607\0521_684-20220607-055035-97-0.txt,0521_684-20220607\0521_684-20220607-062020-97-97.txt,055035,062020
0521_684,2022-06-08,1,0.008130081300813009,123,122,0521_684-20220608\0521_684-20220608-054944-123-0.txt,0521_684-20220608\0521_684-20220608-063620-122-122.txt,054944,063620
0521_684,2022-06-09,1,0.006944444444444444,144,143,0521_684-20220609\0521_684-20220609-053408-144-0.txt,0521_684-20220609\0521_684-20220609-062842-143-143.txt,053408,062842
0521_684,2022-06-10,8,0.05673758865248227,141,139,0521_684-20220610\0521_684-20220610-055906-141-0.txt,0521_684-20220610\0521_684-20220610-064903-139-139.txt,055906,064903
0521_684,2022-06-13,7,0.06086956521739131,115,112,0521_684-20220613\0521_684-20220613-055731-115-0.txt,0521_684-20220613\0521_684-20220613-063701-112-112.txt,055731,063701
0521_684,2022-06-14,4,0.027972027972027972,143,139,0521_684-20220614\0521_684-20220614-054006-143-0.txt,0521_684-20220614\0521_684-20220614-062323-139-139.txt,054006,062323
0521_684,2022-06-15,0,0.0,124,124,0521_684-20220615\0521_684-20220615-055034-124-0.txt,0521_684-20220615\0521_684-20220615-063932-124-124.txt,055034,063932
0521_684,2022-06-16,3,0.020689655172413793,145,144,0521_684-20220616\0521_684-20220616-062034-145-0.txt,0521_684-20220616\0521_684-20220616-070423-144-144.txt,062034,070423
0521_684,2022-06-17,0,0.0,111,111,0521_684-20220617\0521_684-20220617-055417-111-0.txt,0521_684-20220617\0521_684-20220617-063029-111-111.txt,055417,063029
0521_684,2022-06-20,0,0.0,90,90,0521_684-20220620\0521_684-20220620-063804-90-0.txt,0521_684-20220620\0521_684-20220620-070757-90-90.txt,063804,070757
0521_684,2022-06-21,2,0.014492753623188406,138,136,0521_684-20220621\0521_684-20220621-055429-138-0.txt,0521_684-20220621\0521_684-20220621-064721-136-136.txt,055429,064721
0521_684,2022-06-22,3,0.022727272727272728,132,131,0521_684-20220622\0521_684-20220622-060306-132-0.txt,0521_684-20220622\0521_684-20220622-065351-131-131.txt,060306,065351
0521_685,2022-05-31,8,0.047058823529411764,170,162,0521_685-20220531\0521_685-20220531-053602-170-0.txt,0521_685-20220531\0521_685-20220531-073435-162-162.txt,053602,073435
0521_685,2022-06-01,6,0.03592814371257485,167,161,0521_685-20220601\0521_685-20220601-054038-167-0.txt,0521_685-20220601\0521_685-20220601-072423-161-161.txt,054038,072423
0521_685,2022-06-02,3,0.0234375,128,127,0521_685-20220602\0521_685-20220602-053328-128-0.txt,0521_685-20220602\0521_685-20220602-065756-127-127.txt,053328,065756
0521_685,2022-06-03,10,0.07575757575757576,132,122,0521_685-20220603\0521_685-20220603-055235-132-0.txt,0521_685-20220603\0521_685-20220603-071508-122-122.txt,055235,071508
0521_685,2022-06-07,5,0.07575757575757576,66,61,0521_685-20220607\0521_685-20220607-070533-66-0.txt,0521_685-20220607\0521_685-20220607-073055-61-61.txt,070533,073055
0521_685,2022-06-08,9,0.058823529411764705,153,144,0521_685-20220608\0521_685-20220608-053608-153-0.txt,0521_685-20220608\0521_685-20220608-072201-144-144.txt,053608,072201
0521_685,2022-06-09,9,0.06293706293706294,143,138,0521_685-20220609\0521_685-20220609-053329-143-0.txt,0521_685-20220609\0521_685-20220609-072431-138-138.txt,053329,072431
0521_685,2022-06-13,9,0.06766917293233082,133,124,0521_685-20220613\0521_685-20220613-054919-133-0.txt,0521_685-20220613\0521_685-20220613-071939-124-124.txt,054919,071939
0521_685,2022-06-14,6,0.03592814371257485,167,162,0521_685-20220614\0521_685-20220614-053738-167-0.txt,0521_685-20220614\0521_685-20220614-073009-162-162.txt,053738,073009
0521_685,2022-06-15,7,0.05223880597014925,134,127,0521_685-20220615\0521_685-20220615-053402-134-0.txt,0521_685-20220615\0521_685-20220615-070154-127-127.txt,053402,070154
0521_685,2022-06-17,3,0.025423728813559324,118,115,0521_685-20220617\0521_685-20220617-054122-118-0.txt,0521_685-20220617\0521_685-20220617-065555-115-115.txt,054122,065555
0521_685,2022-06-20,53,0.4953271028037383,107,56,0521_685-20220620\0521_685-20220620-050510-107-0.txt,0521_685-20220620\0521_685-20220620-061000-56-56.txt,050510,061000
0521_685,2022-06-21,7,0.047619047619047616,147,142,0521_685-20220621\0521_685-20220621-052023-147-0.txt,0521_685-20220621\0521_685-20220621-065655-142-142.txt,052023,065655
0521_685,2022-06-22,4,0.07407407407407407,54,50,0521_685-20220622\0521_685-20220622-064845-54-0.txt,0521_685-20220622\0521_685-20220622-071643-50-50.txt,064845,071643
0521_686,2022-06-01,4,0.023529411764705882,170,166,0521_686-20220601\0521_686-20220601-052339-170-0.txt,0521_686-20220601\0521_686-20220601-064017-166-166.txt,052339,064017
0521_686,2022-06-02,5,0.03067484662576687,163,159,0521_686-20220602\0521_686-20220602-051945-163-0.txt,0521_686-20220602\0521_686-20220602-063322-159-159.txt,051945,063322
0521_686,2022-06-03,1,0.013513513513513514,74,73,0521_686-20220603\0521_686-20220603-051509-74-0.txt,0521_686-20220603\0521_686-20220603-061108-73-73.txt,051509,061108
0521_686,2022-06-07,2,0.02247191011235955,89,87,0521_686-20220607\0521_686-20220607-053934-89-0.txt,0521_686-20220607\0521_686-20220607-063324-87-87.txt,053934,063324
0521_686,2022-06-08,9,0.09473684210526316,95,90,0521_686-20220608\0521_686-20220608-055002-95-0.txt,0521_686-20220608\0521_686-20220608-065143-90-90.txt,055002,065143
0521_686,2022-06-09,1,0.010638297872340425,94,93,0521_686-20220609\0521_686-20220609-062306-94-0.txt,0521_686-20220609\0521_686-20220609-073126-93-93.txt,062306,073126
0521_686,2022-06-10,12,0.1016949152542373,118,106,0521_686-20220610\0521_686-20220610-061206-118-0.txt,0521_686-20220610\0521_686-20220610-073951-106-106.txt,061206,073951
0521_686,2022-06-13,8,0.058823529411764705,136,128,0521_686-20220613\0521_686-20220613-061621-136-0.txt,0521_686-20220613\0521_686-20220613-075752-128-128.txt,061621,075752
0521_686,2022-06-14,5,0.045454545454545456,110,105,0521_686-20220614\0521_686-20220614-051909-110-0.txt,0521_686-20220614\0521_686-20220614-062916-105-105.txt,051909,062916
0521_686,2022-06-15,2,0.019801980198019802,101,99,0521_686-20220615\0521_686-20220615-062839-101-0.txt,0521_686-20220615\0521_686-20220615-075341-99-99.txt,062839,075341
0521_686,2022-06-16,5,0.056818181818181816,88,83,0521_686-20220616\0521_686-20220616-060050-88-0.txt,0521_686-20220616\0521_686-20220616-065358-83-83.txt,060050,065358
0521_686,2022-06-17,4,0.03225806451612903,124,120,0521_686-20220617\0521_686-20220617-062046-124-0.txt,0521_686-20220617\0521_686-20220617-073640-120-120.txt,062046,073640
0521_686,2022-06-20,3,0.0410958904109589,73,70,0521_686-20220620\0521_686-20220620-062540-73-0.txt,0521_686-20220620\0521_686-20220620-070513-70-70.txt,062540,070513
0521_686,2022-06-21,0,0.0,70,70,0521_686-20220621\0521_686-20220621-083050-70-0.txt,0521_686-20220621\0521_686-20220621-090151-70-70.txt,083050,090151
0521_686,2022-06-22,3,0.03488372093023256,86,83,0521_686-20220622\0521_686-20220622-074221-86-0.txt,0521_686-20220622\0521_686-20220622-083143-83-83.txt,074221,083143
0521_687,2022-06-01,34,0.19653179190751446,164,173,0521_687-20220601\0521_687-20220601-051103-164-0.txt,0521_687-20220601\0521_687-20220601-070114-173-173.txt,051103,070114
0521_687,2022-06-02,22,0.16058394160583941,134,137,0521_687-20220602\0521_687-20220602-052613-134-0.txt,0521_687-20220602\0521_687-20220602-070836-137-137.txt,052613,070836
0521_687,2022-06-03,16,0.125,126,128,0521_687-20220603\0521_687-20220603-051157-126-0.txt,0521_687-20220603\0521_687-20220603-070358-128-128.txt,051157,070358
0521_687,2022-06-04,35,0.603448275862069,58,57,0521_687-20220604\0521_687-20220604-055254-58-0.txt,0521_687-20220604\0521_687-20220604-070611-57-57.txt,055254,070611
0521_687,2022-06-07,10,0.09090909090909091,104,110,0521_687-20220607\0521_687-20220607-053026-104-0.txt,0521_687-20220607\0521_687-20220607-070025-110-110.txt,053026,070025
0521_687,2022-06-08,30,0.18518518518518517,152,162,0521_687-20220608\0521_687-20220608-051303-152-0.txt,0521_687-20220608\0521_687-20220608-070505-162-162.txt,051303,070505
0521_687,2022-06-09,26,0.16560509554140126,151,157,0521_687-20220609\0521_687-20220609-052128-151-0.txt,0521_687-20220609\0521_687-20220609-072509-157-157.txt,052128,072509
0521_687,2022-06-10,130,0.8843537414965986,136,147,0521_687-20220610\0521_687-20220610-050853-136-0.txt,0521_687-20220610\0521_687-20220610-070854-147-147.txt,050853,070854
0521_687,2022-06-11,0,0.0,65,65,0521_687-20220611\0521_687-20220611-060741-65-0.txt,0521_687-20220611\0521_687-20220611-063326-65-65.txt,060741,063326
0521_687,2022-06-13,25,0.17123287671232876,140,146,0521_687-20220613\0521_687-20220613-051215-140-0.txt,0521_687-20220613\0521_687-20220613-071856-146-146.txt,051215,071856
0521_687,2022-06-14,33,0.2357142857142857,133,140,0521_687-20220614\0521_687-20220614-051326-133-0.txt,0521_687-20220614\0521_687-20220614-071205-140-140.txt,051326,071205
0521_687,2022-06-15,24,0.18045112781954886,131,133,0521_687-20220615\0521_687-20220615-051501-131-0.txt,0521_687-20220615\0521_687-20220615-065929-133-133.txt,051501,065929
0521_687,2022-06-16,21,0.1794871794871795,113,117,0521_687-20220616\0521_687-20220616-051543-113-0.txt,0521_687-20220616\0521_687-20220616-064012-117-117.txt,051543,064012
0521_687,2022-06-17,10,0.09345794392523364,106,107,0521_687-20220617\0521_687-20220617-051106-106-0.txt,0521_687-20220617\0521_687-20220617-063147-107-107.txt,051106,063147
0521_687,2022-06-20,19,0.17757009345794392,107,107,0521_687-20220620\0521_687-20220620-051044-107-0.txt,0521_687-20220620\0521_687-20220620-065008-107-107.txt,051044,065008
0521_687,2022-06-21,18,0.1111111111111111,162,162,0521_687-20220621\0521_687-20220621-052901-162-0.txt,0521_687-20220621\0521_687-20220621-071557-162-162.txt,052901,071557
0521_687,2022-06-22,22,0.13836477987421383,159,158,0521_687-20220622\0521_687-20220622-051758-159-0.txt,0521_687-20220622\0521_687-20220622-071824-158-158.txt,051758,071824
0521_688,2022-05-31,0,0.0,139,139,0521_688-20220531\0521_688-20220531-063759-139-0.txt,0521_688-20220531\0521_688-20220531-080012-139-139.txt,063759,080012
0521_688,2022-06-01,1,0.007042253521126761,141,142,0521_688-20220601\0521_688-20220601-065357-141-0.txt,0521_688-20220601\0521_688-20220601-083539-142-142.txt,065357,083539
0521_688,2022-06-02,78,0.6724137931034483,116,115,0521_688-20220602\0521_688-20220602-070045-116-0.txt,0521_688-20220602\0521_688-20220602-081752-115-115.txt,070045,081752
0521_688,2022-06-03,2,0.02631578947368421,74,76,0521_688-20220603\0521_688-20220603-061300-74-0.txt,0521_688-20220603\0521_688-20220603-072547-76-76.txt,061300,072547
0521_688,2022-06-04,5,0.07352941176470588,63,68,0521_688-20220604\0521_688-20220604-064428-63-0.txt,0521_688-20220604\0521_688-20220604-074605-68-68.txt,064428,074605
0521_688,2022-06-07,0,0.0,67,67,0521_688-20220607\0521_688-20220607-073703-67-0.txt,0521_688-20220607\0521_688-20220607-081704-67-67.txt,073703,081704
0521_688,2022-06-08,0,0.0,113,113,0521_688-20220608\0521_688-20220608-062823-113-0.txt,0521_688-20220608\0521_688-20220608-074442-113-113.txt,062823,074442
0521_688,2022-06-10,0,0.0,137,137,0521_688-20220610\0521_688-20220610-064217-137-0.txt,0521_688-20220610\0521_688-20220610-075524-137-137.txt,064217,075524
0521_688,2022-06-11,1,0.0196078431372549,51,50,0521_688-20220611\0521_688-20220611-060756-51-0.txt,0521_688-20220611\0521_688-20220611-065633-50-50.txt,060756,065633
0521_688,2022-06-13,1,0.008771929824561403,113,114,0521_688-20220613\0521_688-20220613-064359-114-0.txt,0521_688-20220613\0521_688-20220613-081109-114-114.txt,064359,081109
0521_688,2022-06-14,2,0.017857142857142856,112,112,0521_688-20220614\0521_688-20220614-065541-112-0.txt,0521_688-20220614\0521_688-20220614-080517-112-112.txt,065541,080517
0521_688,2022-06-15,80,0.9411764705882353,85,85,0521_688-20220615\0521_688-20220615-064126-85-0.txt,0521_688-20220615\0521_688-20220615-073144-85-85.txt,064126,073144
0521_688,2022-06-16,57,0.8028169014084507,71,70,0521_688-20220616\0521_688-20220616-063937-71-0.txt,0521_688-20220616\0521_688-20220616-080057-70-70.txt,063937,080057
0521_688,2022-06-18,1,0.023255813953488372,42,43,0521_688-20220618\0521_688-20220618-052059-42-0.txt,0521_688-20220618\0521_688-20220618-055633-43-43.txt,052059,055633
0521_688,2022-06-20,0,0.0,91,91,0521_688-20220620\0521_688-20220620-064254-91-0.txt,0521_688-20220620\0521_688-20220620-074701-91-91.txt,064254,074701
0521_688,2022-06-21,0,0.0,121,121,0521_688-20220621\0521_688-20220621-063532-121-0.txt,0521_688-20220621\0521_688-20220621-080346-121-121.txt,063532,080346
0521_688,2022-06-22,0,0.0,134,134,0521_688-20220622\0521_688-20220622-070651-134-0.txt,0521_688-20220622\0521_688-20220622-081049-134-134.txt,070651,081049
0521_689,2022-05-31,88,0.6470588235294118,134,136,0521_689-20220531\0521_689-20220531-054910-134-0.txt,0521_689-20220531\0521_689-20220531-065255-136-136.txt,054910,065255
0521_689,2022-06-01,79,0.7314814814814815,108,107,0521_689-20220601\0521_689-20220601-053730-108-0.txt,0521_689-20220601\0521_689-20220601-061814-107-107.txt,053730,061814
0521_689,2022-06-02,58,0.5370370370370371,107,108,0521_689-20220602\0521_689-20220602-054037-107-0.txt,0521_689-20220602\0521_689-20220602-062602-108-108.txt,054037,062602
0521_689,2022-06-03,57,0.6477272727272727,88,87,0521_689-20220603\0521_689-20220603-053003-88-0.txt,0521_689-20220603\0521_689-20220603-061154-87-87.txt,053003,061154
0521_689,2022-06-07,57,0.6195652173913043,92,92,0521_689-20220607\0521_689-20220607-051521-92-0.txt,0521_689-20220607\0521_689-20220607-061518-92-92.txt,051521,061518
0521_689,2022-06-08,109,0.7569444444444444,139,144,0521_689-20220608\0521_689-20220608-054135-139-0.txt,0521_689-20220608\0521_689-20220608-065917-144-144.txt,054135,065917
0521_689,2022-06-09,82,0.6666666666666666,114,123,0521_689-20220609\0521_689-20220609-050922-114-0.txt,0521_689-20220609\0521_689-20220609-063144-123-123.txt,050922,063144
0521_689,2022-06-13,52,0.6582278481012658,77,79,0521_689-20220613\0521_689-20220613-053055-77-0.txt,0521_689-20220613\0521_689-20220613-061106-79-79.txt,053055,061106
0521_689,2022-06-14,64,0.5714285714285714,112,112,0521_689-20220614\0521_689-20220614-053541-112-0.txt,0521_689-20220614\0521_689-20220614-061829-112-112.txt,053541,061829
0521_689,2022-06-15,50,0.4032258064516129,120,124,0521_689-20220615\0521_689-20220615-054318-120-0.txt,0521_689-20220615\0521_689-20220615-063156-124-124.txt,054318,063156
0521_689,2022-06-16,105,0.8898305084745762,117,118,0521_689-20220616\0521_689-20220616-055100-117-0.txt,0521_689-20220616\0521_689-20220616-060151-118-118.txt,055100,060151
0521_689,2022-06-17,68,0.9577464788732394,71,68,0521_689-20220617\0521_689-20220617-052742-71-0.txt,0521_689-20220617\0521_689-20220617-054425-68-68.txt,052742,054425
0521_689,2022-06-20,40,0.5063291139240507,79,77,0521_689-20220620\0521_689-20220620-052708-79-0.txt,0521_689-20220620\0521_689-20220620-060805-77-77.txt,052708,060805
0521_689,2022-06-21,73,0.7019230769230769,100,104,0521_689-20220621\0521_689-20220621-052518-100-0.txt,0521_689-20220621\0521_689-20220621-062447-104-104.txt,052518,062447
0521_689,2022-06-22,51,0.5,99,102,0521_689-20220622\0521_689-20220622-052035-99-0.txt,0521_689-20220622\0521_689-20220622-061520-102-102.txt,052035,061520
0521_690,2022-05-30,169,0.9441340782122905,179,178,0521_690-20220530\0521_690-20220530-065728-179-0.txt,0521_690-20220530\0521_690-20220530-083715-178-178.txt,065728,083715
0521_690,2022-05-31,144,0.6486486486486487,219,222,0521_690-20220531\0521_690-20220531-070833-219-0.txt,0521_690-20220531\0521_690-20220531-092512-222-222.txt,070833,092512
0521_690,2022-06-01,6,0.037267080745341616,161,161,0521_690-20220601\0521_690-20220601-063341-161-0.txt,0521_690-20220601\0521_690-20220601-093146-161-161.txt,063341,093146
0521_690,2022-06-02,107,0.5721925133689839,185,187,0521_690-20220602\0521_690-20220602-062913-185-0.txt,0521_690-20220602\0521_690-20220602-085716-187-187.txt,062913,085716
0521_690,2022-06-03,66,0.4177215189873418,158,158,0521_690-20220603\0521_690-20220603-075337-158-0.txt,0521_690-20220603\0521_690-20220603-095125-158-158.txt,075337,095125
0521_690,2022-06-04,0,0.0,54,54,0521_690-20220604\0521_690-20220604-055220-54-0.txt,0521_690-20220604\0521_690-20220604-062707-54-54.txt,055220,062707
0521_690,2022-06-07,114,0.7450980392156863,153,153,0521_690-20220607\0521_690-20220607-062817-153-0.txt,0521_690-20220607\0521_690-20220607-081027-153-153.txt,062817,081027
0521_690,2022-06-08,148,0.6040816326530613,245,212,0521_690-20220608\0521_690-20220608-064647-245-0.txt,0521_690-20220608\0521_690-20220608-093440-212-212.txt,064647,093440
0521_690,2022-06-09,146,0.8202247191011236,176,178,0521_690-20220609\0521_690-20220609-065750-176-0.txt,0521_690-20220609\0521_690-20220609-092020-178-178.txt,065750,092020
0521_690,2022-06-10,76,0.4444444444444444,170,171,0521_690-20220610\0521_690-20220610-071729-171-0.txt,0521_690-20220610\0521_690-20220610-092024-171-171.txt,071729,092024
0521_690,2022-06-11,0,0.0,61,61,0521_690-20220611\0521_690-20220611-053524-61-0.txt,0521_690-20220611\0521_690-20220611-062213-61-61.txt,053524,062213
0521_690,2022-06-13,143,0.7371134020618557,194,192,0521_690-20220613\0521_690-20220613-065241-194-0.txt,0521_690-20220613\0521_690-20220613-090306-192-192.txt,065241,090306
0521_690,2022-06-14,120,0.6417112299465241,178,187,0521_690-20220614\0521_690-20220614-071258-178-0.txt,0521_690-20220614\0521_690-20220614-093533-187-187.txt,071258,093533
0521_690,2022-06-15,145,0.838150289017341,173,173,0521_690-20220615\0521_690-20220615-070801-173-0.txt,0521_690-20220615\0521_690-20220615-090528-173-173.txt,070801,090528
0521_690,2022-06-16,153,0.9,170,170,0521_690-20220616\0521_690-20220616-075713-170-0.txt,0521_690-20220616\0521_690-20220616-094759-170-170.txt,075713,094759
0521_690,2022-06-17,0,0.0,107,107,0521_690-20220617\0521_690-20220617-071915-107-0.txt,0521_690-20220617\0521_690-20220617-080629-107-107.txt,071915,080629
0521_690,2022-06-18,1,0.019230769230769232,51,52,0521_690-20220618\0521_690-20220618-053603-51-0.txt,0521_690-20220618\0521_690-20220618-064914-52-52.txt,053603,064914
0521_690,2022-06-20,37,0.2846153846153846,129,130,0521_690-20220620\0521_690-20220620-072016-129-0.txt,0521_690-20220620\0521_690-20220620-082046-130-130.txt,072016,082046
0521_690,2022-06-21,115,0.5555555555555556,207,207,0521_690-20220621\0521_690-20220621-071235-208-0.txt,0521_690-20220621\0521_690-20220621-090430-207-207.txt,071235,090430
0521_690,2022-06-22,112,0.6120218579234973,183,182,0521_690-20220622\0521_690-20220622-071630-183-0.txt,0521_690-20220622\0521_690-20220622-090309-182-182.txt,071630,090309
0521_692,2022-05-31,23,0.12994350282485875,177,171,0521_692-20220531\0521_692-20220531-051324-177-0.txt,0521_692-20220531\0521_692-20220531-062906-171-171.txt,051324,062906
0521_692,2022-06-01,38,0.25165562913907286,145,151,0521_692-20220601\0521_692-20220601-051409-145-0.txt,0521_692-20220601\0521_692-20220601-063423-151-151.txt,051409,063423
0521_692,2022-06-02,19,0.13380281690140844,142,140,0521_692-20220602\0521_692-20220602-051040-142-0.txt,0521_692-20220602\0521_692-20220602-063427-140-140.txt,051040,063427
0521_692,2022-06-03,19,0.13013698630136986,146,142,0521_692-20220603\0521_692-20220603-051316-146-0.txt,0521_692-20220603\0521_692-20220603-062810-142-142.txt,051316,062810
0521_692,2022-06-07,29,0.25663716814159293,113,111,0521_692-20220607\0521_692-20220607-051053-113-0.txt,0521_692-20220607\0521_692-20220607-061313-111-111.txt,051053,061313
0521_692,2022-06-08,38,0.2585034013605442,147,145,0521_692-20220608\0521_692-20220608-050808-147-0.txt,0521_692-20220608\0521_692-20220608-063639-145-145.txt,050808,063639
0521_692,2022-06-09,29,0.20863309352517986,138,139,0521_692-20220609\0521_692-20220609-051203-138-0.txt,0521_692-20220609\0521_692-20220609-062915-139-139.txt,051203,062915
0521_692,2022-06-10,147,0.8305084745762712,177,141,0521_692-20220610\0521_692-20220610-050748-177-0.txt,0521_692-20220610\0521_692-20220610-064503-141-141.txt,050748,064503
0521_692,2022-06-11,2,0.037037037037037035,54,54,0521_692-20220611\0521_692-20220611-053558-54-0.txt,0521_692-20220611\0521_692-20220611-060450-54-54.txt,053558,060450
0521_692,2022-06-13,48,0.32432432432432434,148,137,0521_692-20220613\0521_692-20220613-051248-148-0.txt,0521_692-20220613\0521_692-20220613-062940-137-137.txt,051248,062940
0521_692,2022-06-14,38,0.24358974358974358,156,156,0521_692-20220614\0521_692-20220614-051325-156-0.txt,0521_692-20220614\0521_692-20220614-063201-156-156.txt,051325,063201
0521_692,2022-06-15,29,0.20422535211267606,141,142,0521_692-20220615\0521_692-20220615-050807-141-0.txt,0521_692-20220615\0521_692-20220615-061654-142-142.txt,050807,061654
0521_692,2022-06-16,151,0.9869281045751634,153,129,0521_692-20220616\0521_692-20220616-050859-153-0.txt,0521_692-20220616\0521_692-20220616-062403-129-129.txt,050859,062403
0521_692,2022-06-17,20,0.18181818181818182,110,104,0521_692-20220617\0521_692-20220617-051225-110-0.txt,0521_692-20220617\0521_692-20220617-062054-104-104.txt,051225,062054
0521_692,2022-06-20,33,0.29464285714285715,112,97,0521_692-20220620\0521_692-20220620-050844-112-0.txt,0521_692-20220620\0521_692-20220620-060120-97-97.txt,050844,060120
0521_692,2022-06-21,60,0.3592814371257485,167,147,0521_692-20220621\0521_692-20220621-050937-167-0.txt,0521_692-20220621\0521_692-20220621-063514-147-147.txt,050937,063514
0521_692,2022-06-22,32,0.2601626016260163,123,121,0521_692-20220622\0521_692-20220622-050742-123-0.txt,0521_692-20220622\0521_692-20220622-061717-121-121.txt,050742,061717
0521_693,2022-05-31,80,0.6153846153846154,130,130,0521_693-20220531\0521_693-20220531-063003-130-0.txt,0521_693-20220531\0521_693-20220531-063702-130-130.txt,063003,063702
0521_693,2022-06-01,70,0.7526881720430108,93,75,0521_693-20220601\0521_693-20220601-062359-93-0.txt,0521_693-20220601\0521_693-20220601-065216-75-75.txt,062359,065216
0521_693,2022-06-02,103,0.64375,160,114,0521_693-20220602\0521_693-20220602-061154-160-0.txt,0521_693-20220602\0521_693-20220602-070154-114-114.txt,061154,070154
0521_693,2022-06-03,114,0.7755102040816326,147,103,0521_693-20220603\0521_693-20220603-060315-147-0.txt,0521_693-20220603\0521_693-20220603-064252-103-103.txt,060315,064252
0521_693,2022-06-07,119,0.9015151515151515,132,113,0521_693-20220607\0521_693-20220607-060904-132-0.txt,0521_693-20220607\0521_693-20220607-065109-113-113.txt,060904,065109
0521_693,2022-06-08,287,0.8696969696969697,330,246,0521_693-20220608\0521_693-20220608-072612-330-0.txt,0521_693-20220608\0521_693-20220608-093017-246-246.txt,072612,093017
0521_693,2022-06-09,99,0.678082191780822,146,112,0521_693-20220609\0521_693-20220609-060246-146-0.txt,0521_693-20220609\0521_693-20220609-064159-112-112.txt,060246,064159
0521_693,2022-06-10,247,0.8916967509025271,277,118,0521_693-20220610\0521_693-20220610-060555-289-0.txt,0521_693-20220610\0521_693-20220610-064303-118-118.txt,060555,064303
0521_693,2022-06-13,82,0.7068965517241379,116,105,0521_693-20220613\0521_693-20220613-060756-116-0.txt,0521_693-20220613\0521_693-20220613-065032-105-105.txt,060756,065032
0521_693,2022-06-14,133,0.7777777777777778,171,119,0521_693-20220614\0521_693-20220614-060318-171-0.txt,0521_693-20220614\0521_693-20220614-065309-119-119.txt,060318,065309
0521_693,2022-06-15,60,0.6060606060606061,99,95,0521_693-20220615\0521_693-20220615-061217-99-0.txt,0521_693-20220615\0521_693-20220615-064709-95-95.txt,061217,064709
0521_693,2022-06-16,65,0.6372549019607843,102,92,0521_693-20220616\0521_693-20220616-055447-102-0.txt,0521_693-20220616\0521_693-20220616-062651-92-92.txt,055447,062651
0521_693,2022-06-17,49,0.6049382716049383,81,81,0521_693-20220617\0521_693-20220617-054509-81-0.txt,0521_693-20220617\0521_693-20220617-061541-81-81.txt,054509,061541
0521_693,2022-06-20,59,0.7763157894736842,76,69,0521_693-20220620\0521_693-20220620-052539-76-0.txt,0521_693-20220620\0521_693-20220620-055641-69-69.txt,052539,055641
0521_693,2022-06-21,100,0.8333333333333334,120,118,0521_693-20220621\0521_693-20220621-060845-120-0.txt,0521_693-20220621\0521_693-20220621-064937-118-118.txt,060845,064937
0521_693,2022-06-22,86,0.9247311827956989,93,86,0521_693-20220622\0521_693-20220622-054404-93-0.txt,0521_693-20220622\0521_693-20220622-061647-86-86.txt,054404,061647
0521_694,2022-05-31,48,0.2874251497005988,167,163,0521_694-20220531\0521_694-20220531-055943-167-0.txt,0521_694-20220531\0521_694-20220531-070934-163-163.txt,055943,070934
0521_694,2022-06-01,58,0.43283582089552236,134,131,0521_694-20220601\0521_694-20220601-054322-134-0.txt,0521_694-20220601\0521_694-20220601-065729-131-131.txt,054322,065729
0521_694,2022-06-02,72,0.6050420168067226,119,118,0521_694-20220602\0521_694-20220602-054726-119-0.txt,0521_694-20220602\0521_694-20220602-070049-118-118.txt,054726,070049
0521_694,2022-06-03,9,0.07258064516129033,124,124,0521_694-20220603\0521_694-20220603-055055-124-0.txt,0521_694-20220603\0521_694-20220603-064318-124-124.txt,055055,064318
0521_694,2022-06-07,20,0.23529411764705882,85,81,0521_694-20220607\0521_694-20220607-053703-85-0.txt,0521_694-20220607\0521_694-20220607-062124-81-81.txt,053703,062124
0521_694,2022-06-08,24,0.20512820512820512,117,117,0521_694-20220608\0521_694-20220608-055145-117-0.txt,0521_694-20220608\0521_694-20220608-070852-117-117.txt,055145,070852
0521_694,2022-06-09,43,0.3233082706766917,133,131,0521_694-20220609\0521_694-20220609-054046-133-0.txt,0521_694-20220609\0521_694-20220609-063802-131-131.txt,054046,063802
0521_694,2022-06-13,54,0.5346534653465347,101,95,0521_694-20220613\0521_694-20220613-054012-101-0.txt,0521_694-20220613\0521_694-20220613-070518-95-95.txt,054012,070518
0521_694,2022-06-14,70,0.5384615384615384,130,126,0521_694-20220614\0521_694-20220614-054314-130-0.txt,0521_694-20220614\0521_694-20220614-075218-126-126.txt,054314,075218
0521_694,2022-06-15,22,0.1981981981981982,111,107,0521_694-20220615\0521_694-20220615-053733-111-0.txt,0521_694-20220615\0521_694-20220615-061712-107-107.txt,053733,061712
0521_694,2022-06-16,31,0.3563218390804598,86,87,0521_694-20220616\0521_694-20220616-053348-86-0.txt,0521_694-20220616\0521_694-20220616-065322-87-87.txt,053348,065322
0521_694,2022-06-17,29,0.29591836734693877,90,98,0521_694-20220617\0521_694-20220617-053341-90-0.txt,0521_694-20220617\0521_694-20220617-073556-98-98.txt,053341,073556
0521_694,2022-06-20,28,0.3333333333333333,84,79,0521_694-20220620\0521_694-20220620-054720-84-0.txt,0521_694-20220620\0521_694-20220620-070155-79-79.txt,054720,070155
0521_694,2022-06-21,32,0.3106796116504854,103,103,0521_694-20220621\0521_694-20220621-054032-103-0.txt,0521_694-20220621\0521_694-20220621-062221-103-103.txt,054032,062221
0521_694,2022-06-22,25,0.19230769230769232,120,130,0521_694-20220622\0521_694-20220622-055204-120-0.txt,0521_694-20220622\0521_694-20220622-065255-130-130.txt,055204,065255
0521_695,2022-05-31,5,0.024752475247524754,202,199,0521_695-20220531\0521_695-20220531-091949-202-0.txt,0521_695-20220531\0521_695-20220531-095710-199-199.txt,091949,095710
0521_695,2022-06-01,3,0.02,150,149,0521_695-20220601\0521_695-20220601-084326-150-0.txt,0521_695-20220601\0521_695-20220601-095408-149-149.txt,084326,095408
0521_695,2022-06-02,4,0.029850746268656716,134,134,0521_695-20220602\0521_695-20220602-085337-134-0.txt,0521_695-20220602\0521_695-20220602-095137-134-134.txt,085337,095137
0521_695,2022-06-03,8,0.08163265306122448,98,94,0521_695-20220603\0521_695-20220603-083410-98-0.txt,0521_695-20220603\0521_695-20220603-091546-94-94.txt,083410,091546
0521_695,2022-06-07,22,0.17054263565891473,129,129,0521_695-20220607\0521_695-20220607-085116-129-0.txt,0521_695-20220607\0521_695-20220607-100849-129-129.txt,085116,100849
0521_695,2022-06-08,0,0.0,163,163,0521_695-20220608\0521_695-20220608-090309-163-0.txt,0521_695-20220608\0521_695-20220608-102418-163-163.txt,090309,102418
0521_695,2022-06-10,2,0.017094017094017096,117,115,0521_695-20220610\0521_695-20220610-083836-117-0.txt,0521_695-20220610\0521_695-20220610-092616-115-115.txt,083836,092616
0521_695,2022-06-13,5,0.04854368932038835,103,100,0521_695-20220613\0521_695-20220613-085207-103-0.txt,0521_695-20220613\0521_695-20220613-094636-100-100.txt,085207,094636
0521_695,2022-06-14,0,0.0,131,131,0521_695-20220614\0521_695-20220614-091121-131-0.txt,0521_695-20220614\0521_695-20220614-101525-131-131.txt,091121,101525
0521_695,2022-06-15,2,0.016129032258064516,124,122,0521_695-20220615\0521_695-20220615-084921-124-0.txt,0521_695-20220615\0521_695-20220615-093357-122-122.txt,084921,093357
0521_695,2022-06-16,3,0.024793388429752067,121,118,0521_695-20220616\0521_695-20220616-084620-121-0.txt,0521_695-20220616\0521_695-20220616-094759-118-118.txt,084620,094759
0521_695,2022-06-17,2,0.022988505747126436,87,85,0521_695-20220617\0521_695-20220617-084833-87-0.txt,0521_695-20220617\0521_695-20220617-093027-85-85.txt,084833,093027
0521_695,2022-06-20,0,0.0,80,80,0521_695-20220620\0521_695-20220620-082729-80-0.txt,0521_695-20220620\0521_695-20220620-091104-80-80.txt,082729,091104
0521_695,2022-06-21,0,0.0,133,133,0521_695-20220621\0521_695-20220621-085924-133-0.txt,0521_695-20220621\0521_695-20220621-095635-133-133.txt,085924,095635
0521_695,2022-06-22,12,0.09090909090909091,132,132,0521_695-20220622\0521_695-20220622-084059-132-0.txt,0521_695-20220622\0521_695-20220622-094835-132-132.txt,084059,094835
0521_696,2022-06-01,5,0.040983606557377046,122,119,0521_696-20220601\0521_696-20220601-060621-122-0.txt,0521_696-20220601\0521_696-20220601-070651-119-119.txt,060621,070651
0521_696,2022-06-02,0,0.0,141,141,0521_696-20220602\0521_696-20220602-061142-141-0.txt,0521_696-20220602\0521_696-20220602-070052-141-141.txt,061142,070052
0521_696,2022-06-03,0,0.0,73,73,0521_696-20220603\0521_696-20220603-055428-73-0.txt,0521_696-20220603\0521_696-20220603-063230-73-73.txt,055428,063230
0521_696,2022-06-07,2,0.022988505747126436,87,85,0521_696-20220607\0521_696-20220607-060441-87-0.txt,0521_696-20220607\0521_696-20220607-063753-85-85.txt,060441,063753
0521_696,2022-06-08,1,0.007518796992481203,133,132,0521_696-20220608\0521_696-20220608-060444-133-0.txt,0521_696-20220608\0521_696-20220608-070720-132-132.txt,060444,070720
0521_696,2022-06-09,2,0.015748031496062992,127,127,0521_696-20220609\0521_696-20220609-063737-127-0.txt,0521_696-20220609\0521_696-20220609-072242-127-127.txt,063737,072242
0521_696,2022-06-10,2,0.016666666666666666,120,118,0521_696-20220610\0521_696-20220610-062031-120-0.txt,0521_696-20220610\0521_696-20220610-070525-118-118.txt,062031,070525
0521_696,2022-06-13,8,0.08163265306122448,98,91,0521_696-20220613\0521_696-20220613-061502-98-0.txt,0521_696-20220613\0521_696-20220613-070153-91-91.txt,061502,070153
0521_696,2022-06-14,15,0.10714285714285714,140,129,0521_696-20220614\0521_696-20220614-062411-140-0.txt,0521_696-20220614\0521_696-20220614-075124-129-129.txt,062411,075124
0521_696,2022-06-16,0,0.0,97,97,0521_696-20220616\0521_696-20220616-061152-97-0.txt,0521_696-20220616\0521_696-20220616-064527-97-97.txt,061152,064527
0521_696,2022-06-17,11,0.09821428571428571,112,101,0521_696-20220617\0521_696-20220617-062553-112-0.txt,0521_696-20220617\0521_696-20220617-071046-101-101.txt,062553,071046
0521_696,2022-06-20,4,0.04878048780487805,82,78,0521_696-20220620\0521_696-20220620-063839-82-0.txt,0521_696-20220620\0521_696-20220620-070148-78-78.txt,063839,070148
0521_696,2022-06-21,0,0.0,123,123,0521_696-20220621\0521_696-20220621-055410-123-0.txt,0521_696-20220621\0521_696-20220621-064433-123-123.txt,055410,064433
0521_696,2022-06-22,1,0.011235955056179775,89,88,0521_696-20220622\0521_696-20220622-061137-89-0.txt,0521_696-20220622\0521_696-20220622-064559-88-88.txt,061137,064559
0521_697,2022-05-30,177,0.686046511627907,258,258,0521_697-20220530\0521_697-20220530-084647-258-0.txt,0521_697-20220530\0521_697-20220530-084325-258-258.txt,084647,084325
0521_697,2022-05-31,26,0.10612244897959183,245,245,0521_697-20220531\0521_697-20220531-075244-245-0.txt,0521_697-20220531\0521_697-20220531-093754-245-245.txt,075244,093754
0521_697,2022-06-01,113,0.41544117647058826,272,214,0521_697-20220601\0521_697-20220601-083339-272-0.txt,0521_697-20220601\0521_697-20220601-103746-214-214.txt,083339,103746
0521_697,2022-06-02,118,0.659217877094972,179,171,0521_697-20220602\0521_697-20220602-075349-179-0.txt,0521_697-20220602\0521_697-20220602-094755-171-171.txt,075349,094755
0521_697,2022-06-03,44,0.2558139534883721,172,164,0521_697-20220603\0521_697-20220603-081415-172-0.txt,0521_697-20220603\0521_697-20220603-095351-164-164.txt,081415,095351
0521_697,2022-06-04,28,0.45901639344262296,61,61,0521_697-20220604\0521_697-20220604-064759-61-0.txt,0521_697-20220604\0521_697-20220604-071250-61-61.txt,064759,071250
0521_697,2022-06-07,78,0.5735294117647058,136,119,0521_697-20220607\0521_697-20220607-072354-136-0.txt,0521_697-20220607\0521_697-20220607-081536-119-119.txt,072354,081536
0521_697,2022-06-08,10,0.16129032258064516,62,62,0521_697-20220608\0521_697-20220608-065327-62-0.txt,0521_697-20220608\0521_697-20220608-071556-62-62.txt,065327,071556
0521_697,2022-06-09,111,0.5935828877005348,144,187,0521_697-20220609\0521_697-20220609-084210-144-0.txt,0521_697-20220609\0521_697-20220609-100229-187-187.txt,084210,100229
0521_697,2022-06-13,127,0.7888198757763976,159,161,0521_697-20220613\0521_697-20220613-080345-159-0.txt,0521_697-20220613\0521_697-20220613-094124-161-161.txt,080345,094124
0521_697,2022-06-14,99,0.4900990099009901,163,202,0521_697-20220614\0521_697-20220614-074752-163-0.txt,0521_697-20220614\0521_697-20220614-102853-202-202.txt,074752,102853
0521_697,2022-06-15,78,0.39593908629441626,197,197,0521_697-20220615\0521_697-20220615-090649-197-0.txt,0521_697-20220615\0521_697-20220615-092934-197-197.txt,090649,092934
0521_697,2022-06-16,31,0.15816326530612246,196,181,0521_697-20220616\0521_697-20220616-080626-196-0.txt,0521_697-20220616\0521_697-20220616-094016-181-181.txt,080626,094016
0521_697,2022-06-17,55,0.5,110,75,0521_697-20220617\0521_697-20220617-070133-110-0.txt,0521_697-20220617\0521_697-20220617-082137-75-75.txt,070133,082137
0521_697,2022-06-18,5,0.08771929824561403,53,57,0521_697-20220618\0521_697-20220618-063012-53-0.txt,0521_697-20220618\0521_697-20220618-065101-57-57.txt,063012,065101
0521_697,2022-06-20,38,0.8636363636363636,44,44,0521_697-20220620\0521_697-20220620-073354-44-0.txt,0521_697-20220620\0521_697-20220620-075729-44-44.txt,073354,075729
0521_697,2022-06-21,123,0.6059113300492611,203,203,0521_697-20220621\0521_697-20220621-085118-203-0.txt,0521_697-20220621\0521_697-20220621-094736-203-203.txt,085118,094736
0521_697,2022-06-22,29,0.26605504587155965,85,109,0521_697-20220622\0521_697-20220622-080411-85-0.txt,0521_697-20220622\0521_697-20220622-090156-109-109.txt,080411,090156
0521_698,2022-05-31,23,0.18253968253968253,126,105,0521_698-20220531\0521_698-20220531-085857-126-0.txt,0521_698-20220531\0521_698-20220531-095648-105-105.txt,085857,095648
0521_698,2022-06-01,8,0.07547169811320754,106,100,0521_698-20220601\0521_698-20220601-083800-106-0.txt,0521_698-20220601\0521_698-20220601-093009-100-100.txt,083800,093009
0521_698,2022-06-02,19,0.1792452830188679,106,105,0521_698-20220602\0521_698-20220602-082708-106-0.txt,0521_698-20220602\0521_698-20220602-092905-105-105.txt,082708,092905
0521_698,2022-06-03,25,0.21367521367521367,116,117,0521_698-20220603\0521_698-20220603-083707-116-0.txt,0521_698-20220603\0521_698-20220603-092248-117-117.txt,083707,092248
0521_698,2022-06-04,9,0.12857142857142856,70,67,0521_698-20220604\0521_698-20220604-061119-70-0.txt,0521_698-20220604\0521_698-20220604-062822-67-67.txt,061119,062822
0521_698,2022-06-07,55,0.5851063829787234,93,94,0521_698-20220607\0521_698-20220607-085206-93-0.txt,0521_698-20220607\0521_698-20220607-092826-94-94.txt,085206,092826
0521_698,2022-06-08,44,0.29931972789115646,145,147,0521_698-20220608\0521_698-20220608-084832-145-0.txt,0521_698-20220608\0521_698-20220608-093949-147-147.txt,084832,093949
0521_698,2022-06-09,16,0.13008130081300814,115,123,0521_698-20220609\0521_698-20220609-083517-115-0.txt,0521_698-20220609\0521_698-20220609-092309-123-123.txt,083517,092309
0521_698,2022-06-10,47,0.3884297520661157,120,121,0521_698-20220610\0521_698-20220610-084133-120-0.txt,0521_698-20220610\0521_698-20220610-101832-121-121.txt,084133,101832
0521_698,2022-06-11,1,0.017543859649122806,56,57,0521_698-20220611\0521_698-20220611-054135-56-0.txt,0521_698-20220611\0521_698-20220611-060258-57-57.txt,054135,060258
0521_698,2022-06-13,28,0.27722772277227725,101,100,0521_698-20220613\0521_698-20220613-085730-101-0.txt,0521_698-20220613\0521_698-20220613-100541-100-100.txt,085730,100541
0521_698,2022-06-14,39,0.42857142857142855,91,74,0521_698-20220614\0521_698-20220614-090639-91-0.txt,0521_698-20220614\0521_698-20220614-101612-74-74.txt,090639,101612
0521_698,2022-06-15,53,0.40458015267175573,128,131,0521_698-20220615\0521_698-20220615-084634-128-0.txt,0521_698-20220615\0521_698-20220615-094610-131-131.txt,084634,094610
0521_698,2022-06-16,29,0.27884615384615385,104,103,0521_698-20220616\0521_698-20220616-082545-104-0.txt,0521_698-20220616\0521_698-20220616-090606-103-103.txt,082545,090606
0521_698,2022-06-17,25,0.20491803278688525,122,121,0521_698-20220617\0521_698-20220617-083113-122-0.txt,0521_698-20220617\0521_698-20220617-094659-121-121.txt,083113,094659
0521_698,2022-06-18,0,0.0,102,102,0521_698-20220618\0521_698-20220618-055757-102-0.txt,0521_698-20220618\0521_698-20220618-065008-102-102.txt,055757,065008
0521_698,2022-06-20,4,0.06779661016949153,59,59,0521_698-20220620\0521_698-20220620-081715-59-0.txt,0521_698-20220620\0521_698-20220620-084921-59-59.txt,081715,084921
0521_698,2022-06-21,34,0.21935483870967742,155,155,0521_698-20220621\0521_698-20220621-084847-155-0.txt,0521_698-20220621\0521_698-20220621-100503-155-155.txt,084847,100503
0521_698,2022-06-22,32,0.3076923076923077,104,104,0521_698-20220622\0521_698-20220622-082343-104-0.txt,0521_698-20220622\0521_698-20220622-091537-104-104.txt,082343,091537
0521_860,2022-05-31,72,0.3956043956043956,182,133,0521_860-20220531\0521_860-20220531-093020-182-0.txt,0521_860-20220531\0521_860-20220531-093852-133-133.txt,093020,093852
0521_860,2022-06-01,92,0.609271523178808,151,145,0521_860-20220601\0521_860-20220601-093040-151-0.txt,0521_860-20220601\0521_860-20220601-093623-145-145.txt,093040,093623
0521_860,2022-06-02,85,0.6589147286821705,129,49,0521_860-20220602\0521_860-20220602-085347-129-0.txt,0521_860-20220602\0521_860-20220602-094542-49-49.txt,085347,094542
0521_860,2022-06-03,103,0.8046875,128,125,0521_860-20220603\0521_860-20220603-085613-128-0.txt,0521_860-20220603\0521_860-20220603-100702-125-125.txt,085613,100702
0521_860,2022-06-07,26,0.24299065420560748,107,107,0521_860-20220607\0521_860-20220607-090829-107-0.txt,0521_860-20220607\0521_860-20220607-095829-107-107.txt,090829,095829
0521_860,2022-06-08,43,0.3161764705882353,136,135,0521_860-20220608\0521_860-20220608-090743-136-0.txt,0521_860-20220608\0521_860-20220608-100937-135-135.txt,090743,100937
0521_860,2022-06-09,84,0.75,112,111,0521_860-20220609\0521_860-20220609-085927-112-0.txt,0521_860-20220609\0521_860-20220609-101050-111-111.txt,085927,101050
0521_860,2022-06-13,61,0.5083333333333333,120,120,0521_860-20220613\0521_860-20220613-091453-120-0.txt,0521_860-20220613\0521_860-20220613-102708-120-120.txt,091453,102708
0521_860,2022-06-14,114,0.9047619047619048,126,126,0521_860-20220614\0521_860-20220614-085716-126-0.txt,0521_860-20220614\0521_860-20220614-095207-126-126.txt,085716,095207
0521_860,2022-06-15,27,0.2647058823529412,101,102,0521_860-20220615\0521_860-20220615-090852-101-0.txt,0521_860-20220615\0521_860-20220615-100709-102-102.txt,090852,100709
0521_860,2022-06-16,0,0.0,111,111,0521_860-20220616\0521_860-20220616-082231-111-0.txt,0521_860-20220616\0521_860-20220616-090232-111-111.txt,082231,090232
0521_860,2022-06-17,0,0.0,117,117,0521_860-20220617\0521_860-20220617-084512-117-0.txt,0521_860-20220617\0521_860-20220617-092949-117-117.txt,084512,092949
0521_860,2022-06-20,1,0.011111111111111112,90,90,0521_860-20220620\0521_860-20220620-083156-90-0.txt,0521_860-20220620\0521_860-20220620-090233-90-90.txt,083156,090233
0521_860,2022-06-21,122,0.9457364341085271,129,129,0521_860-20220621\0521_860-20220621-084631-129-0.txt,0521_860-20220621\0521_860-20220621-094452-129-129.txt,084631,094452
0521_860,2022-06-22,18,0.1323529411764706,136,136,0521_860-20220622\0521_860-20220622-084123-136-0.txt,0521_860-20220622\0521_860-20220622-084343-136-136.txt,084123,084343
0521_861,2022-06-09,0,0.0,75,75,0521_861-20220609\0521_861-20220609-074801-75-0.txt,0521_861-20220609\0521_861-20220609-082400-75-75.txt,074801,082400
0521_861,2022-06-13,11,0.18333333333333332,60,59,0521_861-20220613\0521_861-20220613-083643-60-0.txt,0521_861-20220613\0521_861-20220613-090843-59-59.txt,083643,090843
0521_861,2022-06-15,28,0.25,88,112,0521_861-20220615\0521_861-20220615-080132-88-0.txt,0521_861-20220615\0521_861-20220615-092648-112-112.txt,080132,092648
0521_861,2022-06-16,2,0.041666666666666664,48,48,0521_861-20220616\0521_861-20220616-074910-48-0.txt,0521_861-20220616\0521_861-20220616-084547-48-48.txt,074910,084547
0521_861,2022-06-17,7,0.11666666666666667,53,60,0521_861-20220617\0521_861-20220617-075036-53-0.txt,0521_861-20220617\0521_861-20220617-084744-60-60.txt,075036,084744
0521_861,2022-06-20,15,0.18072289156626506,70,83,0521_861-20220620\0521_861-20220620-064233-70-0.txt,0521_861-20220620\0521_861-20220620-073331-83-83.txt,064233,073331
0521_861,2022-06-21,20,0.28169014084507044,55,71,0521_861-20220621\0521_861-20220621-070211-55-0.txt,0521_861-20220621\0521_861-20220621-081833-71-71.txt,070211,081833
0521_861,2022-06-22,10,0.1388888888888889,67,72,0521_861-20220622\0521_861-20220622-065229-67-0.txt,0521_861-20220622\0521_861-20220622-081253-72-72.txt,065229,081253
0521_862,2022-06-01,117,0.7090909090909091,165,157,0521_862-20220601\0521_862-20220601-055856-165-0.txt,0521_862-20220601\0521_862-20220601-071439-157-157.txt,055856,071439
0521_862,2022-06-02,99,0.673469387755102,147,146,0521_862-20220602\0521_862-20220602-055711-147-0.txt,0521_862-20220602\0521_862-20220602-070353-146-146.txt,055711,070353
0521_862,2022-06-03,91,0.6594202898550725,138,138,0521_862-20220603\0521_862-20220603-054911-138-0.txt,0521_862-20220603\0521_862-20220603-064952-138-138.txt,054911,064952
0521_862,2022-06-07,61,0.580952380952381,105,102,0521_862-20220607\0521_862-20220607-053915-105-0.txt,0521_862-20220607\0521_862-20220607-062948-102-102.txt,053915,062948
0521_862,2022-06-08,101,0.5674157303370787,178,178,0521_862-20220608\0521_862-20220608-055830-178-0.txt,0521_862-20220608\0521_862-20220608-071813-178-178.txt,055830,071813
0521_862,2022-06-09,123,0.7409638554216867,166,164,0521_862-20220609\0521_862-20220609-055821-166-0.txt,0521_862-20220609\0521_862-20220609-071538-164-164.txt,055821,071538
0521_862,2022-06-10,91,0.6026490066225165,151,149,0521_862-20220610\0521_862-20220610-060111-151-0.txt,0521_862-20220610\0521_862-20220610-065134-149-149.txt,060111,065134
0521_862,2022-06-13,115,0.7516339869281046,153,125,0521_862-20220613\0521_862-20220613-060142-153-0.txt,0521_862-20220613\0521_862-20220613-070358-125-125.txt,060142,070358
0521_862,2022-06-14,46,0.3333333333333333,138,135,0521_862-20220614\0521_862-20220614-060637-138-0.txt,0521_862-20220614\0521_862-20220614-070353-135-135.txt,060637,070353
0521_862,2022-06-15,66,0.5076923076923077,130,127,0521_862-20220615\0521_862-20220615-055827-130-0.txt,0521_862-20220615\0521_862-20220615-063900-127-127.txt,055827,063900
0521_862,2022-06-16,48,0.35294117647058826,136,129,0521_862-20220616\0521_862-20220616-054524-136-0.txt,0521_862-20220616\0521_862-20220616-062833-129-129.txt,054524,062833
0521_862,2022-06-17,92,0.8070175438596491,114,113,0521_862-20220617\0521_862-20220617-053729-114-0.txt,0521_862-20220617\0521_862-20220617-062223-113-113.txt,053729,062223
0521_862,2022-06-20,96,0.7868852459016393,122,122,0521_862-20220620\0521_862-20220620-054117-122-0.txt,0521_862-20220620\0521_862-20220620-063241-122-122.txt,054117,063241
0521_862,2022-06-21,96,0.6808510638297872,141,138,0521_862-20220621\0521_862-20220621-055412-141-0.txt,0521_862-20220621\0521_862-20220621-064820-138-138.txt,055412,064820
0521_862,2022-06-22,66,0.532258064516129,124,122,0521_862-20220622\0521_862-20220622-054924-124-0.txt,0521_862-20220622\0521_862-20220622-063214-122-122.txt,054924,063214
0521_863,2022-05-31,117,0.7267080745341615,142,161,0521_863-20220531\0521_863-20220531-062134-161-0.txt,0521_863-20220531\0521_863-20220531-090333-161-161.txt,062134,090333
0521_863,2022-06-01,50,0.32894736842105265,152,150,0521_863-20220601\0521_863-20220601-055722-152-0.txt,0521_863-20220601\0521_863-20220601-074634-150-150.txt,055722,074634
0521_863,2022-06-02,20,0.1652892561983471,121,121,0521_863-20220602\0521_863-20220602-062125-121-0.txt,0521_863-20220602\0521_863-20220602-073358-121-121.txt,062125,073358
0521_863,2022-06-07,0,0.0,42,42,0521_863-20220607\0521_863-20220607-094547-42-0.txt,0521_863-20220607\0521_863-20220607-101817-42-42.txt,094547,101817
0521_863,2022-06-08,1,0.006802721088435374,147,146,0521_863-20220608\0521_863-20220608-054718-147-0.txt,0521_863-20220608\0521_863-20220608-065124-146-146.txt,054718,065124
0521_863,2022-06-09,114,0.9421487603305785,121,121,0521_863-20220609\0521_863-20220609-053533-121-0.txt,0521_863-20220609\0521_863-20220609-063305-121-121.txt,053533,063305
0521_863,2022-06-10,41,0.36936936936936937,111,110,0521_863-20220610\0521_863-20220610-054507-111-0.txt,0521_863-20220610\0521_863-20220610-063139-110-110.txt,054507,063139
0521_863,2022-06-13,0,0.0,107,107,0521_863-20220613\0521_863-20220613-053857-107-0.txt,0521_863-20220613\0521_863-20220613-062003-107-107.txt,053857,062003
0521_863,2022-06-14,2,0.014598540145985401,137,137,0521_863-20220614\0521_863-20220614-053443-137-0.txt,0521_863-20220614\0521_863-20220614-063345-137-137.txt,053443,063345
0521_863,2022-06-15,84,0.7777777777777778,108,106,0521_863-20220615\0521_863-20220615-055805-108-0.txt,0521_863-20220615\0521_863-20220615-071400-106-106.txt,055805,071400
0521_863,2022-06-17,101,1.0,101,101,0521_863-20220617\0521_863-20220617-061525-101-0.txt,0521_863-20220617\0521_863-20220617-070241-101-101.txt,061525,070241
0521_863,2022-06-20,47,0.44339622641509435,106,102,0521_863-20220620\0521_863-20220620-070534-106-0.txt,0521_863-20220620\0521_863-20220620-075031-102-102.txt,070534,075031
0521_863,2022-06-22,51,0.5730337078651685,89,45,0521_863-20220622\0521_863-20220622-052900-89-0.txt,0521_863-20220622\0521_863-20220622-102238-45-45.txt,052900,102238
0521_864,2022-05-30,159,0.9408284023668639,142,169,0521_864-20220530\0521_864-20220530-083425-142-0.txt,0521_864-20220530\0521_864-20220530-105540-169-169.txt,083425,105540
0521_864,2022-06-07,2,0.014492753623188406,138,136,0521_864-20220607\0521_864-20220607-085514-138-0.txt,0521_864-20220607\0521_864-20220607-095056-136-136.txt,085514,095056
0521_864,2022-06-08,19,0.10052910052910052,177,189,0521_864-20220608\0521_864-20220608-083450-177-0.txt,0521_864-20220608\0521_864-20220608-102200-189-189.txt,083450,102200
0521_864,2022-06-09,32,0.2077922077922078,154,130,0521_864-20220609\0521_864-20220609-085654-154-0.txt,0521_864-20220609\0521_864-20220609-101604-130-130.txt,085654,101604
0521_864,2022-06-10,0,0.0,192,192,0521_864-20220610\0521_864-20220610-084037-192-0.txt,0521_864-20220610\0521_864-20220610-084740-192-192.txt,084037,084740
0521_864,2022-06-13,29,0.1858974358974359,156,130,0521_864-20220613\0521_864-20220613-083902-156-0.txt,0521_864-20220613\0521_864-20220613-095339-130-130.txt,083902,095339
0521_864,2022-06-14,0,0.0,146,146,0521_864-20220614\0521_864-20220614-085054-146-0.txt,0521_864-20220614\0521_864-20220614-095126-146-146.txt,085054,095126
0521_864,2022-06-15,41,0.2342857142857143,175,134,0521_864-20220615\0521_864-20220615-084726-175-0.txt,0521_864-20220615\0521_864-20220615-100607-134-134.txt,084726,100607
0521_864,2022-06-17,3,0.024,125,122,0521_864-20220617\0521_864-20220617-082206-125-0.txt,0521_864-20220617\0521_864-20220617-091822-122-122.txt,082206,091822
0521_864,2022-06-20,0,0.0,119,119,0521_864-20220620\0521_864-20220620-082844-119-0.txt,0521_864-20220620\0521_864-20220620-090622-119-119.txt,082844,090622
0521_864,2022-06-21,2,0.012048192771084338,166,164,0521_864-20220621\0521_864-20220621-085140-166-0.txt,0521_864-20220621\0521_864-20220621-100215-164-164.txt,085140,100215
0521_864,2022-06-22,2,0.013071895424836602,153,151,0521_864-20220622\0521_864-20220622-083018-153-0.txt,0521_864-20220622\0521_864-20220622-091314-151-151.txt,083018,091314
0521_865,2022-06-01,70,0.56,125,125,0521_865-20220601\0521_865-20220601-092556-125-0.txt,0521_865-20220601\0521_865-20220601-103831-125-125.txt,092556,103831
0521_865,2022-06-02,0,0.0,74,74,0521_865-20220602\0521_865-20220602-084729-74-0.txt,0521_865-20220602\0521_865-20220602-093233-74-74.txt,084729,093233
0521_865,2022-06-03,23,0.36507936507936506,63,62,0521_865-20220603\0521_865-20220603-083415-63-0.txt,0521_865-20220603\0521_865-20220603-090543-62-62.txt,083415,090543
0521_865,2022-06-07,53,0.5638297872340425,94,94,0521_865-20220607\0521_865-20220607-081857-94-0.txt,0521_865-20220607\0521_865-20220607-091232-94-94.txt,081857,091232
0521_865,2022-06-08,44,0.34108527131782945,129,127,0521_865-20220608\0521_865-20220608-084732-129-0.txt,0521_865-20220608\0521_865-20220608-095325-127-127.txt,084732,095325
0521_865,2022-06-09,51,0.4015748031496063,127,127,0521_865-20220609\0521_865-20220609-083314-127-0.txt,0521_865-20220609\0521_865-20220609-092618-127-127.txt,083314,092618
0521_865,2022-06-10,27,0.18620689655172415,145,144,0521_865-20220610\0521_865-20220610-083136-145-0.txt,0521_865-20220610\0521_865-20220610-092752-144-144.txt,083136,092752
0521_865,2022-06-13,34,0.2786885245901639,122,122,0521_865-20220613\0521_865-20220613-083833-122-0.txt,0521_865-20220613\0521_865-20220613-092800-122-122.txt,083833,092800
0521_865,2022-06-14,80,0.5405405405405406,148,144,0521_865-20220614\0521_865-20220614-082707-148-0.txt,0521_865-20220614\0521_865-20220614-092357-144-144.txt,082707,092357
0521_865,2022-06-15,40,0.291970802919708,137,135,0521_865-20220615\0521_865-20220615-084000-137-0.txt,0521_865-20220615\0521_865-20220615-084618-135-135.txt,084000,084618
0521_865,2022-06-16,41,0.36283185840707965,113,113,0521_865-20220616\0521_865-20220616-081536-113-0.txt,0521_865-20220616\0521_865-20220616-081730-113-113.txt,081536,081730
0521_865,2022-06-17,78,0.7027027027027027,111,109,0521_865-20220617\0521_865-20220617-084845-111-0.txt,0521_865-20220617\0521_865-20220617-091218-109-109.txt,084845,091218
0521_865,2022-06-20,34,0.3655913978494624,93,91,0521_865-20220620\0521_865-20220620-082147-93-0.txt,0521_865-20220620\0521_865-20220620-084927-91-91.txt,082147,084927
0521_865,2022-06-21,53,0.38405797101449274,128,138,0521_865-20220621\0521_865-20220621-081835-128-0.txt,0521_865-20220621\0521_865-20220621-092756-138-138.txt,081835,092756
0521_865,2022-06-22,1,0.027777777777777776,35,36,0521_865-20220622\0521_865-20220622-105313-38-0.txt,0521_865-20220622\0521_865-20220622-105725-36-36.txt,105313,105725
0521_866,2022-05-31,0,0.0,138,138,0521_866-20220531\0521_866-20220531-091824-138-0.txt,0521_866-20220531\0521_866-20220531-105505-138-138.txt,091824,105505
0521_866,2022-06-01,2,0.012422360248447204,161,159,0521_866-20220601\0521_866-20220601-090221-161-0.txt,0521_866-20220601\0521_866-20220601-103626-159-159.txt,090221,103626
0521_866,2022-06-02,6,0.04225352112676056,142,136,0521_866-20220602\0521_866-20220602-090213-142-0.txt,0521_866-20220602\0521_866-20220602-100918-136-136.txt,090213,100918
0521_866,2022-06-03,0,0.0,123,123,0521_866-20220603\0521_866-20220603-085438-123-0.txt,0521_866-20220603\0521_866-20220603-100448-123-123.txt,085438,100448
0521_866,2022-06-07,0,0.0,50,50,0521_866-20220607\0521_866-20220607-085021-50-0.txt,0521_866-20220607\0521_866-20220607-092308-50-50.txt,085021,092308
0521_866,2022-06-09,0,0.0,55,55,0521_866-20220609\0521_866-20220609-091402-55-0.txt,0521_866-20220609\0521_866-20220609-095151-55-55.txt,091402,095151
0521_866,2022-06-10,0,0.0,55,55,0521_866-20220610\0521_866-20220610-092118-55-0.txt,0521_866-20220610\0521_866-20220610-095537-55-55.txt,092118,095537
0521_866,2022-06-13,4,0.06060606060606061,66,62,0521_866-20220613\0521_866-20220613-090632-66-0.txt,0521_866-20220613\0521_866-20220613-095431-62-62.txt,090632,095431
0521_866,2022-06-14,36,0.3333333333333333,108,105,0521_866-20220614\0521_866-20220614-095034-108-0.txt,0521_866-20220614\0521_866-20220614-103920-105-105.txt,095034,103920
0521_866,2022-06-15,0,0.0,79,79,0521_866-20220615\0521_866-20220615-084223-79-0.txt,0521_866-20220615\0521_866-20220615-095357-79-79.txt,084223,095357
0521_866,2022-06-17,0,0.0,77,77,0521_866-20220617\0521_866-20220617-083945-77-0.txt,0521_866-20220617\0521_866-20220617-100118-77-77.txt,083945,100118
0521_866,2022-06-21,0,0.0,71,71,0521_866-20220621\0521_866-20220621-085905-71-0.txt,0521_866-20220621\0521_866-20220621-093611-71-71.txt,085905,093611
0521_866,2022-06-22,10,0.14285714285714285,70,68,0521_866-20220622\0521_866-20220622-083346-70-0.txt,0521_866-20220622\0521_866-20220622-091121-68-68.txt,083346,091121
0521_867,2022-05-31,0,0.0,127,127,0521_867-20220531\0521_867-20220531-061555-128-0.txt,0521_867-20220531\0521_867-20220531-070833-127-127.txt,061555,070833
0521_867,2022-06-01,16,0.1509433962264151,106,106,0521_867-20220601\0521_867-20220601-055733-106-0.txt,0521_867-20220601\0521_867-20220601-064100-106-106.txt,055733,064100
0521_867,2022-06-02,1,0.010101010101010102,98,99,0521_867-20220602\0521_867-20220602-063319-99-0.txt,0521_867-20220602\0521_867-20220602-072147-99-99.txt,063319,072147
0521_867,2022-06-03,21,0.22826086956521738,86,92,0521_867-20220603\0521_867-20220603-062917-92-0.txt,0521_867-20220603\0521_867-20220603-071145-92-92.txt,062917,071145
0521_867,2022-06-07,21,0.25925925925925924,80,81,0521_867-20220607\0521_867-20220607-060337-81-0.txt,0521_867-20220607\0521_867-20220607-070014-81-81.txt,060337,070014
0521_867,2022-06-08,17,0.1452991452991453,117,116,0521_867-20220608\0521_867-20220608-062131-117-0.txt,0521_867-20220608\0521_867-20220608-070640-116-116.txt,062131,070640
0521_867,2022-06-09,0,0.0,116,116,0521_867-20220609\0521_867-20220609-065356-116-0.txt,0521_867-20220609\0521_867-20220609-074844-116-116.txt,065356,074844
0521_867,2022-06-10,13,0.12871287128712872,101,101,0521_867-20220610\0521_867-20220610-063812-101-0.txt,0521_867-20220610\0521_867-20220610-072301-101-101.txt,063812,072301
0521_867,2022-06-13,37,0.3894736842105263,87,95,0521_867-20220613\0521_867-20220613-065610-96-0.txt,0521_867-20220613\0521_867-20220613-073352-95-95.txt,065610,073352
0521_867,2022-06-14,15,0.14705882352941177,102,102,0521_867-20220614\0521_867-20220614-063426-102-0.txt,0521_867-20220614\0521_867-20220614-071216-102-102.txt,063426,071216
0521_867,2022-06-15,20,0.18518518518518517,108,108,0521_867-20220615\0521_867-20220615-064858-108-0.txt,0521_867-20220615\0521_867-20220615-073331-108-108.txt,064858,073331
0521_867,2022-06-16,16,0.17204301075268819,93,93,0521_867-20220616\0521_867-20220616-062302-93-0.txt,0521_867-20220616\0521_867-20220616-071539-93-93.txt,062302,071539
0521_867,2022-06-17,16,0.25,64,63,0521_867-20220617\0521_867-20220617-065341-64-0.txt,0521_867-20220617\0521_867-20220617-071449-63-63.txt,065341,071449
0521_867,2022-06-20,0,0.0,57,57,0521_867-20220620\0521_867-20220620-060134-57-0.txt,0521_867-20220620\0521_867-20220620-062238-57-57.txt,060134,062238
0521_867,2022-06-21,21,0.1891891891891892,111,111,0521_867-20220621\0521_867-20220621-063259-111-0.txt,0521_867-20220621\0521_867-20220621-070742-111-111.txt,063259,070742
0521_867,2022-06-22,12,0.12121212121212122,99,99,0521_867-20220622\0521_867-20220622-062118-99-0.txt,0521_867-20220622\0521_867-20220622-065533-99-99.txt,062118,065533
0521_868,2022-05-31,6,0.031088082901554404,193,193,0521_868-20220531\0521_868-20220531-062311-193-0.txt,0521_868-20220531\0521_868-20220531-080943-193-193.txt,062311,080943
0521_868,2022-06-01,0,0.0,191,191,0521_868-20220601\0521_868-20220601-062625-191-0.txt,0521_868-20220601\0521_868-20220601-075104-191-191.txt,062625,075104
0521_868,2022-06-02,2,0.011627906976744186,172,172,0521_868-20220602\0521_868-20220602-060012-172-0.txt,0521_868-20220602\0521_868-20220602-071012-172-172.txt,060012,071012
0521_868,2022-06-03,7,0.04294478527607362,163,163,0521_868-20220603\0521_868-20220603-065856-163-0.txt,0521_868-20220603\0521_868-20220603-075426-163-163.txt,065856,075426
0521_868,2022-06-07,7,0.041916167664670656,166,167,0521_868-20220607\0521_868-20220607-064031-166-0.txt,0521_868-20220607\0521_868-20220607-072857-167-167.txt,064031,072857
0521_868,2022-06-08,5,0.02824858757062147,177,177,0521_868-20220608\0521_868-20220608-063538-177-0.txt,0521_868-20220608\0521_868-20220608-073005-177-177.txt,063538,073005
0521_868,2022-06-10,8,0.056338028169014086,142,142,0521_868-20220610\0521_868-20220610-065601-142-0.txt,0521_868-20220610\0521_868-20220610-074955-142-142.txt,065601,074955
0521_868,2022-06-11,0,0.0,98,98,0521_868-20220611\0521_868-20220611-053845-98-0.txt,0521_868-20220611\0521_868-20220611-062437-98-98.txt,053845,062437
0521_868,2022-06-13,10,0.07246376811594203,138,138,0521_868-20220613\0521_868-20220613-064305-138-0.txt,0521_868-20220613\0521_868-20220613-094142-138-138.txt,064305,094142
0521_868,2022-06-14,0,0.0,170,170,0521_868-20220614\0521_868-20220614-064659-170-0.txt,0521_868-20220614\0521_868-20220614-074107-170-170.txt,064659,074107
0521_868,2022-06-15,28,0.15300546448087432,183,183,0521_868-20220615\0521_868-20220615-063623-183-0.txt,0521_868-20220615\0521_868-20220615-074646-183-183.txt,063623,074646
0521_868,2022-06-16,0,0.0,138,138,0521_868-20220616\0521_868-20220616-063248-138-0.txt,0521_868-20220616\0521_868-20220616-074413-138-138.txt,063248,074413
0521_868,2022-06-20,8,0.0547945205479452,146,142,0521_868-20220620\0521_868-20220620-060722-146-0.txt,0521_868-20220620\0521_868-20220620-073416-142-142.txt,060722,073416
0521_868,2022-06-21,6,0.0392156862745098,153,153,0521_868-20220621\0521_868-20220621-064120-153-0.txt,0521_868-20220621\0521_868-20220621-072947-153-153.txt,064120,072947
0521_868,2022-06-22,5,0.03546099290780142,141,141,0521_868-20220622\0521_868-20220622-061952-141-0.txt,0521_868-20220622\0521_868-20220622-072219-141-141.txt,061952,072219
0521_869,2022-05-31,1,0.0078125,128,127,0521_869-20220531\0521_869-20220531-092355-128-0.txt,0521_869-20220531\0521_869-20220531-105429-127-127.txt,092355,105429
0521_869,2022-06-01,0,0.0,130,130,0521_869-20220601\0521_869-20220601-084022-130-0.txt,0521_869-20220601\0521_869-20220601-094151-130-130.txt,084022,094151
0521_869,2022-06-02,0,0.0,106,106,0521_869-20220602\0521_869-20220602-083804-106-0.txt,0521_869-20220602\0521_869-20220602-092527-106-106.txt,083804,092527
0521_869,2022-06-03,2,0.01834862385321101,109,109,0521_869-20220603\0521_869-20220603-085030-109-0.txt,0521_869-20220603\0521_869-20220603-094320-109-109.txt,085030,094320
0521_869,2022-06-07,0,0.0,103,103,0521_869-20220607\0521_869-20220607-083336-103-0.txt,0521_869-20220607\0521_869-20220607-092149-103-103.txt,083336,092149
0521_869,2022-06-08,0,0.0,118,118,0521_869-20220608\0521_869-20220608-085601-118-0.txt,0521_869-20220608\0521_869-20220608-094527-118-118.txt,085601,094527
0521_869,2022-06-09,0,0.0,115,115,0521_869-20220609\0521_869-20220609-090012-115-0.txt,0521_869-20220609\0521_869-20220609-101041-115-115.txt,090012,101041
0521_869,2022-06-10,0,0.0,110,110,0521_869-20220610\0521_869-20220610-083648-110-0.txt,0521_869-20220610\0521_869-20220610-093830-110-110.txt,083648,093830
0521_869,2022-06-13,0,0.0,101,101,0521_869-20220613\0521_869-20220613-084558-101-0.txt,0521_869-20220613\0521_869-20220613-093528-101-101.txt,084558,093528
0521_869,2022-06-14,12,0.12244897959183673,98,98,0521_869-20220614\0521_869-20220614-082616-98-0.txt,0521_869-20220614\0521_869-20220614-091214-98-98.txt,082616,091214
0521_869,2022-06-15,21,0.17073170731707318,122,123,0521_869-20220615\0521_869-20220615-085805-123-0.txt,0521_869-20220615\0521_869-20220615-094848-123-123.txt,085805,094848
0521_869,2022-06-16,84,0.8316831683168316,101,101,0521_869-20220616\0521_869-20220616-084451-101-0.txt,0521_869-20220616\0521_869-20220616-095221-101-101.txt,084451,095221
0521_869,2022-06-17,18,0.20689655172413793,87,87,0521_869-20220617\0521_869-20220617-081520-87-0.txt,0521_869-20220617\0521_869-20220617-084848-87-87.txt,081520,084848
0521_869,2022-06-20,0,0.0,92,92,0521_869-20220620\0521_869-20220620-082730-92-0.txt,0521_869-20220620\0521_869-20220620-090941-92-92.txt,082730,090941
0521_869,2022-06-21,0,0.0,132,132,0521_869-20220621\0521_869-20220621-085548-132-0.txt,0521_869-20220621\0521_869-20220621-085835-132-132.txt,085548,085835
0521_869,2022-06-22,16,0.2222222222222222,72,72,0521_869-20220622\0521_869-20220622-084206-72-0.txt,0521_869-20220622\0521_869-20220622-091748-72-72.txt,084206,091748
0521_870,2022-05-31,11,0.05612244897959184,196,193,0521_870-20220531\0521_870-20220531-063204-196-0.txt,0521_870-20220531\0521_870-20220531-075105-193-193.txt,063204,075105
0521_870,2022-06-01,11,0.057291666666666664,192,187,0521_870-20220601\0521_870-20220601-062051-192-0.txt,0521_870-20220601\0521_870-20220601-072749-187-187.txt,062051,072749
0521_870,2022-06-02,22,0.1073170731707317,205,203,0521_870-20220602\0521_870-20220602-060949-205-0.txt,0521_870-20220602\0521_870-20220602-072621-203-203.txt,060949,072621
0521_870,2022-06-03,5,0.03496503496503497,143,138,0521_870-20220603\0521_870-20220603-055511-143-0.txt,0521_870-20220603\0521_870-20220603-064426-138-138.txt,055511,064426
0521_870,2022-06-07,7,0.06666666666666667,105,104,0521_870-20220607\0521_870-20220607-054259-105-0.txt,0521_870-20220607\0521_870-20220607-061920-104-104.txt,054259,061920
0521_870,2022-06-08,51,0.25888324873096447,197,196,0521_870-20220608\0521_870-20220608-061017-197-0.txt,0521_870-20220608\0521_870-20220608-071235-196-196.txt,061017,071235
0521_870,2022-06-09,1,0.0051813471502590676,193,192,0521_870-20220609\0521_870-20220609-060947-193-0.txt,0521_870-20220609\0521_870-20220609-070248-192-192.txt,060947,070248
0521_870,2022-06-10,20,0.10101010101010101,198,192,0521_870-20220610\0521_870-20220610-060158-198-0.txt,0521_870-20220610\0521_870-20220610-065926-192-192.txt,060158,065926
0521_870,2022-06-13,2,0.012048192771084338,166,164,0521_870-20220613\0521_870-20220613-055933-166-0.txt,0521_870-20220613\0521_870-20220613-065248-164-164.txt,055933,065248
0521_870,2022-06-14,58,0.3020833333333333,192,190,0521_870-20220614\0521_870-20220614-061402-192-0.txt,0521_870-20220614\0521_870-20220614-071906-190-190.txt,061402,071906
0521_870,2022-06-15,1,0.006369426751592357,157,156,0521_870-20220615\0521_870-20220615-055857-157-0.txt,0521_870-20220615\0521_870-20220615-065022-156-156.txt,055857,065022
0521_870,2022-06-16,4,0.028368794326241134,141,139,0521_870-20220616\0521_870-20220616-063219-141-0.txt,0521_870-20220616\0521_870-20220616-064321-139-139.txt,063219,064321
0521_870,2022-06-17,15,0.09375,160,159,0521_870-20220617\0521_870-20220617-055418-160-0.txt,0521_870-20220617\0521_870-20220617-064724-159-159.txt,055418,064724
0521_870,2022-06-20,23,0.16428571428571428,139,140,0521_870-20220620\0521_870-20220620-055421-139-0.txt,0521_870-20220620\0521_870-20220620-064251-140-140.txt,055421,064251
0521_870,2022-06-21,3,0.01675977653631285,179,176,0521_870-20220621\0521_870-20220621-055453-179-0.txt,0521_870-20220621\0521_870-20220621-064409-176-176.txt,055453,064409
0521_870,2022-06-22,1,0.005,200,199,0521_870-20220622\0521_870-20220622-062235-200-0.txt,0521_870-20220622\0521_870-20220622-072432-199-199.txt,062235,072432
0521_871,2022-06-01,48,0.41379310344827586,116,114,0521_871-20220601\0521_871-20220601-062053-116-0.txt,0521_871-20220601\0521_871-20220601-065535-114-114.txt,062053,065535
0521_871,2022-06-02,50,0.45454545454545453,110,110,0521_871-20220602\0521_871-20220602-055635-110-0.txt,0521_871-20220602\0521_871-20220602-062704-110-110.txt,055635,062704
0521_871,2022-06-03,35,0.3645833333333333,96,96,0521_871-20220603\0521_871-20220603-053439-96-0.txt,0521_871-20220603\0521_871-20220603-061401-96-96.txt,053439,061401
0521_871,2022-06-07,36,0.45,80,80,0521_871-20220607\0521_871-20220607-061518-80-0.txt,0521_871-20220607\0521_871-20220607-064052-80-80.txt,061518,064052
0521_871,2022-06-08,54,0.39705882352941174,136,136,0521_871-20220608\0521_871-20220608-063055-136-0.txt,0521_871-20220608\0521_871-20220608-070528-136-136.txt,063055,070528
0521_871,2022-06-09,48,0.43243243243243246,111,107,0521_871-20220609\0521_871-20220609-061007-111-0.txt,0521_871-20220609\0521_871-20220609-064541-107-107.txt,061007,064541
0521_871,2022-06-10,53,0.4649122807017544,114,114,0521_871-20220610\0521_871-20220610-062415-114-0.txt,0521_871-20220610\0521_871-20220610-070656-114-114.txt,062415,070656
0521_871,2022-06-13,46,0.4107142857142857,104,112,0521_871-20220613\0521_871-20220613-061342-112-0.txt,0521_871-20220613\0521_871-20220613-065400-112-112.txt,061342,065400
0521_871,2022-06-14,49,0.3798449612403101,129,128,0521_871-20220614\0521_871-20220614-063023-129-0.txt,0521_871-20220614\0521_871-20220614-070932-128-128.txt,063023,070932
0521_871,2022-06-15,35,0.3211009174311927,109,108,0521_871-20220615\0521_871-20220615-060206-109-0.txt,0521_871-20220615\0521_871-20220615-063211-108-108.txt,060206,063211
0521_871,2022-06-17,45,0.45454545454545453,99,96,0521_871-20220617\0521_871-20220617-061932-99-0.txt,0521_871-20220617\0521_871-20220617-064753-96-96.txt,061932,064753
0521_871,2022-06-20,41,0.5324675324675324,77,77,0521_871-20220620\0521_871-20220620-054422-77-0.txt,0521_871-20220620\0521_871-20220620-060508-77-77.txt,054422,060508
0521_871,2022-06-21,71,0.5503875968992248,129,129,0521_871-20220621\0521_871-20220621-062249-129-0.txt,0521_871-20220621\0521_871-20220621-063109-129-129.txt,062249,063109
0521_871,2022-06-22,47,0.4845360824742268,97,95,0521_871-20220622\0521_871-20220622-061105-97-0.txt,0521_871-20220622\0521_871-20220622-061804-95-95.txt,061105,061804
0521_872,2022-05-31,10,0.054945054945054944,182,178,0521_872-20220531\0521_872-20220531-053709-182-0.txt,0521_872-20220531\0521_872-20220531-063549-178-178.txt,053709,063549
0521_872,2022-06-01,8,0.052980132450331126,151,150,0521_872-20220601\0521_872-20220601-052932-151-0.txt,0521_872-20220601\0521_872-20220601-063633-150-150.txt,052932,063633
0521_872,2022-06-02,5,0.03289473684210526,152,151,0521_872-20220602\0521_872-20220602-052744-152-0.txt,0521_872-20220602\0521_872-20220602-062633-151-151.txt,052744,062633
0521_872,2022-06-03,7,0.05555555555555555,125,126,0521_872-20220603\0521_872-20220603-052224-125-0.txt,0521_872-20220603\0521_872-20220603-060314-126-126.txt,052224,060314
0521_872,2022-06-07,2,0.017543859649122806,114,112,0521_872-20220607\0521_872-20220607-052457-114-0.txt,0521_872-20220607\0521_872-20220607-060322-112-112.txt,052457,060322
0521_872,2022-06-08,3,0.015706806282722512,191,190,0521_872-20220608\0521_872-20220608-055641-191-0.txt,0521_872-20220608\0521_872-20220608-065709-190-190.txt,055641,065709
0521_872,2022-06-09,17,0.09239130434782608,182,184,0521_872-20220609\0521_872-20220609-053053-182-0.txt,0521_872-20220609\0521_872-20220609-062549-184-184.txt,053053,062549
0521_872,2022-06-10,6,0.0375,160,160,0521_872-20220610\0521_872-20220610-054432-160-0.txt,0521_872-20220610\0521_872-20220610-064058-160-160.txt,054432,064058
0521_872,2022-06-13,5,0.03184713375796178,157,156,0521_872-20220613\0521_872-20220613-053948-157-0.txt,0521_872-20220613\0521_872-20220613-063858-156-156.txt,053948,063858
0521_872,2022-06-14,10,0.04784688995215311,209,209,0521_872-20220614\0521_872-20220614-053802-209-0.txt,0521_872-20220614\0521_872-20220614-063206-209-209.txt,053802,063206
0521_872,2022-06-15,3,0.0189873417721519,158,155,0521_872-20220615\0521_872-20220615-052550-158-0.txt,0521_872-20220615\0521_872-20220615-061501-155-155.txt,052550,061501
0521_872,2022-06-16,4,0.020942408376963352,191,189,0521_872-20220616\0521_872-20220616-053325-191-0.txt,0521_872-20220616\0521_872-20220616-063359-189-189.txt,053325,063359
0521_872,2022-06-17,14,0.10218978102189781,137,129,0521_872-20220617\0521_872-20220617-053028-137-0.txt,0521_872-20220617\0521_872-20220617-061858-129-129.txt,053028,061858
0521_872,2022-06-18,0,0.0,39,39,0521_872-20220618\0521_872-20220618-052935-39-0.txt,0521_872-20220618\0521_872-20220618-054412-39-39.txt,052935,054412
0521_872,2022-06-20,4,0.03508771929824561,114,110,0521_872-20220620\0521_872-20220620-052355-114-0.txt,0521_872-20220620\0521_872-20220620-061226-110-110.txt,052355,061226
0521_872,2022-06-21,4,0.022857142857142857,175,171,0521_872-20220621\0521_872-20220621-052621-175-0.txt,0521_872-20220621\0521_872-20220621-062542-171-171.txt,052621,062542
0521_872,2022-06-22,5,0.03333333333333333,150,145,0521_872-20220622\0521_872-20220622-054336-150-0.txt,0521_872-20220622\0521_872-20220622-063021-145-145.txt,054336,063021
0521_874,2022-05-30,124,0.9841269841269841,126,126,0521_874-20220530\0521_874-20220530-062148-126-0.txt,0521_874-20220530\0521_874-20220530-065000-126-126.txt,062148,065000
0521_874,2022-05-31,116,0.8992248062015504,129,129,0521_874-20220531\0521_874-20220531-063725-129-0.txt,0521_874-20220531\0521_874-20220531-065815-129-129.txt,063725,065815
0521_874,2022-06-01,0,0.0,112,112,0521_874-20220601\0521_874-20220601-064929-112-0.txt,0521_874-20220601\0521_874-20220601-072642-112-112.txt,064929,072642
0521_874,2022-06-02,0,0.0,107,107,0521_874-20220602\0521_874-20220602-065722-107-0.txt,0521_874-20220602\0521_874-20220602-073259-107-107.txt,065722,073259
0521_874,2022-06-03,122,0.8840579710144928,138,103,0521_874-20220603\0521_874-20220603-083811-138-0.txt,0521_874-20220603\0521_874-20220603-104536-103-103.txt,083811,104536
0521_874,2022-06-07,122,0.9838709677419355,121,124,0521_874-20220607\0521_874-20220607-064904-121-0.txt,0521_874-20220607\0521_874-20220607-082435-124-124.txt,064904,082435
0521_874,2022-06-09,145,0.847953216374269,171,127,0521_874-20220609\0521_874-20220609-070349-172-0.txt,0521_874-20220609\0521_874-20220609-091632-127-127.txt,070349,091632
0521_874,2022-06-10,97,0.7132352941176471,136,123,0521_874-20220610\0521_874-20220610-075858-143-0.txt,0521_874-20220610\0521_874-20220610-091640-123-123.txt,075858,091640
0521_874,2022-06-16,2,0.02564102564102564,76,78,0521_874-20220616\0521_874-20220616-073056-76-0.txt,0521_874-20220616\0521_874-20220616-092525-78-78.txt,073056,092525
0521_874,2022-06-17,0,0.0,60,60,0521_874-20220617\0521_874-20220617-070931-60-0.txt,0521_874-20220617\0521_874-20220617-080232-60-60.txt,070931,080232
0521_874,2022-06-21,1,0.01098901098901099,90,91,0521_874-20220621\0521_874-20220621-071450-90-0.txt,0521_874-20220621\0521_874-20220621-093916-91-91.txt,071450,093916
0521_875,2022-05-30,2,0.017391304347826087,115,115,0521_875-20220530\0521_875-20220530-061357-115-0.txt,0521_875-20220530\0521_875-20220530-065011-115-115.txt,061357,065011
0521_875,2022-05-31,1,0.007692307692307693,130,129,0521_875-20220531\0521_875-20220531-063446-130-0.txt,0521_875-20220531\0521_875-20220531-071129-129-129.txt,063446,071129
0521_875,2022-06-01,0,0.0,128,128,0521_875-20220601\0521_875-20220601-061548-128-0.txt,0521_875-20220601\0521_875-20220601-064627-128-128.txt,061548,064627
0521_875,2022-06-02,3,0.02564102564102564,117,114,0521_875-20220602\0521_875-20220602-060308-117-0.txt,0521_875-20220602\0521_875-20220602-063626-114-114.txt,060308,063626
0521_875,2022-06-03,0,0.0,129,129,0521_875-20220603\0521_875-20220603-055325-129-0.txt,0521_875-20220603\0521_875-20220603-062411-129-129.txt,055325,062411
0521_875,2022-06-07,3,0.026785714285714284,112,111,0521_875-20220607\0521_875-20220607-055620-112-0.txt,0521_875-20220607\0521_875-20220607-062915-111-111.txt,055620,062915
0521_875,2022-06-08,1,0.007407407407407408,135,134,0521_875-20220608\0521_875-20220608-062958-135-0.txt,0521_875-20220608\0521_875-20220608-071344-134-134.txt,062958,071344
0521_875,2022-06-09,6,0.04580152671755725,131,131,0521_875-20220609\0521_875-20220609-061742-131-0.txt,0521_875-20220609\0521_875-20220609-070101-131-131.txt,061742,070101
0521_875,2022-06-10,0,0.0,127,127,0521_875-20220610\0521_875-20220610-055345-127-0.txt,0521_875-20220610\0521_875-20220610-063400-127-127.txt,055345,063400
0521_875,2022-06-13,1,0.007751937984496124,129,128,0521_875-20220613\0521_875-20220613-060410-129-0.txt,0521_875-20220613\0521_875-20220613-064000-128-128.txt,060410,064000
0521_875,2022-06-14,0,0.0,130,130,0521_875-20220614\0521_875-20220614-055846-130-0.txt,0521_875-20220614\0521_875-20220614-062547-130-130.txt,055846,062547
0521_875,2022-06-15,0,0.0,128,128,0521_875-20220615\0521_875-20220615-055004-128-0.txt,0521_875-20220615\0521_875-20220615-062051-128-128.txt,055004,062051
0521_875,2022-06-16,0,0.0,128,128,0521_875-20220616\0521_875-20220616-055436-128-0.txt,0521_875-20220616\0521_875-20220616-062653-128-128.txt,055436,062653
0521_875,2022-06-17,0,0.0,127,127,0521_875-20220617\0521_875-20220617-054748-127-0.txt,0521_875-20220617\0521_875-20220617-062405-127-127.txt,054748,062405
0521_875,2022-06-20,0,0.0,113,113,0521_875-20220620\0521_875-20220620-054740-113-0.txt,0521_875-20220620\0521_875-20220620-061242-113-113.txt,054740,061242
0521_875,2022-06-21,7,0.125,49,56,0521_875-20220621\0521_875-20220621-053639-49-0.txt,0521_875-20220621\0521_875-20220621-055011-56-56.txt,053639,055011
0521_875,2022-06-22,0,0.0,115,115,0521_875-20220622\0521_875-20220622-062302-115-0.txt,0521_875-20220622\0521_875-20220622-065231-115-115.txt,062302,065231
0521_876,2022-05-30,150,0.8875739644970414,169,166,0521_876-20220530\0521_876-20220530-062244-169-0.txt,0521_876-20220530\0521_876-20220530-073411-166-166.txt,062244,073411
0521_876,2022-05-31,154,0.8603351955307262,178,179,0521_876-20220531\0521_876-20220531-062802-178-0.txt,0521_876-20220531\0521_876-20220531-074337-179-179.txt,062802,074337
0521_876,2022-06-01,177,0.9516129032258065,186,186,0521_876-20220601\0521_876-20220601-063119-186-0.txt,0521_876-20220601\0521_876-20220601-074819-186-186.txt,063119,074819
0521_876,2022-06-02,138,0.8846153846153846,156,156,0521_876-20220602\0521_876-20220602-062700-156-0.txt,0521_876-20220602\0521_876-20220602-073557-156-156.txt,062700,073557
0521_876,2022-06-03,181,0.8786407766990292,206,178,0521_876-20220603\0521_876-20220603-064425-206-0.txt,0521_876-20220603\0521_876-20220603-082659-178-178.txt,064425,082659
0521_876,2022-06-07,113,0.837037037037037,135,135,0521_876-20220607\0521_876-20220607-061942-135-0.txt,0521_876-20220607\0521_876-20220607-072858-135-135.txt,061942,072858
0521_876,2022-06-08,196,0.92018779342723,213,191,0521_876-20220608\0521_876-20220608-064944-213-0.txt,0521_876-20220608\0521_876-20220608-081430-191-191.txt,064944,081430
0521_876,2022-06-09,157,0.8770949720670391,179,179,0521_876-20220609\0521_876-20220609-063445-179-0.txt,0521_876-20220609\0521_876-20220609-070929-179-179.txt,063445,070929
0521_876,2022-06-10,178,0.9468085106382979,173,188,0521_876-20220610\0521_876-20220610-063353-173-0.txt,0521_876-20220610\0521_876-20220610-072906-188-188.txt,063353,072906
0521_876,2022-06-13,160,0.9580838323353293,167,166,0521_876-20220613\0521_876-20220613-062938-167-0.txt,0521_876-20220613\0521_876-20220613-080011-166-166.txt,062938,080011
0521_876,2022-06-14,178,0.9621621621621622,177,185,0521_876-20220614\0521_876-20220614-063506-177-0.txt,0521_876-20220614\0521_876-20220614-075819-185-185.txt,063506,075819
0521_876,2022-06-15,157,0.9573170731707317,164,164,0521_876-20220615\0521_876-20220615-064315-164-0.txt,0521_876-20220615\0521_876-20220615-075519-164-164.txt,064315,075519
0521_876,2022-06-16,147,0.8855421686746988,166,165,0521_876-20220616\0521_876-20220616-063450-166-0.txt,0521_876-20220616\0521_876-20220616-075116-165-165.txt,063450,075116
0521_876,2022-06-17,131,0.916083916083916,143,143,0521_876-20220617\0521_876-20220617-061715-143-0.txt,0521_876-20220617\0521_876-20220617-074030-143-143.txt,061715,074030
0521_876,2022-06-18,32,0.8421052631578947,38,38,0521_876-20220618\0521_876-20220618-062649-38-0.txt,0521_876-20220618\0521_876-20220618-064013-38-38.txt,062649,064013
0521_876,2022-06-20,145,0.9731543624161074,149,147,0521_876-20220620\0521_876-20220620-065644-149-0.txt,0521_876-20220620\0521_876-20220620-075451-147-147.txt,065644,075451
0521_876,2022-06-21,162,0.9473684210526315,171,171,0521_876-20220621\0521_876-20220621-062950-171-0.txt,0521_876-20220621\0521_876-20220621-074330-171-171.txt,062950,074330
0521_876,2022-06-22,154,0.9112426035502958,169,167,0521_876-20220622\0521_876-20220622-064034-169-0.txt,0521_876-20220622\0521_876-20220622-075025-167-167.txt,064034,075025
0521_879,2022-06-20,114,0.957983193277311,119,119,0521_879-20220620\0521_879-20220620-060625-119-0.txt,0521_879-20220620\0521_879-20220620-063045-119-119.txt,060625,063045
0521_879,2022-06-21,71,0.4382716049382716,162,162,0521_879-20220621\0521_879-20220621-063509-162-0.txt,0521_879-20220621\0521_879-20220621-070500-162-162.txt,063509,070500
0521_879,2022-06-22,92,0.5348837209302325,171,172,0521_879-20220622\0521_879-20220622-062110-171-0.txt,0521_879-20220622\0521_879-20220622-070022-172-172.txt,062110,070022
0521_880,2022-05-30,98,0.7903225806451613,124,108,0521_880-20220530\0521_880-20220530-064430-124-0.txt,0521_880-20220530\0521_880-20220530-075709-108-108.txt,064430,075709
0521_880,2022-05-31,87,0.6214285714285714,140,115,0521_880-20220531\0521_880-20220531-070251-140-0.txt,0521_880-20220531\0521_880-20220531-081459-115-115.txt,070251,081459
0521_880,2022-06-01,77,0.5422535211267606,141,142,0521_880-20220601\0521_880-20220601-073138-141-0.txt,0521_880-20220601\0521_880-20220601-084623-142-142.txt,073138,084623
0521_880,2022-06-02,97,0.7293233082706767,100,133,0521_880-20220602\0521_880-20220602-062942-100-0.txt,0521_880-20220602\0521_880-20220602-083600-133-133.txt,062942,083600
0521_880,2022-06-03,82,0.8723404255319149,94,94,0521_880-20220603\0521_880-20220603-075117-94-0.txt,0521_880-20220603\0521_880-20220603-083118-94-94.txt,075117,083118
0521_880,2022-06-07,44,0.5301204819277109,83,83,0521_880-20220607\0521_880-20220607-061509-83-0.txt,0521_880-20220607\0521_880-20220607-064319-83-83.txt,061509,064319
0521_880,2022-06-08,106,0.848,125,125,0521_880-20220608\0521_880-20220608-062047-125-0.txt,0521_880-20220608\0521_880-20220608-072256-125-125.txt,062047,072256
0521_880,2022-06-09,37,0.3135593220338983,118,118,0521_880-20220609\0521_880-20220609-062159-118-0.txt,0521_880-20220609\0521_880-20220609-065156-118-118.txt,062159,065156
0521_880,2022-06-10,68,0.6666666666666666,102,102,0521_880-20220610\0521_880-20220610-065501-102-0.txt,0521_880-20220610\0521_880-20220610-073430-102-102.txt,065501,073430
0521_880,2022-06-11,18,0.2857142857142857,63,57,0521_880-20220611\0521_880-20220611-064457-63-0.txt,0521_880-20220611\0521_880-20220611-071356-57-57.txt,064457,071356
0521_880,2022-06-13,76,0.7676767676767676,99,99,0521_880-20220613\0521_880-20220613-061943-99-0.txt,0521_880-20220613\0521_880-20220613-065713-99-99.txt,061943,065713
0521_880,2022-06-14,94,0.7014925373134329,134,127,0521_880-20220614\0521_880-20220614-063548-134-0.txt,0521_880-20220614\0521_880-20220614-072633-127-127.txt,063548,072633
0521_880,2022-06-15,70,0.5882352941176471,118,119,0521_880-20220615\0521_880-20220615-062144-118-0.txt,0521_880-20220615\0521_880-20220615-070152-119-119.txt,062144,070152
0521_880,2022-06-16,73,0.6576576576576577,111,110,0521_880-20220616\0521_880-20220616-060056-111-0.txt,0521_880-20220616\0521_880-20220616-063902-110-110.txt,060056,063902
0521_880,2022-06-17,98,0.8099173553719008,121,114,0521_880-20220617\0521_880-20220617-060538-121-0.txt,0521_880-20220617\0521_880-20220617-064031-114-114.txt,060538,064031
0521_880,2022-06-18,26,0.5652173913043478,46,46,0521_880-20220618\0521_880-20220618-062111-46-0.txt,0521_880-20220618\0521_880-20220618-063832-46-46.txt,062111,063832
0521_880,2022-06-20,76,0.7676767676767676,98,99,0521_880-20220620\0521_880-20220620-055450-98-0.txt,0521_880-20220620\0521_880-20220620-063839-99-99.txt,055450,063839
0521_880,2022-06-21,95,0.8260869565217391,115,114,0521_880-20220621\0521_880-20220621-062526-115-0.txt,0521_880-20220621\0521_880-20220621-065454-114-114.txt,062526,065454
0521_880,2022-06-22,95,0.8189655172413793,116,116,0521_880-20220622\0521_880-20220622-061817-116-0.txt,0521_880-20220622\0521_880-20220622-064619-116-116.txt,061817,064619
0521_881,2022-05-31,37,0.27611940298507465,134,134,0521_881-20220531\0521_881-20220531-090154-134-0.txt,0521_881-20220531\0521_881-20220531-092121-134-134.txt,090154,092121
0521_881,2022-06-01,53,0.4491525423728814,118,118,0521_881-20220601\0521_881-20220601-095533-118-0.txt,0521_881-20220601\0521_881-20220601-103423-118-118.txt,095533,103423
0521_881,2022-06-02,46,0.45544554455445546,65,101,0521_881-20220602\0521_881-20220602-095337-65-0.txt,0521_881-20220602\0521_881-20220602-104225-101-101.txt,095337,104225
0521_881,2022-06-03,41,0.3761467889908257,109,109,0521_881-20220603\0521_881-20220603-094501-109-0.txt,0521_881-20220603\0521_881-20220603-095255-109-109.txt,094501,095255
0521_881,2022-06-07,54,0.6428571428571429,84,84,0521_881-20220607\0521_881-20220607-083352-84-0.txt,0521_881-20220607\0521_881-20220607-085728-84-84.txt,083352,085728
0521_881,2022-06-10,9,0.15517241379310345,56,58,0521_881-20220610\0521_881-20220610-081412-56-0.txt,0521_881-20220610\0521_881-20220610-104739-58-58.txt,081412,104739
0521_881,2022-06-15,0,0.0,90,90,0521_881-20220615\0521_881-20220615-072246-90-0.txt,0521_881-20220615\0521_881-20220615-085622-90-90.txt,072246,085622
0521_881,2022-06-16,0,0.0,58,58,0521_881-20220616\0521_881-20220616-081434-58-0.txt,0521_881-20220616\0521_881-20220616-092529-58-58.txt,081434,092529
0521_881,2022-06-17,1,0.012987012987012988,77,76,0521_881-20220617\0521_881-20220617-063246-77-0.txt,0521_881-20220617\0521_881-20220617-080158-76-76.txt,063246,080158
0521_881,2022-06-20,3,0.05555555555555555,54,53,0521_881-20220620\0521_881-20220620-063122-54-0.txt,0521_881-20220620\0521_881-20220620-072302-53-53.txt,063122,072302
0521_881,2022-06-21,0,0.0,80,80,0521_881-20220621\0521_881-20220621-071513-80-0.txt,0521_881-20220621\0521_881-20220621-083807-80-80.txt,071513,083807
0521_881,2022-06-22,0,0.0,81,81,0521_881-20220622\0521_881-20220622-073321-81-0.txt,0521_881-20220622\0521_881-20220622-090419-81-81.txt,073321,090419
0521_882,2022-05-31,164,0.9265536723163842,177,135,0521_882-20220531\0521_882-20220531-085423-177-0.txt,0521_882-20220531\0521_882-20220531-101845-135-135.txt,085423,101845
0521_882,2022-06-01,112,1.0,112,108,0521_882-20220601\0521_882-20220601-083726-112-0.txt,0521_882-20220601\0521_882-20220601-092831-108-108.txt,083726,092831
0521_882,2022-06-02,108,0.8372093023255814,127,129,0521_882-20220602\0521_882-20220602-082323-127-0.txt,0521_882-20220602\0521_882-20220602-092106-129-129.txt,082323,092106
0521_882,2022-06-03,119,1.0,119,116,0521_882-20220603\0521_882-20220603-082507-119-0.txt,0521_882-20220603\0521_882-20220603-093007-116-116.txt,082507,093007
0521_882,2022-06-07,116,0.9747899159663865,119,116,0521_882-20220607\0521_882-20220607-081819-119-0.txt,0521_882-20220607\0521_882-20220607-090829-116-116.txt,081819,090829
0521_882,2022-06-08,115,0.7986111111111112,144,124,0521_882-20220608\0521_882-20220608-085236-144-0.txt,0521_882-20220608\0521_882-20220608-100053-124-124.txt,085236,100053
0521_882,2022-06-09,90,0.703125,128,128,0521_882-20220609\0521_882-20220609-083937-128-0.txt,0521_882-20220609\0521_882-20220609-093300-128-128.txt,083937,093300
0521_882,2022-06-13,110,0.859375,128,125,0521_882-20220613\0521_882-20220613-084635-128-0.txt,0521_882-20220613\0521_882-20220613-085738-125-125.txt,084635,085738
0521_882,2022-06-14,80,0.6451612903225806,124,122,0521_882-20220614\0521_882-20220614-084612-124-0.txt,0521_882-20220614\0521_882-20220614-090235-122-122.txt,084612,090235
0521_882,2022-06-15,80,0.64,125,124,0521_882-20220615\0521_882-20220615-083845-125-0.txt,0521_882-20220615\0521_882-20220615-090740-124-124.txt,083845,090740
0521_882,2022-06-16,69,0.5476190476190477,126,125,0521_882-20220616\0521_882-20220616-083616-127-0.txt,0521_882-20220616\0521_882-20220616-090945-125-125.txt,083616,090945
0521_882,2022-06-17,90,0.7894736842105263,114,112,0521_882-20220617\0521_882-20220617-082902-114-0.txt,0521_882-20220617\0521_882-20220617-084351-112-112.txt,082902,084351
0521_882,2022-06-20,88,1.0,88,85,0521_882-20220620\0521_882-20220620-082605-88-0.txt,0521_882-20220620\0521_882-20220620-084142-85-85.txt,082605,084142
0521_882,2022-06-21,115,0.8394160583941606,129,137,0521_882-20220621\0521_882-20220621-083601-129-0.txt,0521_882-20220621\0521_882-20220621-091807-137-137.txt,083601,091807
0521_882,2022-06-22,95,0.7786885245901639,122,121,0521_882-20220622\0521_882-20220622-082433-122-0.txt,0521_882-20220622\0521_882-20220622-085500-121-121.txt,082433,085500
0521_883,2022-05-31,98,0.6758620689655173,145,145,0521_883-20220531\0521_883-20220531-090119-145-0.txt,0521_883-20220531\0521_883-20220531-100157-145-145.txt,090119,100157
0521_883,2022-06-01,42,0.30434782608695654,137,138,0521_883-20220601\0521_883-20220601-083956-138-0.txt,0521_883-20220601\0521_883-20220601-093806-138-138.txt,083956,093806
0521_883,2022-06-02,0,0.0,49,49,0521_883-20220602\0521_883-20220602-082900-49-0.txt,0521_883-20220602\0521_883-20220602-085856-49-49.txt,082900,085856
0521_883,2022-06-03,34,0.30357142857142855,112,112,0521_883-20220603\0521_883-20220603-082238-112-0.txt,0521_883-20220603\0521_883-20220603-090535-112-112.txt,082238,090535
0521_883,2022-06-07,61,0.6853932584269663,89,89,0521_883-20220607\0521_883-20220607-081202-89-0.txt,0521_883-20220607\0521_883-20220607-085707-89-89.txt,081202,085707
0521_883,2022-06-08,91,0.6190476190476191,147,147,0521_883-20220608\0521_883-20220608-085434-147-0.txt,0521_883-20220608\0521_883-20220608-095628-147-147.txt,085434,095628
0521_883,2022-06-09,96,0.676056338028169,142,139,0521_883-20220609\0521_883-20220609-083945-142-0.txt,0521_883-20220609\0521_883-20220609-094104-139-139.txt,083945,094104
0521_883,2022-06-10,112,0.8484848484848485,132,131,0521_883-20220610\0521_883-20220610-082731-132-0.txt,0521_883-20220610\0521_883-20220610-092050-131-131.txt,082731,092050
0521_883,2022-06-13,9,0.10588235294117647,83,85,0521_883-20220613\0521_883-20220613-081121-84-0.txt,0521_883-20220613\0521_883-20220613-084516-85-85.txt,081121,084516
0521_883,2022-06-14,102,0.7555555555555555,135,135,0521_883-20220614\0521_883-20220614-083652-135-0.txt,0521_883-20220614\0521_883-20220614-092123-135-135.txt,083652,092123
0521_883,2022-06-15,90,0.6081081081081081,148,147,0521_883-20220615\0521_883-20220615-084243-148-0.txt,0521_883-20220615\0521_883-20220615-094423-147-147.txt,084243,094423
0521_883,2022-06-16,42,0.3925233644859813,107,106,0521_883-20220616\0521_883-20220616-081739-107-0.txt,0521_883-20220616\0521_883-20220616-082725-106-106.txt,081739,082725
0521_883,2022-06-17,38,0.4,95,93,0521_883-20220617\0521_883-20220617-081124-95-0.txt,0521_883-20220617\0521_883-20220617-090153-93-93.txt,081124,090153
0521_883,2022-06-20,0,0.0,90,90,0521_883-20220620\0521_883-20220620-080622-90-0.txt,0521_883-20220620\0521_883-20220620-080856-90-90.txt,080622,080856
0521_883,2022-06-21,112,0.7832167832167832,143,143,0521_883-20220621\0521_883-20220621-084151-143-0.txt,0521_883-20220621\0521_883-20220621-093413-143-143.txt,084151,093413
0521_883,2022-06-22,108,0.8852459016393442,122,122,0521_883-20220622\0521_883-20220622-081925-122-0.txt,0521_883-20220622\0521_883-20220622-091109-122-122.txt,081925,091109
0521_884,2022-05-31,120,0.7741935483870968,155,152,0521_884-20220531\0521_884-20220531-054939-155-0.txt,0521_884-20220531\0521_884-20220531-090125-152-152.txt,054939,090125
0521_884,2022-06-01,7,0.06363636363636363,105,110,0521_884-20220601\0521_884-20220601-054638-105-0.txt,0521_884-20220601\0521_884-20220601-081458-110-110.txt,054638,081458
0521_884,2022-06-02,11,0.09322033898305085,118,113,0521_884-20220602\0521_884-20220602-074655-118-0.txt,0521_884-20220602\0521_884-20220602-092311-113-113.txt,074655,092311
0521_884,2022-06-03,30,0.26785714285714285,112,84,0521_884-20220603\0521_884-20220603-051459-112-0.txt,0521_884-20220603\0521_884-20220603-062123-84-84.txt,051459,062123
0521_884,2022-06-07,19,0.17117117117117117,102,111,0521_884-20220607\0521_884-20220607-073419-102-0.txt,0521_884-20220607\0521_884-20220607-085114-111-111.txt,073419,085114
0521_884,2022-06-08,12,0.10084033613445378,119,119,0521_884-20220608\0521_884-20220608-071321-119-0.txt,0521_884-20220608\0521_884-20220608-081347-119-119.txt,071321,081347
0521_884,2022-06-09,15,0.16666666666666666,86,90,0521_884-20220609\0521_884-20220609-070915-86-0.txt,0521_884-20220609\0521_884-20220609-074732-90-90.txt,070915,074732
0521_884,2022-06-13,8,0.07272727272727272,110,105,0521_884-20220613\0521_884-20220613-071441-110-0.txt,0521_884-20220613\0521_884-20220613-082818-105-105.txt,071441,082818
0521_884,2022-06-14,19,0.14615384615384616,130,124,0521_884-20220614\0521_884-20220614-053435-130-0.txt,0521_884-20220614\0521_884-20220614-081946-124-124.txt,053435,081946
0521_884,2022-06-15,1,0.007407407407407408,135,134,0521_884-20220615\0521_884-20220615-065222-135-0.txt,0521_884-20220615\0521_884-20220615-085201-134-134.txt,065222,085201
0521_884,2022-06-16,12,0.0916030534351145,131,128,0521_884-20220616\0521_884-20220616-070848-131-0.txt,0521_884-20220616\0521_884-20220616-093558-128-128.txt,070848,093558
0521_884,2022-06-17,4,0.03125,127,128,0521_884-20220617\0521_884-20220617-083440-127-0.txt,0521_884-20220617\0521_884-20220617-094548-128-128.txt,083440,094548
0521_884,2022-06-20,7,0.08433734939759036,82,83,0521_884-20220620\0521_884-20220620-073635-82-0.txt,0521_884-20220620\0521_884-20220620-082829-83-83.txt,073635,082829
0521_884,2022-06-21,10,0.09174311926605505,109,107,0521_884-20220621\0521_884-20220621-081614-109-0.txt,0521_884-20220621\0521_884-20220621-092053-107-107.txt,081614,092053
0521_884,2022-06-22,15,0.13157894736842105,112,114,0521_884-20220622\0521_884-20220622-082535-112-0.txt,0521_884-20220622\0521_884-20220622-094323-114-114.txt,082535,094323
0521_886,2022-05-31,100,0.5988023952095808,167,164,0521_886-20220531\0521_886-20220531-054529-167-0.txt,0521_886-20220531\0521_886-20220531-065415-164-164.txt,054529,065415
0521_886,2022-06-01,67,0.47183098591549294,142,141,0521_886-20220601\0521_886-20220601-054642-142-0.txt,0521_886-20220601\0521_886-20220601-065951-141-141.txt,054642,065951
0521_886,2022-06-02,76,0.5390070921985816,141,140,0521_886-20220602\0521_886-20220602-055155-141-0.txt,0521_886-20220602\0521_886-20220602-075115-140-140.txt,055155,075115
0521_886,2022-06-03,69,0.5564516129032258,124,122,0521_886-20220603\0521_886-20220603-054815-124-0.txt,0521_886-20220603\0521_886-20220603-060205-122-122.txt,054815,060205
0521_886,2022-06-04,50,0.8620689655172413,58,58,0521_886-20220604\0521_886-20220604-063319-58-0.txt,0521_886-20220604\0521_886-20220604-070221-58-58.txt,063319,070221
0521_886,2022-06-07,68,0.5573770491803278,122,122,0521_886-20220607\0521_886-20220607-053625-122-0.txt,0521_886-20220607\0521_886-20220607-063353-122-122.txt,053625,063353
0521_886,2022-06-08,96,0.6193548387096774,155,155,0521_886-20220608\0521_886-20220608-054831-155-0.txt,0521_886-20220608\0521_886-20220608-090900-155-155.txt,054831,090900
0521_886,2022-06-09,77,0.5,153,154,0521_886-20220609\0521_886-20220609-054927-153-0.txt,0521_886-20220609\0521_886-20220609-071246-154-154.txt,054927,071246
0521_886,2022-06-10,96,0.5517241379310345,174,174,0521_886-20220610\0521_886-20220610-060606-174-0.txt,0521_886-20220610\0521_886-20220610-073825-174-174.txt,060606,073825
0521_886,2022-06-13,81,0.6044776119402985,134,130,0521_886-20220613\0521_886-20220613-055421-134-0.txt,0521_886-20220613\0521_886-20220613-070641-130-130.txt,055421,070641
0521_886,2022-06-14,78,0.5306122448979592,147,146,0521_886-20220614\0521_886-20220614-055004-147-0.txt,0521_886-20220614\0521_886-20220614-074406-146-146.txt,055004,074406
0521_886,2022-06-15,93,0.6503496503496503,143,143,0521_886-20220615\0521_886-20220615-055402-143-0.txt,0521_886-20220615\0521_886-20220615-072302-143-143.txt,055402,072302
0521_886,2022-06-16,4,0.037383177570093455,107,107,0521_886-20220616\0521_886-20220616-054658-107-0.txt,0521_886-20220616\0521_886-20220616-070802-107-107.txt,054658,070802
0521_886,2022-06-17,9,0.06870229007633588,126,131,0521_886-20220617\0521_886-20220617-052500-126-0.txt,0521_886-20220617\0521_886-20220617-065908-131-131.txt,052500,065908
0521_886,2022-06-20,11,0.102803738317757,107,107,0521_886-20220620\0521_886-20220620-053611-107-0.txt,0521_886-20220620\0521_886-20220620-065511-107-107.txt,053611,065511
0521_886,2022-06-21,7,0.04487179487179487,156,154,0521_886-20220621\0521_886-20220621-052910-156-0.txt,0521_886-20220621\0521_886-20220621-070213-154-154.txt,052910,070213
0521_886,2022-06-22,16,0.11188811188811189,143,141,0521_886-20220622\0521_886-20220622-060129-143-0.txt,0521_886-20220622\0521_886-20220622-072123-141-141.txt,060129,072123
0521_887,2022-06-01,5,0.034482758620689655,145,144,0521_887-20220601\0521_887-20220601-085259-145-0.txt,0521_887-20220601\0521_887-20220601-095420-144-144.txt,085259,095420
0521_887,2022-06-02,5,0.05813953488372093,85,86,0521_887-20220602\0521_887-20220602-083454-85-0.txt,0521_887-20220602\0521_887-20220602-092706-86-86.txt,083454,092706
0521_887,2022-06-03,10,0.08064516129032258,122,124,0521_887-20220603\0521_887-20220603-082615-122-0.txt,0521_887-20220603\0521_887-20220603-093350-124-124.txt,082615,093350
0521_887,2022-06-04,2,0.04,50,50,0521_887-20220604\0521_887-20220604-061540-50-0.txt,0521_887-20220604\0521_887-20220604-064043-50-50.txt,061540,064043
0521_887,2022-06-07,25,0.2717391304347826,70,92,0521_887-20220607\0521_887-20220607-081929-70-0.txt,0521_887-20220607\0521_887-20220607-090828-92-92.txt,081929,090828
0521_887,2022-06-08,16,0.09090909090909091,174,176,0521_887-20220608\0521_887-20220608-085342-174-0.txt,0521_887-20220608\0521_887-20220608-101935-176-176.txt,085342,101935
0521_887,2022-06-09,3,0.0189873417721519,158,157,0521_887-20220609\0521_887-20220609-085233-158-0.txt,0521_887-20220609\0521_887-20220609-100116-157-157.txt,085233,100116
0521_887,2022-06-10,42,0.32061068702290074,107,131,0521_887-20220610\0521_887-20220610-091633-107-0.txt,0521_887-20220610\0521_887-20220610-104044-131-131.txt,091633,104044
0521_887,2022-06-11,10,0.3225806451612903,31,31,0521_887-20220611\0521_887-20220611-064117-31-0.txt,0521_887-20220611\0521_887-20220611-070636-31-31.txt,064117,070636
0521_887,2022-06-13,26,0.36619718309859156,71,68,0521_887-20220613\0521_887-20220613-090908-71-0.txt,0521_887-20220613\0521_887-20220613-095325-68-68.txt,090908,095325
0521_887,2022-06-14,117,0.6647727272727273,176,115,0521_887-20220614\0521_887-20220614-083606-176-0.txt,0521_887-20220614\0521_887-20220614-101929-115-115.txt,083606,101929
0521_887,2022-06-15,39,0.78,50,45,0521_887-20220615\0521_887-20220615-094112-50-0.txt,0521_887-20220615\0521_887-20220615-101834-45-45.txt,094112,101834
0521_887,2022-06-16,29,0.2761904761904762,105,103,0521_887-20220616\0521_887-20220616-085719-105-0.txt,0521_887-20220616\0521_887-20220616-100044-103-103.txt,085719,100044
0521_887,2022-06-17,15,0.14018691588785046,106,107,0521_887-20220617\0521_887-20220617-085226-106-0.txt,0521_887-20220617\0521_887-20220617-093845-107-107.txt,085226,093845
0521_887,2022-06-20,25,0.29411764705882354,84,85,0521_887-20220620\0521_887-20220620-083031-84-0.txt,0521_887-20220620\0521_887-20220620-092034-85-85.txt,083031,092034
0521_887,2022-06-21,8,0.06666666666666667,120,120,0521_887-20220621\0521_887-20220621-092656-120-0.txt,0521_887-20220621\0521_887-20220621-093051-120-120.txt,092656,093051
0521_887,2022-06-22,11,0.08661417322834646,127,127,0521_887-20220622\0521_887-20220622-091441-127-0.txt,0521_887-20220622\0521_887-20220622-100255-127-127.txt,091441,100255
0521_889,2022-05-31,13,0.08904109589041095,145,146,0521_889-20220531\0521_889-20220531-053221-145-0.txt,0521_889-20220531\0521_889-20220531-072831-146-146.txt,053221,072831
0521_889,2022-06-01,30,0.20689655172413793,145,145,0521_889-20220601\0521_889-20220601-053443-145-0.txt,0521_889-20220601\0521_889-20220601-073744-145-145.txt,053443,073744
0521_889,2022-06-02,9,0.05921052631578947,149,152,0521_889-20220602\0521_889-20220602-053357-149-0.txt,0521_889-20220602\0521_889-20220602-074430-152-152.txt,053357,074430
0521_889,2022-06-03,35,0.29914529914529914,117,116,0521_889-20220603\0521_889-20220603-051930-117-0.txt,0521_889-20220603\0521_889-20220603-070746-116-116.txt,051930,070746
0521_889,2022-06-07,11,0.10185185185185185,103,108,0521_889-20220607\0521_889-20220607-050354-103-0.txt,0521_889-20220607\0521_889-20220607-063431-108-108.txt,050354,063431
0521_889,2022-06-08,64,0.41025641025641024,149,156,0521_889-20220608\0521_889-20220608-052820-149-0.txt,0521_889-20220608\0521_889-20220608-074458-156-156.txt,052820,074458
0521_889,2022-06-09,46,0.2967741935483871,151,155,0521_889-20220609\0521_889-20220609-051129-151-0.txt,0521_889-20220609\0521_889-20220609-072824-155-155.txt,051129,072824
0521_889,2022-06-10,30,0.24193548387096775,121,124,0521_889-20220610\0521_889-20220610-051854-121-0.txt,0521_889-20220610\0521_889-20220610-080131-124-124.txt,051854,080131
0521_889,2022-06-11,1,0.022727272727272728,44,43,0521_889-20220611\0521_889-20220611-064110-44-0.txt,0521_889-20220611\0521_889-20220611-065459-43-43.txt,064110,065459
0521_889,2022-06-13,22,0.15602836879432624,141,141,0521_889-20220613\0521_889-20220613-053025-141-0.txt,0521_889-20220613\0521_889-20220613-065652-141-141.txt,053025,065652
0521_889,2022-06-14,75,0.5208333333333334,144,140,0521_889-20220614\0521_889-20220614-051348-144-0.txt,0521_889-20220614\0521_889-20220614-072109-140-140.txt,051348,072109
0521_889,2022-06-15,9,0.06,150,144,0521_889-20220615\0521_889-20220615-053252-150-0.txt,0521_889-20220615\0521_889-20220615-075416-144-144.txt,053252,075416
0521_889,2022-06-16,73,0.45625,160,141,0521_889-20220616\0521_889-20220616-050502-160-0.txt,0521_889-20220616\0521_889-20220616-072337-141-141.txt,050502,072337
0521_889,2022-06-17,97,0.6554054054054054,148,148,0521_889-20220617\0521_889-20220617-052030-148-0.txt,0521_889-20220617\0521_889-20220617-072232-148-148.txt,052030,072232
0521_889,2022-06-18,2,0.03389830508474576,57,59,0521_889-20220618\0521_889-20220618-065629-57-0.txt,0521_889-20220618\0521_889-20220618-071849-59-59.txt,065629,071849
0521_889,2022-06-20,57,0.6627906976744186,86,64,0521_889-20220620\0521_889-20220620-081455-86-0.txt,0521_889-20220620\0521_889-20220620-090803-64-64.txt,081455,090803
0521_889,2022-06-21,23,0.26136363636363635,88,86,0521_889-20220621\0521_889-20220621-064932-88-0.txt,0521_889-20220621\0521_889-20220621-075656-86-86.txt,064932,075656
0521_889,2022-06-22,7,0.05303030303030303,127,132,0521_889-20220622\0521_889-20220622-054649-127-0.txt,0521_889-20220622\0521_889-20220622-071106-132-132.txt,054649,071106
0521_890,2022-05-31,26,0.17687074829931973,147,138,0521_890-20220531\0521_890-20220531-052042-147-0.txt,0521_890-20220531\0521_890-20220531-070113-138-138.txt,052042,070113
0521_890,2022-06-01,12,0.08695652173913043,133,138,0521_890-20220601\0521_890-20220601-051029-133-0.txt,0521_890-20220601\0521_890-20220601-065712-138-138.txt,051029,065712
0521_890,2022-06-02,21,0.17073170731707318,123,120,0521_890-20220602\0521_890-20220602-051806-123-0.txt,0521_890-20220602\0521_890-20220602-065005-120-120.txt,051806,065005
0521_890,2022-06-03,15,0.14705882352941177,100,102,0521_890-20220603\0521_890-20220603-051402-100-0.txt,0521_890-20220603\0521_890-20220603-062918-102-102.txt,051402,062918
0521_890,2022-06-07,9,0.1125,80,77,0521_890-20220607\0521_890-20220607-051147-80-0.txt,0521_890-20220607\0521_890-20220607-061616-77-77.txt,051147,061616
0521_890,2022-06-08,24,0.19672131147540983,121,122,0521_890-20220608\0521_890-20220608-053234-121-0.txt,0521_890-20220608\0521_890-20220608-070214-122-122.txt,053234,070214
0521_890,2022-06-09,48,0.3310344827586207,144,145,0521_890-20220609\0521_890-20220609-052909-144-0.txt,0521_890-20220609\0521_890-20220609-071817-145-145.txt,052909,071817
0521_890,2022-06-10,4,0.035398230088495575,113,109,0521_890-20220610\0521_890-20220610-073604-113-0.txt,0521_890-20220610\0521_890-20220610-082407-109-109.txt,073604,082407
0521_890,2022-06-13,21,0.2079207920792079,101,98,0521_890-20220613\0521_890-20220613-052503-101-0.txt,0521_890-20220613\0521_890-20220613-063803-98-98.txt,052503,063803
0521_890,2022-06-14,15,0.10869565217391304,138,137,0521_890-20220614\0521_890-20220614-051448-138-0.txt,0521_890-20220614\0521_890-20220614-072134-137-137.txt,051448,072134
0521_890,2022-06-15,8,0.07766990291262135,103,101,0521_890-20220615\0521_890-20220615-053407-103-0.txt,0521_890-20220615\0521_890-20220615-065127-101-101.txt,053407,065127
0521_890,2022-06-16,0,0.0,118,118,0521_890-20220616\0521_890-20220616-052548-118-0.txt,0521_890-20220616\0521_890-20220616-052658-118-118.txt,052548,052658
0521_890,2022-06-17,8,0.07692307692307693,104,104,0521_890-20220617\0521_890-20220617-051011-104-0.txt,0521_890-20220617\0521_890-20220617-062734-104-104.txt,051011,062734
0521_890,2022-06-20,15,0.2054794520547945,73,68,0521_890-20220620\0521_890-20220620-052023-73-0.txt,0521_890-20220620\0521_890-20220620-063641-68-68.txt,052023,063641
0521_890,2022-06-21,27,0.2109375,128,128,0521_890-20220621\0521_890-20220621-075259-128-0.txt,0521_890-20220621\0521_890-20220621-090257-128-128.txt,075259,090257
0521_890,2022-06-22,16,0.17391304347826086,92,88,0521_890-20220622\0521_890-20220622-051433-92-0.txt,0521_890-20220622\0521_890-20220622-063942-88-88.txt,051433,063942
0521_891,2022-05-30,5,0.03875968992248062,129,128,0521_891-20220530\0521_891-20220530-064428-129-0.txt,0521_891-20220530\0521_891-20220530-074602-128-128.txt,064428,074602
0521_891,2022-05-31,109,0.9732142857142857,111,112,0521_891-20220531\0521_891-20220531-053635-111-0.txt,0521_891-20220531\0521_891-20220531-082404-112-112.txt,053635,082404
0521_891,2022-06-01,18,0.12244897959183673,139,147,0521_891-20220601\0521_891-20220601-052930-139-0.txt,0521_891-20220601\0521_891-20220601-065256-147-147.txt,052930,065256
0521_891,2022-06-02,28,0.22950819672131148,122,122,0521_891-20220602\0521_891-20220602-050716-122-0.txt,0521_891-20220602\0521_891-20220602-070910-122-122.txt,050716,070910
0521_891,2022-06-03,38,0.2992125984251969,124,127,0521_891-20220603\0521_891-20220603-054605-124-0.txt,0521_891-20220603\0521_891-20220603-065634-127-127.txt,054605,065634
0521_891,2022-06-07,23,0.22115384615384615,104,103,0521_891-20220607\0521_891-20220607-073354-104-0.txt,0521_891-20220607\0521_891-20220607-082304-103-103.txt,073354,082304
0521_891,2022-06-08,29,0.19078947368421054,131,152,0521_891-20220608\0521_891-20220608-054501-131-0.txt,0521_891-20220608\0521_891-20220608-072336-152-152.txt,054501,072336
0521_891,2022-06-09,23,0.152317880794702,145,151,0521_891-20220609\0521_891-20220609-054111-145-0.txt,0521_891-20220609\0521_891-20220609-071254-151-151.txt,054111,071254
0521_891,2022-06-10,33,0.25190839694656486,127,131,0521_891-20220610\0521_891-20220610-052052-127-0.txt,0521_891-20220610\0521_891-20220610-075217-131-131.txt,052052,075217
0521_891,2022-06-13,43,0.37719298245614036,105,114,0521_891-20220613\0521_891-20220613-053527-105-0.txt,0521_891-20220613\0521_891-20220613-065253-114-114.txt,053527,065253
0521_891,2022-06-14,13,0.09027777777777778,144,144,0521_891-20220614\0521_891-20220614-052151-144-0.txt,0521_891-20220614\0521_891-20220614-065312-144-144.txt,052151,065312
0521_891,2022-06-15,23,0.16911764705882354,130,136,0521_891-20220615\0521_891-20220615-053114-130-0.txt,0521_891-20220615\0521_891-20220615-065839-136-136.txt,053114,065839
0521_891,2022-06-17,15,0.13761467889908258,107,109,0521_891-20220617\0521_891-20220617-053223-107-0.txt,0521_891-20220617\0521_891-20220617-064314-109-109.txt,053223,064314
0521_891,2022-06-20,16,0.17204301075268819,91,93,0521_891-20220620\0521_891-20220620-055831-91-0.txt,0521_891-20220620\0521_891-20220620-065028-93-93.txt,055831,065028
0521_891,2022-06-21,65,0.3403141361256545,148,191,0521_891-20220621\0521_891-20220621-054347-148-0.txt,0521_891-20220621\0521_891-20220621-080244-191-191.txt,054347,080244
0521_891,2022-06-22,29,0.20567375886524822,135,141,0521_891-20220622\0521_891-20220622-051705-135-0.txt,0521_891-20220622\0521_891-20220622-064230-141-141.txt,051705,064230
0521_892,2022-05-31,61,0.3674698795180723,166,146,0521_892-20220531\0521_892-20220531-090109-166-0.txt,0521_892-20220531\0521_892-20220531-103524-146-146.txt,090109,103524
0521_892,2022-06-01,42,0.3111111111111111,135,135,0521_892-20220601\0521_892-20220601-085051-135-0.txt,0521_892-20220601\0521_892-20220601-101342-135-135.txt,085051,101342
0521_892,2022-06-02,30,0.2608695652173913,115,113,0521_892-20220602\0521_892-20220602-084249-115-0.txt,0521_892-20220602\0521_892-20220602-093820-113-113.txt,084249,093820
0521_892,2022-06-03,7,0.0660377358490566,101,106,0521_892-20220603\0521_892-20220603-082235-101-0.txt,0521_892-20220603\0521_892-20220603-091412-106-106.txt,082235,091412
0521_892,2022-06-07,63,0.5431034482758621,89,116,0521_892-20220607\0521_892-20220607-083645-89-0.txt,0521_892-20220607\0521_892-20220607-094209-116-116.txt,083645,094209
0521_892,2022-06-08,72,0.496551724137931,145,141,0521_892-20220608\0521_892-20220608-084938-145-0.txt,0521_892-20220608\0521_892-20220608-102138-141-141.txt,084938,102138
0521_892,2022-06-09,75,0.5725190839694656,130,131,0521_892-20220609\0521_892-20220609-085810-130-0.txt,0521_892-20220609\0521_892-20220609-101855-131-131.txt,085810,101855
0521_892,2022-06-10,130,0.935251798561151,139,115,0521_892-20220610\0521_892-20220610-085951-139-0.txt,0521_892-20220610\0521_892-20220610-102527-115-115.txt,085951,102527
0521_892,2022-06-11,2,0.043478260869565216,44,46,0521_892-20220611\0521_892-20220611-062738-44-0.txt,0521_892-20220611\0521_892-20220611-070101-46-46.txt,062738,070101
0521_892,2022-06-13,83,0.6859504132231405,110,121,0521_892-20220613\0521_892-20220613-082231-110-0.txt,0521_892-20220613\0521_892-20220613-095528-121-121.txt,082231,095528
0521_892,2022-06-14,86,0.6935483870967742,117,124,0521_892-20220614\0521_892-20220614-083743-117-0.txt,0521_892-20220614\0521_892-20220614-100908-124-124.txt,083743,100908
0521_892,2022-06-15,98,0.6950354609929078,96,141,0521_892-20220615\0521_892-20220615-080623-96-0.txt,0521_892-20220615\0521_892-20220615-101413-141-141.txt,080623,101413
0521_892,2022-06-16,82,0.5616438356164384,146,145,0521_892-20220616\0521_892-20220616-085257-146-0.txt,0521_892-20220616\0521_892-20220616-100941-145-145.txt,085257,100941
0521_892,2022-06-17,75,0.6818181818181818,108,110,0521_892-20220617\0521_892-20220617-083843-108-0.txt,0521_892-20220617\0521_892-20220617-094655-110-110.txt,083843,094655
0521_892,2022-06-20,80,0.6722689075630253,89,119,0521_892-20220620\0521_892-20220620-083150-89-0.txt,0521_892-20220620\0521_892-20220620-093550-119-119.txt,083150,093550
0521_892,2022-06-21,88,0.5986394557823129,147,147,0521_892-20220621\0521_892-20220621-092739-147-0.txt,0521_892-20220621\0521_892-20220621-101537-147-147.txt,092739,101537
0521_892,2022-06-22,33,0.22448979591836735,147,147,0521_892-20220622\0521_892-20220622-085926-147-0.txt,0521_892-20220622\0521_892-20220622-101308-147-147.txt,085926,101308
0521_893,2022-05-31,0,0.0,143,143,0521_893-20220531\0521_893-20220531-090509-143-0.txt,0521_893-20220531\0521_893-20220531-102141-143-143.txt,090509,102141
0521_893,2022-06-01,0,0.0,116,116,0521_893-20220601\0521_893-20220601-085425-116-0.txt,0521_893-20220601\0521_893-20220601-101920-116-116.txt,085425,101920
0521_893,2022-06-02,0,0.0,123,123,0521_893-20220602\0521_893-20220602-083503-123-0.txt,0521_893-20220602\0521_893-20220602-093947-123-123.txt,083503,093947
0521_893,2022-06-03,0,0.0,97,97,0521_893-20220603\0521_893-20220603-083353-97-0.txt,0521_893-20220603\0521_893-20220603-092331-97-97.txt,083353,092331
0521_893,2022-06-07,0,0.0,88,88,0521_893-20220607\0521_893-20220607-084635-88-0.txt,0521_893-20220607\0521_893-20220607-092856-88-88.txt,084635,092856
0521_893,2022-06-09,0,0.0,118,118,0521_893-20220609\0521_893-20220609-084955-118-0.txt,0521_893-20220609\0521_893-20220609-102630-118-118.txt,084955,102630
0521_893,2022-06-10,0,0.0,148,148,0521_893-20220610\0521_893-20220610-084214-148-0.txt,0521_893-20220610\0521_893-20220610-095206-148-148.txt,084214,095206
0521_893,2022-06-13,0,0.0,118,118,0521_893-20220613\0521_893-20220613-092308-118-0.txt,0521_893-20220613\0521_893-20220613-100721-118-118.txt,092308,100721
0521_893,2022-06-14,0,0.0,129,129,0521_893-20220614\0521_893-20220614-084535-129-0.txt,0521_893-20220614\0521_893-20220614-092541-129-129.txt,084535,092541
0521_893,2022-06-15,0,0.0,90,90,0521_893-20220615\0521_893-20220615-085420-90-0.txt,0521_893-20220615\0521_893-20220615-093308-90-90.txt,085420,093308
0521_893,2022-06-16,0,0.0,94,94,0521_893-20220616\0521_893-20220616-085727-94-0.txt,0521_893-20220616\0521_893-20220616-093612-94-94.txt,085727,093612
0521_893,2022-06-17,0,0.0,103,103,0521_893-20220617\0521_893-20220617-082652-103-0.txt,0521_893-20220617\0521_893-20220617-091724-103-103.txt,082652,091724
0521_893,2022-06-20,1,0.011494252873563218,87,86,0521_893-20220620\0521_893-20220620-090108-88-0.txt,0521_893-20220620\0521_893-20220620-093759-86-86.txt,090108,093759
0521_893,2022-06-21,0,0.0,132,132,0521_893-20220621\0521_893-20220621-084051-132-0.txt,0521_893-20220621\0521_893-20220621-094941-132-132.txt,084051,094941
0521_893,2022-06-22,0,0.0,89,89,0521_893-20220622\0521_893-20220622-091545-89-0.txt,0521_893-20220622\0521_893-20220622-091627-89-89.txt,091545,091627
0521_894,2022-05-31,19,0.11377245508982035,167,166,0521_894-20220531\0521_894-20220531-085605-167-0.txt,0521_894-20220531\0521_894-20220531-101023-166-166.txt,085605,101023
0521_894,2022-06-01,1,0.007407407407407408,135,134,0521_894-20220601\0521_894-20220601-083446-135-0.txt,0521_894-20220601\0521_894-20220601-092708-134-134.txt,083446,092708
0521_894,2022-06-02,2,0.022727272727272728,88,88,0521_894-20220602\0521_894-20220602-083227-88-0.txt,0521_894-20220602\0521_894-20220602-091120-88-88.txt,083227,091120
0521_894,2022-06-03,12,0.11320754716981132,106,102,0521_894-20220603\0521_894-20220603-082647-106-0.txt,0521_894-20220603\0521_894-20220603-091819-102-102.txt,082647,091819
0521_894,2022-06-07,0,0.0,85,85,0521_894-20220607\0521_894-20220607-082046-85-0.txt,0521_894-20220607\0521_894-20220607-090104-85-85.txt,082046,090104
0521_894,2022-06-08,14,0.09929078014184398,141,141,0521_894-20220608\0521_894-20220608-085322-141-0.txt,0521_894-20220608\0521_894-20220608-100225-141-141.txt,085322,100225
0521_894,2022-06-09,0,0.0,119,119,0521_894-20220609\0521_894-20220609-085236-119-0.txt,0521_894-20220609\0521_894-20220609-093748-119-119.txt,085236,093748
0521_894,2022-06-10,22,0.15942028985507245,138,138,0521_894-20220610\0521_894-20220610-083414-138-0.txt,0521_894-20220610\0521_894-20220610-083642-138-138.txt,083414,083642
0521_894,2022-06-13,0,0.0,101,101,0521_894-20220613\0521_894-20220613-085727-101-0.txt,0521_894-20220613\0521_894-20220613-092921-101-101.txt,085727,092921
0521_894,2022-06-14,5,0.04032258064516129,124,121,0521_894-20220614\0521_894-20220614-083601-124-0.txt,0521_894-20220614\0521_894-20220614-093019-121-121.txt,083601,093019
0521_894,2022-06-15,17,0.1452991452991453,117,116,0521_894-20220615\0521_894-20220615-083835-117-0.txt,0521_894-20220615\0521_894-20220615-094126-116-116.txt,083835,094126
0521_894,2022-06-16,3,0.023809523809523808,126,123,0521_894-20220616\0521_894-20220616-081627-126-0.txt,0521_894-20220616\0521_894-20220616-081953-123-123.txt,081627,081953
0521_894,2022-06-17,0,0.0,98,98,0521_894-20220617\0521_894-20220617-080838-98-0.txt,0521_894-20220617\0521_894-20220617-085757-98-98.txt,080838,085757
0521_894,2022-06-18,0,0.0,90,90,0521_894-20220618\0521_894-20220618-074532-92-0.txt,0521_894-20220618\0521_894-20220618-083130-90-90.txt,074532,083130
0521_894,2022-06-20,1,0.013888888888888888,72,71,0521_894-20220620\0521_894-20220620-082153-72-0.txt,0521_894-20220620\0521_894-20220620-085116-71-71.txt,082153,085116
0521_894,2022-06-21,8,0.06896551724137931,116,116,0521_894-20220621\0521_894-20220621-084615-116-0.txt,0521_894-20220621\0521_894-20220621-092521-116-116.txt,084615,092521
0521_894,2022-06-22,10,0.08196721311475409,122,120,0521_894-20220622\0521_894-20220622-082937-122-0.txt,0521_894-20220622\0521_894-20220622-091120-120-120.txt,082937,091120
0521_896,2022-05-31,2,0.010638297872340425,188,188,0521_896-20220531\0521_896-20220531-090146-189-0.txt,0521_896-20220531\0521_896-20220531-105609-188-188.txt,090146,105609
0521_896,2022-06-01,1,0.006097560975609756,163,164,0521_896-20220601\0521_896-20220601-083735-163-0.txt,0521_896-20220601\0521_896-20220601-094811-164-164.txt,083735,094811
0521_896,2022-06-02,1,0.007692307692307693,130,129,0521_896-20220602\0521_896-20220602-082802-130-0.txt,0521_896-20220602\0521_896-20220602-092031-129-129.txt,082802,092031
0521_896,2022-06-03,0,0.0,111,111,0521_896-20220603\0521_896-20220603-083957-111-0.txt,0521_896-20220603\0521_896-20220603-094012-111-111.txt,083957,094012
0521_896,2022-06-04,0,0.0,84,84,0521_896-20220604\0521_896-20220604-065637-84-0.txt,0521_896-20220604\0521_896-20220604-081452-84-84.txt,065637,081452
0521_896,2022-06-07,0,0.0,113,113,0521_896-20220607\0521_896-20220607-084930-113-0.txt,0521_896-20220607\0521_896-20220607-095912-113-113.txt,084930,095912
0521_896,2022-06-08,6,0.04225352112676056,142,140,0521_896-20220608\0521_896-20220608-090001-142-0.txt,0521_896-20220608\0521_896-20220608-100046-140-140.txt,090001,100046
0521_896,2022-06-09,5,0.0364963503649635,134,137,0521_896-20220609\0521_896-20220609-084200-134-0.txt,0521_896-20220609\0521_896-20220609-094711-137-137.txt,084200,094711
0521_896,2022-06-10,1,0.007575757575757576,132,131,0521_896-20220610\0521_896-20220610-084135-132-0.txt,0521_896-20220610\0521_896-20220610-094858-131-131.txt,084135,094858
0521_896,2022-06-11,0,0.0,70,70,0521_896-20220611\0521_896-20220611-094217-70-0.txt,0521_896-20220611\0521_896-20220611-102316-70-70.txt,094217,102316
0521_896,2022-06-13,3,0.02857142857142857,105,102,0521_896-20220613\0521_896-20220613-100752-105-0.txt,0521_896-20220613\0521_896-20220613-100921-102-102.txt,100752,100921
0521_896,2022-06-14,5,0.03546099290780142,141,136,0521_896-20220614\0521_896-20220614-084424-141-0.txt,0521_896-20220614\0521_896-20220614-100913-136-136.txt,084424,100913
0521_896,2022-06-15,0,0.0,100,100,0521_896-20220615\0521_896-20220615-085421-100-0.txt,0521_896-20220615\0521_896-20220615-093311-100-100.txt,085421,093311
0521_896,2022-06-17,0,0.0,101,101,0521_896-20220617\0521_896-20220617-090435-101-0.txt,0521_896-20220617\0521_896-20220617-100229-101-101.txt,090435,100229
0521_896,2022-06-18,0,0.0,68,68,0521_896-20220618\0521_896-20220618-070401-68-0.txt,0521_896-20220618\0521_896-20220618-073915-68-68.txt,070401,073915
0521_896,2022-06-20,0,0.0,84,84,0521_896-20220620\0521_896-20220620-094045-84-0.txt,0521_896-20220620\0521_896-20220620-103029-84-84.txt,094045,103029
0521_896,2022-06-21,4,0.027777777777777776,144,140,0521_896-20220621\0521_896-20220621-085229-144-0.txt,0521_896-20220621\0521_896-20220621-101127-140-140.txt,085229,101127
0521_896,2022-06-22,7,0.04964539007092199,141,138,0521_896-20220622\0521_896-20220622-092504-141-0.txt,0521_896-20220622\0521_896-20220622-103407-138-138.txt,092504,103407
0521_B01,2022-05-30,2,0.020202020202020204,99,99,0521_B01-20220530\0521_B01-20220530-061135-99-0.txt,0521_B01-20220530\0521_B01-20220530-082824-99-99.txt,061135,082824
0521_B01,2022-05-31,2,0.012422360248447204,161,161,0521_B01-20220531\0521_B01-20220531-063030-161-0.txt,0521_B01-20220531\0521_B01-20220531-063245-161-161.txt,063030,063245
0521_B01,2022-06-07,22,0.24719101123595505,89,88,0521_B01-20220607\0521_B01-20220607-075234-89-0.txt,0521_B01-20220607\0521_B01-20220607-090143-88-88.txt,075234,090143
0521_B01,2022-06-08,1,0.01020408163265306,98,97,0521_B01-20220608\0521_B01-20220608-062026-98-0.txt,0521_B01-20220608\0521_B01-20220608-084030-97-97.txt,062026,084030
0521_B01,2022-06-13,5,0.08196721311475409,61,60,0521_B01-20220613\0521_B01-20220613-075149-61-0.txt,0521_B01-20220613\0521_B01-20220613-085645-60-60.txt,075149,085645
0521_B02,2022-05-30,0,0.0,53,53,0521_B02-20220530\0521_B02-20220530-081733-53-0.txt,0521_B02-20220530\0521_B02-20220530-084656-53-53.txt,081733,084656
0521_B02,2022-06-01,38,0.5757575757575758,66,66,0521_B02-20220601\0521_B02-20220601-092544-66-0.txt,0521_B02-20220601\0521_B02-20220601-095133-66-66.txt,092544,095133
0521_B02,2022-06-02,3,0.02654867256637168,113,112,0521_B02-20220602\0521_B02-20220602-075320-113-0.txt,0521_B02-20220602\0521_B02-20220602-085426-112-112.txt,075320,085426
0521_B02,2022-06-03,0,0.0,59,59,0521_B02-20220603\0521_B02-20220603-092616-61-0.txt,0521_B02-20220603\0521_B02-20220603-102211-59-59.txt,092616,102211
0521_B02,2022-06-04,0,0.0,48,48,0521_B02-20220604\0521_B02-20220604-072706-48-0.txt,0521_B02-20220604\0521_B02-20220604-073804-48-48.txt,072706,073804
0521_B02,2022-06-09,0,0.0,77,77,0521_B02-20220609\0521_B02-20220609-074538-77-0.txt,0521_B02-20220609\0521_B02-20220609-084100-77-77.txt,074538,084100
0521_B02,2022-06-13,3,0.02158273381294964,139,136,0521_B02-20220613\0521_B02-20220613-083818-139-0.txt,0521_B02-20220613\0521_B02-20220613-100222-136-136.txt,083818,100222
0521_B02,2022-06-14,1,0.0136986301369863,73,72,0521_B02-20220614\0521_B02-20220614-074828-73-0.txt,0521_B02-20220614\0521_B02-20220614-083733-72-72.txt,074828,083733
0521_B02,2022-06-15,36,0.15450643776824036,233,197,0521_B02-20220615\0521_B02-20220615-083938-233-0.txt,0521_B02-20220615\0521_B02-20220615-095754-197-197.txt,083938,095754
0521_B02,2022-06-20,0,0.0,42,42,0521_B02-20220620\0521_B02-20220620-064330-42-0.txt,0521_B02-20220620\0521_B02-20220620-073917-42-42.txt,064330,073917
0521_B02,2022-06-21,2,0.02857142857142857,70,70,0521_B02-20220621\0521_B02-20220621-093701-70-0.txt,0521_B02-20220621\0521_B02-20220621-101318-70-70.txt,093701,101318
0521_B03,2022-06-01,4,0.10810810810810811,37,37,0521_B03-20220601\0521_B03-20220601-105156-37-0.txt,0521_B03-20220601\0521_B03-20220601-105328-37-37.txt,105156,105328
0521_B03,2022-06-03,0,0.0,66,66,0521_B03-20220603\0521_B03-20220603-085012-66-0.txt,0521_B03-20220603\0521_B03-20220603-092620-66-66.txt,085012,092620
0521_B03,2022-06-07,0,0.0,43,43,0521_B03-20220607\0521_B03-20220607-073721-43-0.txt,0521_B03-20220607\0521_B03-20220607-081043-43-43.txt,073721,081043
0521_B03,2022-06-08,0,0.0,88,88,0521_B03-20220608\0521_B03-20220608-083428-88-0.txt,0521_B03-20220608\0521_B03-20220608-092406-88-88.txt,083428,092406
0521_B03,2022-06-09,3,0.03225806451612903,93,90,0521_B03-20220609\0521_B03-20220609-064936-93-0.txt,0521_B03-20220609\0521_B03-20220609-073607-90-90.txt,064936,073607
0521_B03,2022-06-13,1,0.0125,79,80,0521_B03-20220613\0521_B03-20220613-065917-79-0.txt,0521_B03-20220613\0521_B03-20220613-073710-80-80.txt,065917,073710
0521_B03,2022-06-14,16,0.21052631578947367,62,76,0521_B03-20220614\0521_B03-20220614-065820-62-0.txt,0521_B03-20220614\0521_B03-20220614-080640-76-76.txt,065820,080640
0521_B03,2022-06-16,4,0.05333333333333334,73,75,0521_B03-20220616\0521_B03-20220616-074803-73-0.txt,0521_B03-20220616\0521_B03-20220616-090534-75-75.txt,074803,090534
0521_B03,2022-06-17,4,0.0547945205479452,71,73,0521_B03-20220617\0521_B03-20220617-073349-71-0.txt,0521_B03-20220617\0521_B03-20220617-090138-73-73.txt,073349,090138
0521_B03,2022-06-21,0,0.0,83,83,0521_B03-20220621\0521_B03-20220621-071244-83-0.txt,0521_B03-20220621\0521_B03-20220621-080210-83-83.txt,071244,080210
0521_B04,2022-06-01,1,0.009615384615384616,104,103,0521_B04-20220601\0521_B04-20220601-093825-104-0.txt,0521_B04-20220601\0521_B04-20220601-104750-103-103.txt,093825,104750
0521_B04,2022-06-03,0,0.0,56,56,0521_B04-20220603\0521_B04-20220603-074932-56-0.txt,0521_B04-20220603\0521_B04-20220603-080341-56-56.txt,074932,080341
0521_B04,2022-06-07,3,0.05,57,60,0521_B04-20220607\0521_B04-20220607-080250-57-0.txt,0521_B04-20220607\0521_B04-20220607-082812-60-60.txt,080250,082812
0521_B04,2022-06-08,0,0.0,104,104,0521_B04-20220608\0521_B04-20220608-075242-104-0.txt,0521_B04-20220608\0521_B04-20220608-084634-104-104.txt,075242,084634
0521_B04,2022-06-09,0,0.0,77,77,0521_B04-20220609\0521_B04-20220609-070347-77-0.txt,0521_B04-20220609\0521_B04-20220609-071014-77-77.txt,070347,071014
0521_B04,2022-06-10,5,0.07142857142857142,68,70,0521_B04-20220610\0521_B04-20220610-064914-68-0.txt,0521_B04-20220610\0521_B04-20220610-072718-70-70.txt,064914,072718
0521_B04,2022-06-15,4,0.1,40,40,0521_B04-20220615\0521_B04-20220615-104712-40-0.txt,0521_B04-20220615\0521_B04-20220615-104920-40-40.txt,104712,104920
0521_B04,2022-06-16,0,0.0,62,62,0521_B04-20220616\0521_B04-20220616-081303-62-0.txt,0521_B04-20220616\0521_B04-20220616-085314-62-62.txt,081303,085314
0521_B05,2022-06-01,0,0.0,53,53,0521_B05-20220601\0521_B05-20220601-094722-53-0.txt,0521_B05-20220601\0521_B05-20220601-103448-53-53.txt,094722,103448
0521_B05,2022-06-02,35,0.38461538461538464,91,79,0521_B05-20220602\0521_B05-20220602-080621-91-0.txt,0521_B05-20220602\0521_B05-20220602-105646-79-79.txt,080621,105646
0521_B05,2022-06-08,0,0.0,57,57,0521_B05-20220608\0521_B05-20220608-103944-57-0.txt,0521_B05-20220608\0521_B05-20220608-104438-57-57.txt,103944,104438
0521_B05,2022-06-13,3,0.05555555555555555,54,51,0521_B05-20220613\0521_B05-20220613-075812-54-0.txt,0521_B05-20220613\0521_B05-20220613-094746-51-51.txt,075812,094746
0521_B05,2022-06-14,1,0.017543859649122806,57,56,0521_B05-20220614\0521_B05-20220614-085730-57-0.txt,0521_B05-20220614\0521_B05-20220614-094100-56-56.txt,085730,094100
0521_B05,2022-06-15,0,0.0,81,81,0521_B05-20220615\0521_B05-20220615-090432-81-0.txt,0521_B05-20220615\0521_B05-20220615-100630-81-81.txt,090432,100630
0521_B05,2022-06-21,14,0.16470588235294117,71,85,0521_B05-20220621\0521_B05-20220621-071242-71-0.txt,0521_B05-20220621\0521_B05-20220621-074352-85-85.txt,071242,074352
0521_B05,2022-06-22,10,0.08849557522123894,113,113,0521_B05-20220622\0521_B05-20220622-064907-113-0.txt,0521_B05-20220622\0521_B05-20220622-073137-113-113.txt,064907,073137
0521_B06,2022-05-31,0,0.0,44,44,0521_B06-20220531\0521_B06-20220531-070809-44-0.txt,0521_B06-20220531\0521_B06-20220531-071723-44-44.txt,070809,071723
0521_B06,2022-06-15,20,0.2564102564102564,65,78,0521_B06-20220615\0521_B06-20220615-065650-65-0.txt,0521_B06-20220615\0521_B06-20220615-081711-78-78.txt,065650,081711
0521_B06,2022-06-17,30,0.44776119402985076,59,67,0521_B06-20220617\0521_B06-20220617-062155-59-0.txt,0521_B06-20220617\0521_B06-20220617-073619-67-67.txt,062155,073619
0521_B06,2022-06-20,0,0.0,55,55,0521_B06-20220620\0521_B06-20220620-072217-55-0.txt,0521_B06-20220620\0521_B06-20220620-075335-55-55.txt,072217,075335
0521_B06,2022-06-22,6,0.11320754716981132,47,53,0521_B06-20220622\0521_B06-20220622-065152-47-0.txt,0521_B06-20220622\0521_B06-20220622-073249-53-53.txt,065152,073249
0521_B07,2022-06-01,0,0.0,31,31,0521_B07-20220601\0521_B07-20220601-075726-31-0.txt,0521_B07-20220601\0521_B07-20220601-092526-31-31.txt,075726,092526
0521_B07,2022-06-02,2,0.037037037037037035,53,54,0521_B07-20220602\0521_B07-20220602-082302-53-0.txt,0521_B07-20220602\0521_B07-20220602-085755-54-54.txt,082302,085755
0521_B07,2022-06-10,0,0.0,73,73,0521_B07-20220610\0521_B07-20220610-073851-73-0.txt,0521_B07-20220610\0521_B07-20220610-083414-73-73.txt,073851,083414
0521_B07,2022-06-20,40,0.5714285714285714,70,70,0521_B07-20220620\0521_B07-20220620-064907-70-0.txt,0521_B07-20220620\0521_B07-20220620-071840-70-70.txt,064907,071840
0521_B08,2022-06-03,3,0.08333333333333333,33,36,0521_B08-20220603\0521_B08-20220603-101935-33-0.txt,0521_B08-20220603\0521_B08-20220603-104505-36-36.txt,101935,104505
0521_B08,2022-06-14,37,0.6271186440677966,59,59,0521_B08-20220614\0521_B08-20220614-080201-59-0.txt,0521_B08-20220614\0521_B08-20220614-081615-59-59.txt,080201,081615
0521_B08,2022-06-15,0,0.0,52,52,0521_B08-20220615\0521_B08-20220615-081704-52-0.txt,0521_B08-20220615\0521_B08-20220615-091201-52-52.txt,081704,091201
0521_B08,2022-06-20,1,0.022727272727272728,44,43,0521_B08-20220620\0521_B08-20220620-090300-44-0.txt,0521_B08-20220620\0521_B08-20220620-093159-43-43.txt,090300,093159
0521_B08,2022-06-22,1,0.01639344262295082,61,60,0521_B08-20220622\0521_B08-20220622-094321-61-0.txt,0521_B08-20220622\0521_B08-20220622-100037-60-60.txt,094321,100037
0521_B09,2022-06-14,6,0.07317073170731707,78,82,0521_B09-20220614\0521_B09-20220614-071449-78-0.txt,0521_B09-20220614\0521_B09-20220614-080342-82-82.txt,071449,080342
0521_B10,2022-06-02,4,0.05194805194805195,73,77,0521_B10-20220602\0521_B10-20220602-084216-73-0.txt,0521_B10-20220602\0521_B10-20220602-094942-77-77.txt,084216,094942
0521_B10,2022-06-03,4,0.0625,64,62,0521_B10-20220603\0521_B10-20220603-100940-64-0.txt,0521_B10-20220603\0521_B10-20220603-105725-62-62.txt,100940,105725
0521_B10,2022-06-08,0,0.0,76,76,0521_B10-20220608\0521_B10-20220608-082535-76-0.txt,0521_B10-20220608\0521_B10-20220608-091850-76-76.txt,082535,091850
0521_B10,2022-06-14,0,0.0,76,76,0521_B10-20220614\0521_B10-20220614-084303-76-0.txt,0521_B10-20220614\0521_B10-20220614-092854-76-76.txt,084303,092854
0521_B10,2022-06-15,1,0.038461538461538464,26,25,0521_B10-20220615\0521_B10-20220615-080316-27-0.txt,0521_B10-20220615\0521_B10-20220615-093334-25-25.txt,080316,093334
0521_B11,2022-06-15,0,0.0,33,33,0521_B11-20220615\0521_B11-20220615-102344-33-0.txt,0521_B11-20220615\0521_B11-20220615-104636-33-33.txt,102344,104636
0521_B12,2022-06-01,46,0.7666666666666667,60,60,0521_B12-20220601\0521_B12-20220601-095418-60-0.txt,0521_B12-20220601\0521_B12-20220601-103218-60-60.txt,095418,103218
0521_B13,2022-06-03,0,0.0,39,39,0521_B13-20220603\0521_B13-20220603-085145-39-0.txt,0521_B13-20220603\0521_B13-20220603-093956-39-39.txt,085145,093956
0521_B15,2022-06-10,1,0.017241379310344827,57,58,0521_B15-20220610\0521_B15-20220610-092536-57-0.txt,0521_B15-20220610\0521_B15-20220610-095839-58-58.txt,092536,095839
0521_B16,2022-06-13,0,0.0,28,28,0521_B16-20220613\0521_B16-20220613-083232-28-0.txt,0521_B16-20220613\0521_B16-20220613-102408-28-28.txt,083232,102408
0521_B17,2022-06-10,0,0.0,65,65,0521_B17-20220610\0521_B17-20220610-103341-65-0.txt,0521_B17-20220610\0521_B17-20220610-104805-65-65.txt,103341,104805
0521_B17,2022-06-22,0,0.0,51,51,0521_B17-20220622\0521_B17-20220622-093514-51-0.txt,0521_B17-20220622\0521_B17-20220622-095657-51-51.txt,093514,095657
0521_B26,2022-06-14,0,0.0,101,101,0521_B26-20220614\0521_B26-20220614-093523-101-0.txt,0521_B26-20220614\0521_B26-20220614-100135-101-101.txt,093523,100135
0521_O01,2022-06-04,0,0.0,46,46,0521_O01-20220604\0521_O01-20220604-064524-46-0.txt,0521_O01-20220604\0521_O01-20220604-070549-46-46.txt,064524,070549
0521_O01,2022-06-14,1,0.005376344086021506,185,186,0521_O01-20220614\0521_O01-20220614-084203-185-0.txt,0521_O01-20220614\0521_O01-20220614-093354-186-186.txt,084203,093354
0521_O02,2022-05-31,16,0.2318840579710145,53,69,0521_O02-20220531\0521_O02-20220531-082459-53-0.txt,0521_O02-20220531\0521_O02-20220531-091137-69-69.txt,082459,091137
0521_O02,2022-06-01,6,0.11320754716981132,53,53,0521_O02-20220601\0521_O02-20220601-090427-53-0.txt,0521_O02-20220601\0521_O02-20220601-093014-53-53.txt,090427,093014
0521_O02,2022-06-08,1,0.01818181818181818,54,55,0521_O02-20220608\0521_O02-20220608-093928-54-0.txt,0521_O02-20220608\0521_O02-20220608-100738-55-55.txt,093928,100738
0521_O02,2022-06-09,2,0.022988505747126436,86,87,0521_O02-20220609\0521_O02-20220609-091202-86-0.txt,0521_O02-20220609\0521_O02-20220609-094252-87-87.txt,091202,094252
0521_O02,2022-06-10,0,0.0,52,52,0521_O02-20220610\0521_O02-20220610-072140-52-0.txt,0521_O02-20220610\0521_O02-20220610-084233-52-52.txt,072140,084233
0521_O02,2022-06-13,0,0.0,158,158,0521_O02-20220613\0521_O02-20220613-084708-158-0.txt,0521_O02-20220613\0521_O02-20220613-103154-158-158.txt,084708,103154
0521_O02,2022-06-14,4,0.028985507246376812,138,134,0521_O02-20220614\0521_O02-20220614-090231-138-0.txt,0521_O02-20220614\0521_O02-20220614-105628-134-134.txt,090231,105628
0521_O02,2022-06-15,3,0.022727272727272728,132,131,0521_O02-20220615\0521_O02-20220615-084803-132-0.txt,0521_O02-20220615\0521_O02-20220615-103046-131-131.txt,084803,103046
0521_O02,2022-06-16,1,0.008064516129032258,123,124,0521_O02-20220616\0521_O02-20220616-082658-123-0.txt,0521_O02-20220616\0521_O02-20220616-083521-124-124.txt,082658,083521
0521_O02,2022-06-17,1,0.009523809523809525,105,104,0521_O02-20220617\0521_O02-20220617-075017-105-0.txt,0521_O02-20220617\0521_O02-20220617-103550-104-104.txt,075017,103550
0521_O02,2022-06-20,2,0.016,125,123,0521_O02-20220620\0521_O02-20220620-071404-125-0.txt,0521_O02-20220620\0521_O02-20220620-085447-123-123.txt,071404,085447
0521_O02,2022-06-21,0,0.0,36,36,0521_O02-20220621\0521_O02-20220621-064833-36-0.txt,0521_O02-20220621\0521_O02-20220621-100638-36-36.txt,064833,100638
0521_O02,2022-06-22,3,0.023076923076923078,130,127,0521_O02-20220622\0521_O02-20220622-071304-130-0.txt,0521_O02-20220622\0521_O02-20220622-090653-127-127.txt,071304,090653
0521_O03,2022-06-21,2,0.027777777777777776,72,70,0521_O03-20220621\0521_O03-20220621-064643-72-0.txt,0521_O03-20220621\0521_O03-20220621-104806-70-70.txt,064643,104806
0521_O04,2022-06-04,10,0.20833333333333334,48,48,0521_O04-20220604\0521_O04-20220604-075853-48-0.txt,0521_O04-20220604\0521_O04-20220604-084730-48-48.txt,075853,084730
0521_O04,2022-06-09,0,0.0,53,53,0521_O04-20220609\0521_O04-20220609-101031-53-0.txt,0521_O04-20220609\0521_O04-20220609-103437-53-53.txt,101031,103437
0521_O04,2022-06-11,0,0.0,51,51,0521_O04-20220611\0521_O04-20220611-052837-51-0.txt,0521_O04-20220611\0521_O04-20220611-060529-51-51.txt,052837,060529
0521_O04,2022-06-15,0,0.0,100,100,0521_O04-20220615\0521_O04-20220615-090327-100-0.txt,0521_O04-20220615\0521_O04-20220615-094601-100-100.txt,090327,094601
0521_O05,2022-05-31,0,0.0,134,134,0521_O05-20220531\0521_O05-20220531-065509-134-0.txt,0521_O05-20220531\0521_O05-20220531-091256-134-134.txt,065509,091256
0521_O05,2022-06-10,0,0.0,89,89,0521_O05-20220610\0521_O05-20220610-063704-89-0.txt,0521_O05-20220610\0521_O05-20220610-074651-89-89.txt,063704,074651
0521_O05,2022-06-13,0,0.0,35,35,0521_O05-20220613\0521_O05-20220613-085935-35-0.txt,0521_O05-20220613\0521_O05-20220613-094416-35-35.txt,085935,094416
0521_O05,2022-06-14,0,0.0,80,80,0521_O05-20220614\0521_O05-20220614-085132-80-0.txt,0521_O05-20220614\0521_O05-20220614-092847-80-80.txt,085132,092847
0521_O05,2022-06-17,6,0.07228915662650602,83,83,0521_O05-20220617\0521_O05-20220617-085324-83-0.txt,0521_O05-20220617\0521_O05-20220617-092441-83-83.txt,085324,092441
0521_O05,2022-06-21,26,0.25,104,104,0521_O05-20220621\0521_O05-20220621-084552-104-0.txt,0521_O05-20220621\0521_O05-20220621-093554-104-104.txt,084552,093554
0521_O05,2022-06-22,0,0.0,125,125,0521_O05-20220622\0521_O05-20220622-084436-125-0.txt,0521_O05-20220622\0521_O05-20220622-094714-125-125.txt,084436,094714
0521_O07,2022-05-31,95,0.7661290322580645,124,124,0521_O07-20220531\0521_O07-20220531-102742-124-0.txt,0521_O07-20220531\0521_O07-20220531-103154-124-124.txt,102742,103154
0521_O07,2022-06-01,4,0.125,28,32,0521_O07-20220601\0521_O07-20220601-054508-28-0.txt,0521_O07-20220601\0521_O07-20220601-062045-32-32.txt,054508,062045
0521_O07,2022-06-04,0,0.0,33,33,0521_O07-20220604\0521_O07-20220604-064740-33-0.txt,0521_O07-20220604\0521_O07-20220604-070204-33-33.txt,064740,070204
0521_O07,2022-06-07,0,0.0,77,77,0521_O07-20220607\0521_O07-20220607-093419-77-0.txt,0521_O07-20220607\0521_O07-20220607-104352-77-77.txt,093419,104352
0521_O07,2022-06-08,1,0.02,49,50,0521_O07-20220608\0521_O07-20220608-091232-49-0.txt,0521_O07-20220608\0521_O07-20220608-095234-50-50.txt,091232,095234
0521_O07,2022-06-09,1,0.009615384615384616,104,103,0521_O07-20220609\0521_O07-20220609-094636-104-0.txt,0521_O07-20220609\0521_O07-20220609-102432-103-103.txt,094636,102432
0521_O07,2022-06-10,4,0.047619047619047616,84,84,0521_O07-20220610\0521_O07-20220610-101802-84-0.txt,0521_O07-20220610\0521_O07-20220610-102033-84-84.txt,101802,102033
0521_O07,2022-06-11,0,0.0,63,63,0521_O07-20220611\0521_O07-20220611-061313-63-0.txt,0521_O07-20220611\0521_O07-20220611-064408-63-63.txt,061313,064408
0521_O07,2022-06-13,4,0.05333333333333334,75,75,0521_O07-20220613\0521_O07-20220613-095731-75-0.txt,0521_O07-20220613\0521_O07-20220613-104034-75-75.txt,095731,104034
0521_O07,2022-06-18,2,0.029850746268656716,67,65,0521_O07-20220618\0521_O07-20220618-063704-67-0.txt,0521_O07-20220618\0521_O07-20220618-065920-65-65.txt,063704,065920
0521_O07,2022-06-21,0,0.0,78,78,0521_O07-20220621\0521_O07-20220621-094709-78-0.txt,0521_O07-20220621\0521_O07-20220621-101935-78-78.txt,094709,101935
0521_O07,2022-06-22,0,0.0,92,92,0521_O07-20220622\0521_O07-20220622-084141-92-0.txt,0521_O07-20220622\0521_O07-20220622-092431-92-92.txt,084141,092431
0521_O08,2022-06-02,0,0.0,69,69,0521_O08-20220602\0521_O08-20220602-090830-69-0.txt,0521_O08-20220602\0521_O08-20220602-101014-69-69.txt,090830,101014
0521_O08,2022-06-03,0,0.0,59,59,0521_O08-20220603\0521_O08-20220603-091446-59-0.txt,0521_O08-20220603\0521_O08-20220603-093827-59-59.txt,091446,093827
0521_O08,2022-06-04,0,0.0,34,34,0521_O08-20220604\0521_O08-20220604-071707-34-0.txt,0521_O08-20220604\0521_O08-20220604-081328-34-34.txt,071707,081328
0521_O08,2022-06-10,43,0.5733333333333334,75,75,0521_O08-20220610\0521_O08-20220610-101908-75-0.txt,0521_O08-20220610\0521_O08-20220610-102214-75-75.txt,101908,102214
0521_O08,2022-06-11,0,0.0,64,64,0521_O08-20220611\0521_O08-20220611-062225-64-0.txt,0521_O08-20220611\0521_O08-20220611-065232-64-64.txt,062225,065232
0521_O08,2022-06-15,0,0.0,56,56,0521_O08-20220615\0521_O08-20220615-090114-56-0.txt,0521_O08-20220615\0521_O08-20220615-091819-56-56.txt,090114,091819
0521_O08,2022-06-21,1,0.03125,31,32,0521_O08-20220621\0521_O08-20220621-094923-31-0.txt,0521_O08-20220621\0521_O08-20220621-102332-32-32.txt,094923,102332
0521_O08,2022-06-22,1,0.02564102564102564,38,39,0521_O08-20220622\0521_O08-20220622-092834-38-0.txt,0521_O08-20220622\0521_O08-20220622-095304-39-39.txt,092834,095304
0521_O09,2022-05-31,0,0.0,38,38,0521_O09-20220531\0521_O09-20220531-061317-38-0.txt,0521_O09-20220531\0521_O09-20220531-062735-38-38.txt,061317,062735
0521_O09,2022-06-04,0,0.0,49,49,0521_O09-20220604\0521_O09-20220604-065133-49-0.txt,0521_O09-20220604\0521_O09-20220604-083553-49-49.txt,065133,083553
0521_O09,2022-06-08,10,0.16129032258064516,62,62,0521_O09-20220608\0521_O09-20220608-101703-62-0.txt,0521_O09-20220608\0521_O09-20220608-103721-62-62.txt,101703,103721
0521_O10,2022-05-31,6,0.15,40,40,0521_O10-20220531\0521_O10-20220531-063734-40-0.txt,0521_O10-20220531\0521_O10-20220531-071624-40-40.txt,063734,071624
0521_O10,2022-06-01,7,0.14583333333333334,48,48,0521_O10-20220601\0521_O10-20220601-063035-48-0.txt,0521_O10-20220601\0521_O10-20220601-070330-48-48.txt,063035,070330
0521_O10,2022-06-02,9,0.18,50,43,0521_O10-20220602\0521_O10-20220602-071804-50-0.txt,0521_O10-20220602\0521_O10-20220602-082311-43-43.txt,071804,082311
0521_O10,2022-06-04,1,0.021739130434782608,46,45,0521_O10-20220604\0521_O10-20220604-055442-46-0.txt,0521_O10-20220604\0521_O10-20220604-062502-45-45.txt,055442,062502
0521_O11,2022-05-31,48,0.9411764705882353,51,51,0521_O11-20220531\0521_O11-20220531-073336-51-0.txt,0521_O11-20220531\0521_O11-20220531-083133-51-51.txt,073336,083133
0521_O11,2022-06-09,18,0.23376623376623376,77,77,0521_O11-20220609\0521_O11-20220609-065055-77-0.txt,0521_O11-20220609\0521_O11-20220609-094426-77-77.txt,065055,094426
0521_O11,2022-06-14,37,0.3523809523809524,105,104,0521_O11-20220614\0521_O11-20220614-064522-105-0.txt,0521_O11-20220614\0521_O11-20220614-082406-104-104.txt,064522,082406
0521_O11,2022-06-15,113,0.8248175182481752,137,87,0521_O11-20220615\0521_O11-20220615-082350-137-0.txt,0521_O11-20220615\0521_O11-20220615-102015-87-87.txt,082350,102015
0521_O11,2022-06-16,104,0.8253968253968254,126,99,0521_O11-20220616\0521_O11-20220616-062304-126-0.txt,0521_O11-20220616\0521_O11-20220616-082005-99-99.txt,062304,082005
0521_O11,2022-06-20,21,0.28,75,74,0521_O11-20220620\0521_O11-20220620-062744-75-0.txt,0521_O11-20220620\0521_O11-20220620-071034-74-74.txt,062744,071034
0521_O11,2022-06-21,40,0.3076923076923077,127,130,0521_O11-20220621\0521_O11-20220621-060949-127-0.txt,0521_O11-20220621\0521_O11-20220621-073133-130-130.txt,060949,073133
0521_O11,2022-06-22,54,0.421875,128,128,0521_O11-20220622\0521_O11-20220622-064524-128-0.txt,0521_O11-20220622\0521_O11-20220622-075513-128-128.txt,064524,075513
0521_O13,2022-05-31,0,0.0,91,91,0521_O13-20220531\0521_O13-20220531-061135-91-0.txt,0521_O13-20220531\0521_O13-20220531-080512-91-91.txt,061135,080512
0521_O13,2022-06-01,32,0.4,80,80,0521_O13-20220601\0521_O13-20220601-062619-80-0.txt,0521_O13-20220601\0521_O13-20220601-075843-80-80.txt,062619,075843
0521_O13,2022-06-02,6,0.1,60,60,0521_O13-20220602\0521_O13-20220602-061413-60-0.txt,0521_O13-20220602\0521_O13-20220602-061647-60-60.txt,061413,061647
0521_O13,2022-06-08,21,0.31343283582089554,67,65,0521_O13-20220608\0521_O13-20220608-063601-67-0.txt,0521_O13-20220608\0521_O13-20220608-073348-65-65.txt,063601,073348
0521_O13,2022-06-09,30,0.47619047619047616,63,62,0521_O13-20220609\0521_O13-20220609-063131-63-0.txt,0521_O13-20220609\0521_O13-20220609-093430-62-62.txt,063131,093430
0521_O13,2022-06-10,0,0.0,35,35,0521_O13-20220610\0521_O13-20220610-063936-35-0.txt,0521_O13-20220610\0521_O13-20220610-074513-35-35.txt,063936,074513
0521_O13,2022-06-13,0,0.0,54,54,0521_O13-20220613\0521_O13-20220613-064827-54-0.txt,0521_O13-20220613\0521_O13-20220613-072434-54-54.txt,064827,072434
0521_O13,2022-06-14,0,0.0,59,59,0521_O13-20220614\0521_O13-20220614-060035-59-0.txt,0521_O13-20220614\0521_O13-20220614-075910-59-59.txt,060035,075910
0521_O13,2022-06-16,39,0.8125,48,48,0521_O13-20220616\0521_O13-20220616-071336-48-0.txt,0521_O13-20220616\0521_O13-20220616-071544-48-48.txt,071336,071544
0521_O13,2022-06-21,34,0.576271186440678,59,59,0521_O13-20220621\0521_O13-20220621-060604-59-0.txt,0521_O13-20220621\0521_O13-20220621-092729-59-59.txt,060604,092729
0521_O13,2022-06-22,0,0.0,56,56,0521_O13-20220622\0521_O13-20220622-063039-56-0.txt,0521_O13-20220622\0521_O13-20220622-103224-56-56.txt,063039,103224
0521_O14,2022-06-03,11,0.22448979591836735,38,49,0521_O14-20220603\0521_O14-20220603-055917-38-0.txt,0521_O14-20220603\0521_O14-20220603-072042-49-49.txt,055917,072042
0521_O14,2022-06-15,0,0.0,47,47,0521_O14-20220615\0521_O14-20220615-065223-47-0.txt,0521_O14-20220615\0521_O14-20220615-090327-47-47.txt,065223,090327
0521_O16,2022-05-31,13,0.18840579710144928,56,69,0521_O16-20220531\0521_O16-20220531-083352-56-0.txt,0521_O16-20220531\0521_O16-20220531-094250-69-69.txt,083352,094250
0521_O16,2022-06-14,0,0.0,75,75,0521_O16-20220614\0521_O16-20220614-080657-75-0.txt,0521_O16-20220614\0521_O16-20220614-084512-75-75.txt,080657,084512
0521_O16,2022-06-17,0,0.0,44,44,0521_O16-20220617\0521_O16-20220617-074619-44-0.txt,0521_O16-20220617\0521_O16-20220617-080529-44-44.txt,074619,080529
0521_O16,2022-06-18,5,0.14705882352941177,34,34,0521_O16-20220618\0521_O16-20220618-060028-34-0.txt,0521_O16-20220618\0521_O16-20220618-060803-34-34.txt,060028,060803
0521_O16,2022-06-22,5,0.11627906976744186,42,43,0521_O16-20220622\0521_O16-20220622-073423-42-0.txt,0521_O16-20220622\0521_O16-20220622-080147-43-43.txt,073423,080147
0521_O17,2022-06-16,2,0.041666666666666664,48,47,0521_O17-20220616\0521_O17-20220616-070717-48-0.txt,0521_O17-20220616\0521_O17-20220616-100253-47-47.txt,070717,100253
0521_O18,2022-05-30,13,0.17333333333333334,75,75,0521_O18-20220530\0521_O18-20220530-074217-75-0.txt,0521_O18-20220530\0521_O18-20220530-082959-75-75.txt,074217,082959
0521_O18,2022-05-31,2,0.02247191011235955,89,87,0521_O18-20220531\0521_O18-20220531-073554-89-0.txt,0521_O18-20220531\0521_O18-20220531-083307-87-87.txt,073554,083307
0521_O18,2022-06-01,16,0.1553398058252427,103,103,0521_O18-20220601\0521_O18-20220601-083152-103-0.txt,0521_O18-20220601\0521_O18-20220601-093440-103-103.txt,083152,093440
0521_O18,2022-06-02,26,0.40625,64,62,0521_O18-20220602\0521_O18-20220602-080300-64-0.txt,0521_O18-20220602\0521_O18-20220602-100339-62-62.txt,080300,100339
0521_O18,2022-06-03,28,0.30434782608695654,92,88,0521_O18-20220603\0521_O18-20220603-080821-92-0.txt,0521_O18-20220603\0521_O18-20220603-090410-88-88.txt,080821,090410
0521_O18,2022-06-07,17,0.20481927710843373,70,83,0521_O18-20220607\0521_O18-20220607-065139-70-0.txt,0521_O18-20220607\0521_O18-20220607-075826-83-83.txt,065139,075826
0521_O18,2022-06-08,10,0.10416666666666667,96,96,0521_O18-20220608\0521_O18-20220608-071318-96-0.txt,0521_O18-20220608\0521_O18-20220608-084630-96-96.txt,071318,084630
0521_O18,2022-06-09,84,0.8235294117647058,102,91,0521_O18-20220609\0521_O18-20220609-070747-102-0.txt,0521_O18-20220609\0521_O18-20220609-082327-91-91.txt,070747,082327
0521_O18,2022-06-10,5,0.050505050505050504,98,99,0521_O18-20220610\0521_O18-20220610-070737-98-0.txt,0521_O18-20220610\0521_O18-20220610-081455-99-99.txt,070737,081455
0521_O18,2022-06-13,7,0.0625,112,112,0521_O18-20220613\0521_O18-20220613-081301-112-0.txt,0521_O18-20220613\0521_O18-20220613-090259-112-112.txt,081301,090259
0521_O18,2022-06-14,48,0.38095238095238093,118,126,0521_O18-20220614\0521_O18-20220614-054920-118-0.txt,0521_O18-20220614\0521_O18-20220614-070227-126-126.txt,054920,070227
0521_O18,2022-06-15,15,0.21428571428571427,70,68,0521_O18-20220615\0521_O18-20220615-075149-70-0.txt,0521_O18-20220615\0521_O18-20220615-084034-68-68.txt,075149,084034
0521_O18,2022-06-16,0,0.0,82,82,0521_O18-20220616\0521_O18-20220616-065728-82-0.txt,0521_O18-20220616\0521_O18-20220616-091025-82-82.txt,065728,091025
0521_O18,2022-06-17,25,0.23809523809523808,87,105,0521_O18-20220617\0521_O18-20220617-054448-87-0.txt,0521_O18-20220617\0521_O18-20220617-064606-105-105.txt,054448,064606
0521_O18,2022-06-18,2,0.045454545454545456,42,44,0521_O18-20220618\0521_O18-20220618-053123-42-0.txt,0521_O18-20220618\0521_O18-20220618-061008-44-44.txt,053123,061008
0521_O18,2022-06-20,0,0.0,77,77,0521_O18-20220620\0521_O18-20220620-060944-77-0.txt,0521_O18-20220620\0521_O18-20220620-073930-77-77.txt,060944,073930
0521_O18,2022-06-21,0,0.0,101,101,0521_O18-20220621\0521_O18-20220621-070541-101-0.txt,0521_O18-20220621\0521_O18-20220621-081736-101-101.txt,070541,081736
0521_O18,2022-06-22,0,0.0,43,43,0521_O18-20220622\0521_O18-20220622-082421-43-0.txt,0521_O18-20220622\0521_O18-20220622-084855-43-43.txt,082421,084855
0521_O19,2022-06-02,1,0.011494252873563218,87,86,0521_O19-20220602\0521_O19-20220602-103244-87-0.txt,0521_O19-20220602\0521_O19-20220602-105228-86-86.txt,103244,105228
0521_O19,2022-06-18,21,0.3888888888888889,45,54,0521_O19-20220618\0521_O19-20220618-060221-45-0.txt,0521_O19-20220618\0521_O19-20220618-065828-54-54.txt,060221,065828
0521_O20,2022-06-08,3,0.046153846153846156,65,65,0521_O20-20220608\0521_O20-20220608-064339-65-0.txt,0521_O20-20220608\0521_O20-20220608-083659-65-65.txt,064339,083659
0521_O20,2022-06-09,1,0.01694915254237288,58,59,0521_O20-20220609\0521_O20-20220609-060953-58-0.txt,0521_O20-20220609\0521_O20-20220609-072111-59-59.txt,060953,072111
0521_O20,2022-06-10,47,0.6527777777777778,72,72,0521_O20-20220610\0521_O20-20220610-061813-72-0.txt,0521_O20-20220610\0521_O20-20220610-075806-72-72.txt,061813,075806
0521_O20,2022-06-14,1,0.008928571428571428,112,111,0521_O20-20220614\0521_O20-20220614-085511-112-0.txt,0521_O20-20220614\0521_O20-20220614-093152-111-111.txt,085511,093152
0521_O20,2022-06-15,3,0.02857142857142857,105,102,0521_O20-20220615\0521_O20-20220615-064749-105-0.txt,0521_O20-20220615\0521_O20-20220615-075730-102-102.txt,064749,075730
0521_O20,2022-06-16,2,0.023529411764705882,83,85,0521_O20-20220616\0521_O20-20220616-071926-83-0.txt,0521_O20-20220616\0521_O20-20220616-075708-85-85.txt,071926,075708
0521_O20,2022-06-21,6,0.05504587155963303,103,109,0521_O20-20220621\0521_O20-20220621-073102-104-0.txt,0521_O20-20220621\0521_O20-20220621-083034-109-109.txt,073102,083034
0521_O20,2022-06-22,24,0.22857142857142856,105,104,0521_O20-20220622\0521_O20-20220622-074139-105-0.txt,0521_O20-20220622\0521_O20-20220622-083211-104-104.txt,074139,083211
0521_O21,2022-05-30,5,0.045871559633027525,107,109,0521_O21-20220530\0521_O21-20220530-065340-107-0.txt,0521_O21-20220530\0521_O21-20220530-074508-109-109.txt,065340,074508
0521_O21,2022-05-31,6,0.040268456375838924,149,149,0521_O21-20220531\0521_O21-20220531-065255-149-0.txt,0521_O21-20220531\0521_O21-20220531-081039-149-149.txt,065255,081039
0521_O21,2022-06-01,2,0.021739130434782608,92,90,0521_O21-20220601\0521_O21-20220601-075358-92-0.txt,0521_O21-20220601\0521_O21-20220601-084403-90-90.txt,075358,084403
0521_O21,2022-06-02,1,0.006756756756756757,148,147,0521_O21-20220602\0521_O21-20220602-063952-148-0.txt,0521_O21-20220602\0521_O21-20220602-100837-147-147.txt,063952,100837
0521_O21,2022-06-03,3,0.031914893617021274,94,91,0521_O21-20220603\0521_O21-20220603-065433-94-0.txt,0521_O21-20220603\0521_O21-20220603-075632-91-91.txt,065433,075632
0521_O21,2022-06-07,7,0.07446808510638298,89,94,0521_O21-20220607\0521_O21-20220607-063547-89-0.txt,0521_O21-20220607\0521_O21-20220607-072033-94-94.txt,063547,072033
0521_O21,2022-06-08,17,0.1118421052631579,152,135,0521_O21-20220608\0521_O21-20220608-064802-152-0.txt,0521_O21-20220608\0521_O21-20220608-084139-135-135.txt,064802,084139
0521_O21,2022-06-09,30,0.18072289156626506,166,136,0521_O21-20220609\0521_O21-20220609-070714-166-0.txt,0521_O21-20220609\0521_O21-20220609-083321-136-136.txt,070714,083321
0521_O21,2022-06-10,1,0.011363636363636364,88,87,0521_O21-20220610\0521_O21-20220610-072816-88-0.txt,0521_O21-20220610\0521_O21-20220610-073155-87-87.txt,072816,073155
0521_O21,2022-06-11,3,0.047619047619047616,61,63,0521_O21-20220611\0521_O21-20220611-060505-61-0.txt,0521_O21-20220611\0521_O21-20220611-064409-63-63.txt,060505,064409
0521_O21,2022-06-13,39,0.30708661417322836,127,106,0521_O21-20220613\0521_O21-20220613-065015-127-0.txt,0521_O21-20220613\0521_O21-20220613-073741-106-106.txt,065015,073741
0521_O21,2022-06-14,12,0.08633093525179857,139,136,0521_O21-20220614\0521_O21-20220614-080054-139-0.txt,0521_O21-20220614\0521_O21-20220614-090624-136-136.txt,080054,090624
0521_O21,2022-06-15,22,0.16296296296296298,135,131,0521_O21-20220615\0521_O21-20220615-053310-135-0.txt,0521_O21-20220615\0521_O21-20220615-074803-131-131.txt,053310,074803
0521_O21,2022-06-16,16,0.13114754098360656,122,120,0521_O21-20220616\0521_O21-20220616-064754-122-0.txt,0521_O21-20220616\0521_O21-20220616-075615-120-120.txt,064754,075615
0521_O21,2022-06-17,13,0.12149532710280374,102,107,0521_O21-20220617\0521_O21-20220617-063158-102-0.txt,0521_O21-20220617\0521_O21-20220617-071955-107-107.txt,063158,071955
0521_O21,2022-06-18,6,0.08450704225352113,71,68,0521_O21-20220618\0521_O21-20220618-062908-71-0.txt,0521_O21-20220618\0521_O21-20220618-065113-68-68.txt,062908,065113
0521_O21,2022-06-20,26,0.22807017543859648,105,114,0521_O21-20220620\0521_O21-20220620-064830-105-0.txt,0521_O21-20220620\0521_O21-20220620-080346-114-114.txt,064830,080346
0521_O21,2022-06-21,33,0.264,122,125,0521_O21-20220621\0521_O21-20220621-072916-122-0.txt,0521_O21-20220621\0521_O21-20220621-091549-125-125.txt,072916,091549
0521_O21,2022-06-22,95,0.8878504672897196,105,107,0521_O21-20220622\0521_O21-20220622-074516-106-0.txt,0521_O21-20220622\0521_O21-20220622-090636-107-107.txt,074516,090636
0521_O22,2022-05-31,0,0.0,56,56,0521_O22-20220531\0521_O22-20220531-080307-56-0.txt,0521_O22-20220531\0521_O22-20220531-083208-56-56.txt,080307,083208
0521_O22,2022-06-01,0,0.0,62,62,0521_O22-20220601\0521_O22-20220601-084539-62-0.txt,0521_O22-20220601\0521_O22-20220601-092949-62-62.txt,084539,092949
0521_O22,2022-06-02,0,0.0,43,43,0521_O22-20220602\0521_O22-20220602-090230-43-0.txt,0521_O22-20220602\0521_O22-20220602-092716-43-43.txt,090230,092716
0521_O22,2022-06-08,0,0.0,55,55,0521_O22-20220608\0521_O22-20220608-081507-55-0.txt,0521_O22-20220608\0521_O22-20220608-085100-55-55.txt,081507,085100
0521_O22,2022-06-14,0,0.0,59,59,0521_O22-20220614\0521_O22-20220614-080835-59-0.txt,0521_O22-20220614\0521_O22-20220614-085545-59-59.txt,080835,085545
0521_O22,2022-06-15,0,0.0,45,45,0521_O22-20220615\0521_O22-20220615-082756-45-0.txt,0521_O22-20220615\0521_O22-20220615-103123-45-45.txt,082756,103123
0521_O23,2022-06-01,0,0.0,34,34,0521_O23-20220601\0521_O23-20220601-091632-34-0.txt,0521_O23-20220601\0521_O23-20220601-092859-34-34.txt,091632,092859
0521_O23,2022-06-09,0,0.0,55,55,0521_O23-20220609\0521_O23-20220609-085346-55-0.txt,0521_O23-20220609\0521_O23-20220609-093502-55-55.txt,085346,093502
0521_O24,2022-06-16,45,0.8333333333333334,54,54,0521_O24-20220616\0521_O24-20220616-084556-54-0.txt,0521_O24-20220616\0521_O24-20220616-092623-54-54.txt,084556,092623
0521_O24,2022-06-17,38,0.59375,64,64,0521_O24-20220617\0521_O24-20220617-100430-64-0.txt,0521_O24-20220617\0521_O24-20220617-100546-64-64.txt,100430,100546
0521_O25,2022-06-04,0,0.0,69,69,0521_O25-20220604\0521_O25-20220604-061128-69-0.txt,0521_O25-20220604\0521_O25-20220604-070547-69-69.txt,061128,070547
0521_O25,2022-06-11,0,0.0,62,62,0521_O25-20220611\0521_O25-20220611-063149-62-0.txt,0521_O25-20220611\0521_O25-20220611-071643-62-62.txt,063149,071643
0521_O25,2022-06-18,0,0.0,50,50,0521_O25-20220618\0521_O25-20220618-062155-50-0.txt,0521_O25-20220618\0521_O25-20220618-065319-50-50.txt,062155,065319
0521_O26,2022-05-31,20,0.37037037037037035,54,54,0521_O26-20220531\0521_O26-20220531-094250-54-0.txt,0521_O26-20220531\0521_O26-20220531-105255-54-54.txt,094250,105255
0521_O26,2022-06-01,0,0.0,90,90,0521_O26-20220601\0521_O26-20220601-083035-90-0.txt,0521_O26-20220601\0521_O26-20220601-092042-90-90.txt,083035,092042
0521_O26,2022-06-02,60,0.8450704225352113,71,71,0521_O26-20220602\0521_O26-20220602-084822-71-0.txt,0521_O26-20220602\0521_O26-20220602-093016-71-71.txt,084822,093016
0521_O26,2022-06-07,5,0.07692307692307693,65,65,0521_O26-20220607\0521_O26-20220607-091023-65-0.txt,0521_O26-20220607\0521_O26-20220607-101536-65-65.txt,091023,101536
0521_O26,2022-06-08,65,0.7222222222222222,90,89,0521_O26-20220608\0521_O26-20220608-073515-90-0.txt,0521_O26-20220608\0521_O26-20220608-091757-89-89.txt,073515,091757
0521_O26,2022-06-09,14,0.1320754716981132,106,106,0521_O26-20220609\0521_O26-20220609-084500-106-0.txt,0521_O26-20220609\0521_O26-20220609-095627-106-106.txt,084500,095627
0521_O26,2022-06-13,2,0.02857142857142857,70,70,0521_O26-20220613\0521_O26-20220613-064723-70-0.txt,0521_O26-20220613\0521_O26-20220613-081335-70-70.txt,064723,081335
0521_O26,2022-06-14,6,0.10714285714285714,56,56,0521_O26-20220614\0521_O26-20220614-084251-56-0.txt,0521_O26-20220614\0521_O26-20220614-094500-56-56.txt,084251,094500
0521_O26,2022-06-16,45,0.9574468085106383,47,47,0521_O26-20220616\0521_O26-20220616-104935-47-0.txt,0521_O26-20220616\0521_O26-20220616-104813-47-47.txt,104935,104813
0521_O26,2022-06-21,0,0.0,79,79,0521_O26-20220621\0521_O26-20220621-073650-79-0.txt,0521_O26-20220621\0521_O26-20220621-084717-79-79.txt,073650,084717
0521_O26,2022-06-22,0,0.0,50,50,0521_O26-20220622\0521_O26-20220622-092943-50-0.txt,0521_O26-20220622\0521_O26-20220622-101003-50-50.txt,092943,101003
0521_O27,2022-05-30,8,0.20512820512820512,39,39,0521_O27-20220530\0521_O27-20220530-065545-39-0.txt,0521_O27-20220530\0521_O27-20220530-074623-39-39.txt,065545,074623
0521_O27,2022-05-31,6,0.075,80,80,0521_O27-20220531\0521_O27-20220531-103757-80-0.txt,0521_O27-20220531\0521_O27-20220531-104229-80-80.txt,103757,104229
0521_O27,2022-06-15,0,0.0,31,31,0521_O27-20220615\0521_O27-20220615-103525-31-0.txt,0521_O27-20220615\0521_O27-20220615-103955-31-31.txt,103525,103955
0521_O27,2022-06-21,8,0.13333333333333333,60,60,0521_O27-20220621\0521_O27-20220621-101336-60-0.txt,0521_O27-20220621\0521_O27-20220621-104553-60-60.txt,101336,104553
0521_O29,2022-05-31,1,0.0196078431372549,50,51,0521_O29-20220531\0521_O29-20220531-055236-50-0.txt,0521_O29-20220531\0521_O29-20220531-073749-51-51.txt,055236,073749
0521_O29,2022-06-01,12,0.20689655172413793,58,58,0521_O29-20220601\0521_O29-20220601-064325-58-0.txt,0521_O29-20220601\0521_O29-20220601-072825-58-58.txt,064325,072825
0521_O29,2022-06-14,8,0.1095890410958904,73,73,0521_O29-20220614\0521_O29-20220614-065218-73-0.txt,0521_O29-20220614\0521_O29-20220614-075436-73-73.txt,065218,075436
0521_O29,2022-06-15,5,0.07575757575757576,66,66,0521_O29-20220615\0521_O29-20220615-064239-66-0.txt,0521_O29-20220615\0521_O29-20220615-071727-66-66.txt,064239,071727
0521_O29,2022-06-16,43,0.5584415584415584,75,77,0521_O29-20220616\0521_O29-20220616-063115-75-0.txt,0521_O29-20220616\0521_O29-20220616-074148-77-77.txt,063115,074148
0521_O29,2022-06-22,0,0.0,46,46,0521_O29-20220622\0521_O29-20220622-064510-46-0.txt,0521_O29-20220622\0521_O29-20220622-070439-46-46.txt,064510,070439
0521_O30,2022-06-10,49,0.4083333333333333,120,118,0521_O30-20220610\0521_O30-20220610-064133-120-0.txt,0521_O30-20220610\0521_O30-20220610-075655-118-118.txt,064133,075655
0521_O31,2022-06-03,2,0.034482758620689655,56,58,0521_O31-20220603\0521_O31-20220603-055335-56-0.txt,0521_O31-20220603\0521_O31-20220603-070106-58-58.txt,055335,070106
0521_O31,2022-06-09,2,0.022727272727272728,88,86,0521_O31-20220609\0521_O31-20220609-064713-88-0.txt,0521_O31-20220609\0521_O31-20220609-074158-86-86.txt,064713,074158
0521_O31,2022-06-18,6,0.1276595744680851,47,47,0521_O31-20220618\0521_O31-20220618-054817-47-0.txt,0521_O31-20220618\0521_O31-20220618-064240-47-47.txt,054817,064240
0521_O33,2022-06-08,0,0.0,54,54,0521_O33-20220608\0521_O33-20220608-064915-54-0.txt,0521_O33-20220608\0521_O33-20220608-073458-54-54.txt,064915,073458
0521_O33,2022-06-09,0,0.0,32,32,0521_O33-20220609\0521_O33-20220609-064120-32-0.txt,0521_O33-20220609\0521_O33-20220609-072931-32-32.txt,064120,072931
0521_O33,2022-06-10,0,0.0,60,60,0521_O33-20220610\0521_O33-20220610-063338-60-0.txt,0521_O33-20220610\0521_O33-20220610-071701-60-60.txt,063338,071701
0521_O33,2022-06-11,1,0.027777777777777776,35,36,0521_O33-20220611\0521_O33-20220611-052726-35-0.txt,0521_O33-20220611\0521_O33-20220611-060844-36-36.txt,052726,060844
0521_O33,2022-06-14,0,0.0,51,51,0521_O33-20220614\0521_O33-20220614-062105-51-0.txt,0521_O33-20220614\0521_O33-20220614-070410-51-51.txt,062105,070410
0521_O33,2022-06-15,0,0.0,46,46,0521_O33-20220615\0521_O33-20220615-061344-46-0.txt,0521_O33-20220615\0521_O33-20220615-063931-46-46.txt,061344,063931
0521_O33,2022-06-20,1,0.02,50,49,0521_O33-20220620\0521_O33-20220620-063416-50-0.txt,0521_O33-20220620\0521_O33-20220620-065014-49-49.txt,063416,065014
0521_O33,2022-06-21,8,0.14545454545454545,55,49,0521_O33-20220621\0521_O33-20220621-072051-55-0.txt,0521_O33-20220621\0521_O33-20220621-080607-49-49.txt,072051,080607
0521_O33,2022-06-22,0,0.0,65,65,0521_O33-20220622\0521_O33-20220622-061418-65-0.txt,0521_O33-20220622\0521_O33-20220622-064332-65-65.txt,061418,064332
0521_O34,2022-05-30,0,0.0,71,71,0521_O34-20220530\0521_O34-20220530-073522-71-0.txt,0521_O34-20220530\0521_O34-20220530-081302-71-71.txt,073522,081302
0521_O34,2022-05-31,2,0.020618556701030927,97,97,0521_O34-20220531\0521_O34-20220531-074724-97-0.txt,0521_O34-20220531\0521_O34-20220531-084800-97-97.txt,074724,084800
0521_O34,2022-06-01,1,0.013333333333333334,75,74,0521_O34-20220601\0521_O34-20220601-082859-75-0.txt,0521_O34-20220601\0521_O34-20220601-083012-74-74.txt,082859,083012
0521_O34,2022-06-02,2,0.021505376344086023,93,91,0521_O34-20220602\0521_O34-20220602-075757-93-0.txt,0521_O34-20220602\0521_O34-20220602-090309-91-91.txt,075757,090309
0521_O34,2022-06-03,1,0.010416666666666666,96,95,0521_O34-20220603\0521_O34-20220603-074003-96-0.txt,0521_O34-20220603\0521_O34-20220603-084259-95-95.txt,074003,084259
0521_O34,2022-06-04,22,0.22448979591836735,98,88,0521_O34-20220604\0521_O34-20220604-073850-98-0.txt,0521_O34-20220604\0521_O34-20220604-084223-88-88.txt,073850,084223
0521_O34,2022-06-07,4,0.07547169811320754,53,53,0521_O34-20220607\0521_O34-20220607-091122-53-0.txt,0521_O34-20220607\0521_O34-20220607-084507-53-53.txt,091122,084507
0521_O34,2022-06-08,0,0.0,108,108,0521_O34-20220608\0521_O34-20220608-081517-108-0.txt,0521_O34-20220608\0521_O34-20220608-085933-108-108.txt,081517,085933
0521_O34,2022-06-10,0,0.0,92,92,0521_O34-20220610\0521_O34-20220610-085525-92-0.txt,0521_O34-20220610\0521_O34-20220610-094749-92-92.txt,085525,094749
0521_O34,2022-06-11,2,0.02197802197802198,91,91,0521_O34-20220611\0521_O34-20220611-061329-91-0.txt,0521_O34-20220611\0521_O34-20220611-061925-91-91.txt,061329,061925
0521_O34,2022-06-13,1,0.011111111111111112,90,89,0521_O34-20220613\0521_O34-20220613-082812-90-0.txt,0521_O34-20220613\0521_O34-20220613-094158-89-89.txt,082812,094158
0521_O34,2022-06-14,36,0.28346456692913385,127,125,0521_O34-20220614\0521_O34-20220614-082740-127-0.txt,0521_O34-20220614\0521_O34-20220614-092841-125-125.txt,082740,092841
0521_O34,2022-06-16,1,0.012987012987012988,76,77,0521_O34-20220616\0521_O34-20220616-075328-76-0.txt,0521_O34-20220616\0521_O34-20220616-075641-77-77.txt,075328,075641
0521_O34,2022-06-17,0,0.0,57,57,0521_O34-20220617\0521_O34-20220617-085347-57-0.txt,0521_O34-20220617\0521_O34-20220617-092145-57-57.txt,085347,092145
0521_O34,2022-06-18,3,0.04225352112676056,70,71,0521_O34-20220618\0521_O34-20220618-054443-70-0.txt,0521_O34-20220618\0521_O34-20220618-063645-71-71.txt,054443,063645
0521_O34,2022-06-20,0,0.0,70,70,0521_O34-20220620\0521_O34-20220620-073644-70-0.txt,0521_O34-20220620\0521_O34-20220620-081118-70-70.txt,073644,081118
0521_O34,2022-06-21,0,0.0,120,120,0521_O34-20220621\0521_O34-20220621-080620-120-0.txt,0521_O34-20220621\0521_O34-20220621-085825-120-120.txt,080620,085825
0521_O34,2022-06-22,0,0.0,122,122,0521_O34-20220622\0521_O34-20220622-080209-122-0.txt,0521_O34-20220622\0521_O34-20220622-084732-122-122.txt,080209,084732
0521_O35,2022-05-31,0,0.0,50,50,0521_O35-20220531\0521_O35-20220531-081558-50-0.txt,0521_O35-20220531\0521_O35-20220531-081626-50-50.txt,081558,081626
0521_O35,2022-06-01,1,0.010752688172043012,93,92,0521_O35-20220601\0521_O35-20220601-082820-93-0.txt,0521_O35-20220601\0521_O35-20220601-092003-92-92.txt,082820,092003
0521_O35,2022-06-02,0,0.0,82,82,0521_O35-20220602\0521_O35-20220602-085111-82-0.txt,0521_O35-20220602\0521_O35-20220602-092200-82-82.txt,085111,092200
0521_O35,2022-06-17,0,0.0,63,63,0521_O35-20220617\0521_O35-20220617-092243-63-0.txt,0521_O35-20220617\0521_O35-20220617-103422-63-63.txt,092243,103422
0521_O35,2022-06-21,2,0.025974025974025976,77,77,0521_O35-20220621\0521_O35-20220621-084435-77-0.txt,0521_O35-20220621\0521_O35-20220621-093345-77-77.txt,084435,093345
0521_O36,2022-06-02,29,0.32222222222222224,90,89,0521_O36-20220602\0521_O36-20220602-085334-90-0.txt,0521_O36-20220602\0521_O36-20220602-092428-89-89.txt,085334,092428
0521_O36,2022-06-08,0,0.0,89,89,0521_O36-20220608\0521_O36-20220608-083006-89-0.txt,0521_O36-20220608\0521_O36-20220608-090054-89-89.txt,083006,090054
0521_O36,2022-06-09,15,0.24193548387096775,62,60,0521_O36-20220609\0521_O36-20220609-084040-62-0.txt,0521_O36-20220609\0521_O36-20220609-090505-60-60.txt,084040,090505
0521_O36,2022-06-10,0,0.0,85,85,0521_O36-20220610\0521_O36-20220610-080130-85-0.txt,0521_O36-20220610\0521_O36-20220610-080151-85-85.txt,080130,080151
0521_O36,2022-06-15,0,0.0,97,97,0521_O36-20220615\0521_O36-20220615-085445-97-0.txt,0521_O36-20220615\0521_O36-20220615-085623-97-97.txt,085445,085623
0521_O37,2022-05-31,7,0.16279069767441862,43,40,0521_O37-20220531\0521_O37-20220531-090333-43-0.txt,0521_O37-20220531\0521_O37-20220531-093611-40-40.txt,090333,093611
0521_O37,2022-06-01,68,0.8,85,83,0521_O37-20220601\0521_O37-20220601-074947-85-0.txt,0521_O37-20220601\0521_O37-20220601-085843-83-83.txt,074947,085843
0521_O37,2022-06-02,17,0.27419354838709675,61,62,0521_O37-20220602\0521_O37-20220602-075255-61-0.txt,0521_O37-20220602\0521_O37-20220602-084558-62-62.txt,075255,084558
0521_O37,2022-06-04,23,0.27710843373493976,83,83,0521_O37-20220604\0521_O37-20220604-055019-83-0.txt,0521_O37-20220604\0521_O37-20220604-060233-83-83.txt,055019,060233
0521_O37,2022-06-09,0,0.0,70,70,0521_O37-20220609\0521_O37-20220609-063545-70-0.txt,0521_O37-20220609\0521_O37-20220609-071415-70-70.txt,063545,071415
0521_O37,2022-06-10,24,0.24742268041237114,97,73,0521_O37-20220610\0521_O37-20220610-073408-97-0.txt,0521_O37-20220610\0521_O37-20220610-082741-73-73.txt,073408,082741
0521_O37,2022-06-11,43,0.6056338028169014,71,71,0521_O37-20220611\0521_O37-20220611-053717-71-0.txt,0521_O37-20220611\0521_O37-20220611-055207-71-71.txt,053717,055207
0521_O37,2022-06-13,5,0.08928571428571429,51,56,0521_O37-20220613\0521_O37-20220613-081509-51-0.txt,0521_O37-20220613\0521_O37-20220613-092409-56-56.txt,081509,092409
0521_O37,2022-06-14,0,0.0,80,80,0521_O37-20220614\0521_O37-20220614-071603-80-0.txt,0521_O37-20220614\0521_O37-20220614-073712-80-80.txt,071603,073712
0521_O37,2022-06-15,1,0.017543859649122806,56,57,0521_O37-20220615\0521_O37-20220615-062457-56-0.txt,0521_O37-20220615\0521_O37-20220615-072833-57-57.txt,062457,072833
0521_O37,2022-06-16,1,0.016129032258064516,61,62,0521_O37-20220616\0521_O37-20220616-063709-61-0.txt,0521_O37-20220616\0521_O37-20220616-072531-62-62.txt,063709,072531
0521_O37,2022-06-17,1,0.01818181818181818,55,54,0521_O37-20220617\0521_O37-20220617-064945-55-0.txt,0521_O37-20220617\0521_O37-20220617-072215-54-54.txt,064945,072215
0521_O37,2022-06-18,25,0.373134328358209,63,67,0521_O37-20220618\0521_O37-20220618-053527-63-0.txt,0521_O37-20220618\0521_O37-20220618-054927-67-67.txt,053527,054927
0521_O37,2022-06-20,2,0.046511627906976744,43,41,0521_O37-20220620\0521_O37-20220620-062857-43-0.txt,0521_O37-20220620\0521_O37-20220620-064330-41-41.txt,062857,064330
0521_O37,2022-06-21,2,0.02857142857142857,70,68,0521_O37-20220621\0521_O37-20220621-063448-70-0.txt,0521_O37-20220621\0521_O37-20220621-072122-68-68.txt,063448,072122
0521_O37,2022-06-22,2,0.03278688524590164,61,61,0521_O37-20220622\0521_O37-20220622-070121-61-0.txt,0521_O37-20220622\0521_O37-20220622-083241-61-61.txt,070121,083241
0521_O38,2022-05-31,0,0.0,59,59,0521_O38-20220531\0521_O38-20220531-095426-59-0.txt,0521_O38-20220531\0521_O38-20220531-101247-59-59.txt,095426,101247
0521_O38,2022-06-03,0,0.0,36,36,0521_O38-20220603\0521_O38-20220603-093052-36-0.txt,0521_O38-20220603\0521_O38-20220603-095128-36-36.txt,093052,095128
0521_O38,2022-06-08,0,0.0,54,54,0521_O38-20220608\0521_O38-20220608-063503-54-0.txt,0521_O38-20220608\0521_O38-20220608-070741-54-54.txt,063503,070741
0521_O40,2022-05-31,1,0.010752688172043012,92,93,0521_O40-20220531\0521_O40-20220531-073905-92-0.txt,0521_O40-20220531\0521_O40-20220531-081808-93-93.txt,073905,081808
0521_O40,2022-06-01,3,0.047619047619047616,60,63,0521_O40-20220601\0521_O40-20220601-083303-60-0.txt,0521_O40-20220601\0521_O40-20220601-085540-63-63.txt,083303,085540
0521_O40,2022-06-02,65,0.9154929577464789,70,71,0521_O40-20220602\0521_O40-20220602-082945-70-0.txt,0521_O40-20220602\0521_O40-20220602-090533-71-71.txt,082945,090533
0521_O40,2022-06-08,60,0.631578947368421,41,95,0521_O40-20220608\0521_O40-20220608-064236-41-0.txt,0521_O40-20220608\0521_O40-20220608-095814-95-95.txt,064236,095814
0521_O40,2022-06-09,46,0.4380952380952381,65,105,0521_O40-20220609\0521_O40-20220609-082333-65-0.txt,0521_O40-20220609\0521_O40-20220609-095426-105-105.txt,082333,095426
0521_O40,2022-06-13,0,0.0,49,49,0521_O40-20220613\0521_O40-20220613-085010-49-0.txt,0521_O40-20220613\0521_O40-20220613-091416-49-49.txt,085010,091416
0521_O40,2022-06-15,18,0.17647058823529413,102,102,0521_O40-20220615\0521_O40-20220615-091228-102-0.txt,0521_O40-20220615\0521_O40-20220615-100100-102-102.txt,091228,100100
0521_O40,2022-06-20,24,0.5581395348837209,21,43,0521_O40-20220620\0521_O40-20220620-085751-21-0.txt,0521_O40-20220620\0521_O40-20220620-094009-43-43.txt,085751,094009
0521_O41,2022-05-30,1,0.015625,63,64,0521_O41-20220530\0521_O41-20220530-071742-63-0.txt,0521_O41-20220530\0521_O41-20220530-075115-64-64.txt,071742,075115
0521_O41,2022-05-31,0,0.0,115,115,0521_O41-20220531\0521_O41-20220531-101038-115-0.txt,0521_O41-20220531\0521_O41-20220531-101307-115-115.txt,101038,101307
0521_O41,2022-06-10,0,0.0,42,42,0521_O41-20220610\0521_O41-20220610-092446-42-0.txt,0521_O41-20220610\0521_O41-20220610-095209-42-42.txt,092446,095209
0521_O41,2022-06-14,0,0.0,76,76,0521_O41-20220614\0521_O41-20220614-090410-76-0.txt,0521_O41-20220614\0521_O41-20220614-094437-76-76.txt,090410,094437
0521_O42,2022-05-31,2,0.012987012987012988,154,154,0521_O42-20220531\0521_O42-20220531-061940-154-0.txt,0521_O42-20220531\0521_O42-20220531-071535-154-154.txt,061940,071535
0521_O42,2022-06-01,0,0.0,153,153,0521_O42-20220601\0521_O42-20220601-060009-153-0.txt,0521_O42-20220601\0521_O42-20220601-065922-153-153.txt,060009,065922
0521_O42,2022-06-02,19,0.12337662337662338,153,154,0521_O42-20220602\0521_O42-20220602-055714-153-0.txt,0521_O42-20220602\0521_O42-20220602-065933-154-154.txt,055714,065933
0521_O42,2022-06-03,26,0.16455696202531644,158,155,0521_O42-20220603\0521_O42-20220603-060841-158-0.txt,0521_O42-20220603\0521_O42-20220603-072442-155-155.txt,060841,072442
0521_O42,2022-06-04,2,0.044444444444444446,43,45,0521_O42-20220604\0521_O42-20220604-061814-43-0.txt,0521_O42-20220604\0521_O42-20220604-064048-45-45.txt,061814,064048
0521_O42,2022-06-07,8,0.06557377049180328,121,122,0521_O42-20220607\0521_O42-20220607-060002-121-0.txt,0521_O42-20220607\0521_O42-20220607-064621-122-122.txt,060002,064621
0521_O42,2022-06-08,15,0.09740259740259741,154,154,0521_O42-20220608\0521_O42-20220608-060246-154-0.txt,0521_O42-20220608\0521_O42-20220608-070715-154-154.txt,060246,070715
0521_O42,2022-06-09,136,0.8143712574850299,167,167,0521_O42-20220609\0521_O42-20220609-060701-167-0.txt,0521_O42-20220609\0521_O42-20220609-071900-167-167.txt,060701,071900
0521_O42,2022-06-10,153,0.95625,160,159,0521_O42-20220610\0521_O42-20220610-061754-160-0.txt,0521_O42-20220610\0521_O42-20220610-072214-159-159.txt,061754,072214
0521_O42,2022-06-11,2,0.04878048780487805,41,41,0521_O42-20220611\0521_O42-20220611-061011-41-0.txt,0521_O42-20220611\0521_O42-20220611-063549-41-41.txt,061011,063549
0521_O42,2022-06-13,5,0.0364963503649635,135,137,0521_O42-20220613\0521_O42-20220613-060508-135-0.txt,0521_O42-20220613\0521_O42-20220613-070056-137-137.txt,060508,070056
0521_O42,2022-06-14,4,0.024539877300613498,163,163,0521_O42-20220614\0521_O42-20220614-061003-163-0.txt,0521_O42-20220614\0521_O42-20220614-071414-163-163.txt,061003,071414
0521_O42,2022-06-15,4,0.03225806451612903,124,124,0521_O42-20220615\0521_O42-20220615-060028-124-0.txt,0521_O42-20220615\0521_O42-20220615-070504-124-124.txt,060028,070504
0521_O42,2022-06-16,14,0.09523809523809523,147,147,0521_O42-20220616\0521_O42-20220616-060749-147-0.txt,0521_O42-20220616\0521_O42-20220616-070243-147-147.txt,060749,070243
0521_O42,2022-06-17,6,0.05,120,120,0521_O42-20220617\0521_O42-20220617-055844-120-0.txt,0521_O42-20220617\0521_O42-20220617-065823-120-120.txt,055844,065823
0521_O42,2022-06-20,10,0.09174311926605505,109,109,0521_O42-20220620\0521_O42-20220620-055531-109-0.txt,0521_O42-20220620\0521_O42-20220620-065552-109-109.txt,055531,065552
0521_O42,2022-06-21,3,0.01744186046511628,172,171,0521_O42-20220621\0521_O42-20220621-061914-172-0.txt,0521_O42-20220621\0521_O42-20220621-072936-171-171.txt,061914,072936
0521_O42,2022-06-22,8,0.049079754601226995,163,163,0521_O42-20220622\0521_O42-20220622-061114-163-0.txt,0521_O42-20220622\0521_O42-20220622-071403-163-163.txt,061114,071403
0521_O43,2022-06-01,0,0.0,80,80,0521_O43-20220601\0521_O43-20220601-094749-80-0.txt,0521_O43-20220601\0521_O43-20220601-101723-80-80.txt,094749,101723
0521_O43,2022-06-11,2,0.023809523809523808,84,82,0521_O43-20220611\0521_O43-20220611-054516-84-0.txt,0521_O43-20220611\0521_O43-20220611-062450-82-82.txt,054516,062450
0521_O44,2022-06-04,0,0.0,41,41,0521_O44-20220604\0521_O44-20220604-060726-41-0.txt,0521_O44-20220604\0521_O44-20220604-064324-41-41.txt,060726,064324
0521_O44,2022-06-07,0,0.0,26,26,0521_O44-20220607\0521_O44-20220607-093658-26-0.txt,0521_O44-20220607\0521_O44-20220607-095854-26-26.txt,093658,095854
0521_O44,2022-06-17,1,0.01098901098901099,91,90,0521_O44-20220617\0521_O44-20220617-085203-91-0.txt,0521_O44-20220617\0521_O44-20220617-093829-90-90.txt,085203,093829
0521_O44,2022-06-18,0,0.0,65,65,0521_O44-20220618\0521_O44-20220618-054621-65-0.txt,0521_O44-20220618\0521_O44-20220618-061705-65-65.txt,054621,061705
0521_O44,2022-06-20,6,0.12244897959183673,49,47,0521_O44-20220620\0521_O44-20220620-090317-49-0.txt,0521_O44-20220620\0521_O44-20220620-090106-47-47.txt,090317,090106
0521_O45,2022-05-31,0,0.0,122,122,0521_O45-20220531\0521_O45-20220531-101553-122-0.txt,0521_O45-20220531\0521_O45-20220531-105319-122-122.txt,101553,105319
0521_O45,2022-06-01,57,0.7125,80,80,0521_O45-20220601\0521_O45-20220601-093719-80-0.txt,0521_O45-20220601\0521_O45-20220601-093513-80-80.txt,093719,093513
0521_O45,2022-06-02,27,0.43548387096774194,62,62,0521_O45-20220602\0521_O45-20220602-100331-62-0.txt,0521_O45-20220602\0521_O45-20220602-104352-62-62.txt,100331,104352
0521_O45,2022-06-03,0,0.0,70,70,0521_O45-20220603\0521_O45-20220603-091056-70-0.txt,0521_O45-20220603\0521_O45-20220603-095714-70-70.txt,091056,095714
0521_O45,2022-06-04,2,0.06451612903225806,31,29,0521_O45-20220604\0521_O45-20220604-060702-31-0.txt,0521_O45-20220604\0521_O45-20220604-064251-29-29.txt,060702,064251
0521_O45,2022-06-08,0,0.0,79,79,0521_O45-20220608\0521_O45-20220608-105030-79-0.txt,0521_O45-20220608\0521_O45-20220608-105135-79-79.txt,105030,105135
0521_O45,2022-06-13,0,0.0,92,92,0521_O45-20220613\0521_O45-20220613-100547-92-0.txt,0521_O45-20220613\0521_O45-20220613-105821-92-92.txt,100547,105821
0521_O45,2022-06-14,0,0.0,98,98,0521_O45-20220614\0521_O45-20220614-090225-98-0.txt,0521_O45-20220614\0521_O45-20220614-100334-98-98.txt,090225,100334
0521_O45,2022-06-16,1,0.015384615384615385,65,64,0521_O45-20220616\0521_O45-20220616-094605-65-0.txt,0521_O45-20220616\0521_O45-20220616-094738-64-64.txt,094605,094738
0521_O45,2022-06-21,0,0.0,92,92,0521_O45-20220621\0521_O45-20220621-095506-92-0.txt,0521_O45-20220621\0521_O45-20220621-095539-92-92.txt,095506,095539
0521_O45,2022-06-22,0,0.0,75,75,0521_O45-20220622\0521_O45-20220622-100819-75-0.txt,0521_O45-20220622\0521_O45-20220622-104401-75-75.txt,100819,104401
0521_O47,2022-06-22,0,0.0,90,90,0521_O47-20220622\0521_O47-20220622-073513-90-0.txt,0521_O47-20220622\0521_O47-20220622-083020-90-90.txt,073513,083020
0521_O49,2022-06-01,11,0.2,54,55,0521_O49-20220601\0521_O49-20220601-070047-54-0.txt,0521_O49-20220601\0521_O49-20220601-072954-55-55.txt,070047,072954
0521_O49,2022-06-02,6,0.125,48,48,0521_O49-20220602\0521_O49-20220602-072620-48-0.txt,0521_O49-20220602\0521_O49-20220602-073421-48-48.txt,072620,073421
0521_O49,2022-06-08,34,0.3177570093457944,104,107,0521_O49-20220608\0521_O49-20220608-085707-104-0.txt,0521_O49-20220608\0521_O49-20220608-093756-107-107.txt,085707,093756
0521_O49,2022-06-09,18,0.16822429906542055,107,107,0521_O49-20220609\0521_O49-20220609-084515-107-0.txt,0521_O49-20220609\0521_O49-20220609-091219-107-107.txt,084515,091219
0521_O49,2022-06-10,6,0.05454545454545454,110,110,0521_O49-20220610\0521_O49-20220610-083611-110-0.txt,0521_O49-20220610\0521_O49-20220610-084204-110-110.txt,083611,084204
0521_O49,2022-06-14,12,0.10344827586206896,114,116,0521_O49-20220614\0521_O49-20220614-071349-114-0.txt,0521_O49-20220614\0521_O49-20220614-080202-116-116.txt,071349,080202
0521_O49,2022-06-15,43,0.5180722891566265,83,51,0521_O49-20220615\0521_O49-20220615-090154-83-0.txt,0521_O49-20220615\0521_O49-20220615-093703-51-51.txt,090154,093703
0521_O49,2022-06-18,13,0.203125,64,57,0521_O49-20220618\0521_O49-20220618-062827-64-0.txt,0521_O49-20220618\0521_O49-20220618-065135-57-57.txt,062827,065135
0521_O49,2022-06-21,36,0.4,64,90,0521_O49-20220621\0521_O49-20220621-073259-64-0.txt,0521_O49-20220621\0521_O49-20220621-090050-90-90.txt,073259,090050
0521_O50,2022-06-18,7,0.11666666666666667,57,60,0521_O50-20220618\0521_O50-20220618-062320-57-0.txt,0521_O50-20220618\0521_O50-20220618-064453-60-60.txt,062320,064453
0521_O51,2022-06-15,1,0.03125,32,31,0521_O51-20220615\0521_O51-20220615-093826-32-0.txt,0521_O51-20220615\0521_O51-20220615-094230-31-31.txt,093826,094230
0521_O52,2022-05-30,84,0.6774193548387096,124,124,0521_O52-20220530\0521_O52-20220530-071320-124-0.txt,0521_O52-20220530\0521_O52-20220530-082710-124-124.txt,071320,082710
0521_O52,2022-05-31,189,0.875,216,102,0521_O52-20220531\0521_O52-20220531-065023-216-0.txt,0521_O52-20220531\0521_O52-20220531-083513-102-102.txt,065023,083513
0521_O52,2022-06-01,95,0.7307692307692307,120,130,0521_O52-20220601\0521_O52-20220601-062220-120-0.txt,0521_O52-20220601\0521_O52-20220601-082555-130-130.txt,062220,082555
0521_O52,2022-06-02,113,0.8625954198473282,120,131,0521_O52-20220602\0521_O52-20220602-055617-120-0.txt,0521_O52-20220602\0521_O52-20220602-073444-131-131.txt,055617,073444
0521_O52,2022-06-03,21,0.22826086956521738,92,74,0521_O52-20220603\0521_O52-20220603-062355-92-0.txt,0521_O52-20220603\0521_O52-20220603-065418-74-74.txt,062355,065418
0521_O52,2022-06-04,65,0.8666666666666667,75,74,0521_O52-20220604\0521_O52-20220604-060715-76-0.txt,0521_O52-20220604\0521_O52-20220604-061815-74-74.txt,060715,061815
0521_O52,2022-06-07,8,0.10810810810810811,74,74,0521_O52-20220607\0521_O52-20220607-070442-74-0.txt,0521_O52-20220607\0521_O52-20220607-073504-74-74.txt,070442,073504
0521_O52,2022-06-08,53,0.37857142857142856,89,140,0521_O52-20220608\0521_O52-20220608-063355-128-0.txt,0521_O52-20220608\0521_O52-20220608-083353-140-140.txt,063355,083353
0521_O52,2022-06-09,5,0.054945054945054944,87,91,0521_O52-20220609\0521_O52-20220609-065113-87-0.txt,0521_O52-20220609\0521_O52-20220609-073851-91-91.txt,065113,073851
0521_O52,2022-06-10,22,0.3188405797101449,69,69,0521_O52-20220610\0521_O52-20220610-071419-69-0.txt,0521_O52-20220610\0521_O52-20220610-074205-69-69.txt,071419,074205
0521_O52,2022-06-11,59,0.7866666666666666,74,75,0521_O52-20220611\0521_O52-20220611-055333-79-0.txt,0521_O52-20220611\0521_O52-20220611-062354-75-75.txt,055333,062354
0521_O52,2022-06-13,4,0.03278688524590164,122,122,0521_O52-20220613\0521_O52-20220613-062550-122-0.txt,0521_O52-20220613\0521_O52-20220613-081829-122-122.txt,062550,081829
0521_O52,2022-06-14,0,0.0,86,86,0521_O52-20220614\0521_O52-20220614-073552-86-0.txt,0521_O52-20220614\0521_O52-20220614-085842-86-86.txt,073552,085842
0521_O52,2022-06-15,13,0.13,100,100,0521_O52-20220615\0521_O52-20220615-070216-100-0.txt,0521_O52-20220615\0521_O52-20220615-081022-100-100.txt,070216,081022
0521_O52,2022-06-16,11,0.11458333333333333,96,94,0521_O52-20220616\0521_O52-20220616-064453-96-0.txt,0521_O52-20220616\0521_O52-20220616-075813-94-94.txt,064453,075813
0521_O52,2022-06-17,45,0.5625,73,80,0521_O52-20220617\0521_O52-20220617-061729-73-0.txt,0521_O52-20220617\0521_O52-20220617-075859-80-80.txt,061729,075859
0521_O52,2022-06-18,70,0.9090909090909091,71,77,0521_O52-20220618\0521_O52-20220618-052741-75-0.txt,0521_O52-20220618\0521_O52-20220618-060000-77-77.txt,052741,060000
0521_O52,2022-06-21,1,0.010416666666666666,95,96,0521_O52-20220621\0521_O52-20220621-070220-95-0.txt,0521_O52-20220621\0521_O52-20220621-082850-96-96.txt,070220,082850
0521_O52,2022-06-22,0,0.0,84,84,0521_O52-20220622\0521_O52-20220622-064507-84-0.txt,0521_O52-20220622\0521_O52-20220622-073353-84-84.txt,064507,073353
0521_O53,2022-06-01,4,0.06153846153846154,63,65,0521_O53-20220601\0521_O53-20220601-064923-63-0.txt,0521_O53-20220601\0521_O53-20220601-074000-65-65.txt,064923,074000
0521_O53,2022-06-02,4,0.09090909090909091,44,44,0521_O53-20220602\0521_O53-20220602-061053-44-0.txt,0521_O53-20220602\0521_O53-20220602-065236-44-44.txt,061053,065236
0521_O53,2022-06-08,16,0.2318840579710145,55,69,0521_O53-20220608\0521_O53-20220608-070548-55-0.txt,0521_O53-20220608\0521_O53-20220608-073100-69-69.txt,070548,073100
0521_O53,2022-06-09,27,0.2967032967032967,68,91,0521_O53-20220609\0521_O53-20220609-063649-82-0.txt,0521_O53-20220609\0521_O53-20220609-074255-91-91.txt,063649,074255
0521_O53,2022-06-10,2,0.02531645569620253,79,79,0521_O53-20220610\0521_O53-20220610-065521-79-0.txt,0521_O53-20220610\0521_O53-20220610-073941-79-79.txt,065521,073941
0521_O53,2022-06-14,124,0.8104575163398693,153,76,0521_O53-20220614\0521_O53-20220614-062127-153-0.txt,0521_O53-20220614\0521_O53-20220614-094437-76-76.txt,062127,094437
0521_O53,2022-06-16,8,0.19047619047619047,42,42,0521_O53-20220616\0521_O53-20220616-073703-42-0.txt,0521_O53-20220616\0521_O53-20220616-080129-42-42.txt,073703,080129
0521_O53,2022-06-17,0,0.0,48,48,0521_O53-20220617\0521_O53-20220617-071926-48-0.txt,0521_O53-20220617\0521_O53-20220617-072148-48-48.txt,071926,072148
0521_O53,2022-06-21,11,0.2894736842105263,35,38,0521_O53-20220621\0521_O53-20220621-080646-35-0.txt,0521_O53-20220621\0521_O53-20220621-083212-38-38.txt,080646,083212
0521_O53,2022-06-22,2,0.047619047619047616,42,42,0521_O53-20220622\0521_O53-20220622-070413-42-0.txt,0521_O53-20220622\0521_O53-20220622-073747-42-42.txt,070413,073747
0521_O54,2022-05-30,17,0.2073170731707317,65,82,0521_O54-20220530\0521_O54-20220530-064331-65-0.txt,0521_O54-20220530\0521_O54-20220530-083840-82-82.txt,064331,083840
0521_O54,2022-05-31,2,0.014388489208633094,139,139,0521_O54-20220531\0521_O54-20220531-072531-139-0.txt,0521_O54-20220531\0521_O54-20220531-081107-139-139.txt,072531,081107
0521_O54,2022-06-01,6,0.07317073170731707,82,81,0521_O54-20220601\0521_O54-20220601-065430-82-0.txt,0521_O54-20220601\0521_O54-20220601-074247-81-81.txt,065430,074247
0521_O54,2022-06-02,0,0.0,52,52,0521_O54-20220602\0521_O54-20220602-063237-52-0.txt,0521_O54-20220602\0521_O54-20220602-071947-52-52.txt,063237,071947
0521_O54,2022-06-03,0,0.0,48,48,0521_O54-20220603\0521_O54-20220603-070511-48-0.txt,0521_O54-20220603\0521_O54-20220603-072148-48-48.txt,070511,072148
0521_O54,2022-06-08,0,0.0,63,63,0521_O54-20220608\0521_O54-20220608-064229-63-0.txt,0521_O54-20220608\0521_O54-20220608-072932-63-63.txt,064229,072932
0521_O54,2022-06-09,129,0.9084507042253521,142,112,0521_O54-20220609\0521_O54-20220609-072429-142-0.txt,0521_O54-20220609\0521_O54-20220609-083712-112-112.txt,072429,083712
0521_O54,2022-06-10,126,1.0,79,126,0521_O54-20220610\0521_O54-20220610-062244-79-0.txt,0521_O54-20220610\0521_O54-20220610-082557-126-126.txt,062244,082557
0521_O54,2022-06-14,16,0.2807017543859649,57,57,0521_O54-20220614\0521_O54-20220614-065200-57-0.txt,0521_O54-20220614\0521_O54-20220614-074746-57-57.txt,065200,074746
0521_O54,2022-06-15,0,0.0,45,45,0521_O54-20220615\0521_O54-20220615-062001-45-0.txt,0521_O54-20220615\0521_O54-20220615-071955-45-45.txt,062001,071955
0521_O54,2022-06-16,2,0.037037037037037035,54,54,0521_O54-20220616\0521_O54-20220616-063403-54-0.txt,0521_O54-20220616\0521_O54-20220616-071807-54-54.txt,063403,071807
0521_O54,2022-06-17,5,0.07352941176470588,68,63,0521_O54-20220617\0521_O54-20220617-065314-68-0.txt,0521_O54-20220617\0521_O54-20220617-073158-63-63.txt,065314,073158
0521_O54,2022-06-20,2,0.0273972602739726,73,71,0521_O54-20220620\0521_O54-20220620-064334-73-0.txt,0521_O54-20220620\0521_O54-20220620-072318-71-71.txt,064334,072318
0521_O54,2022-06-21,100,0.9259259259259259,104,108,0521_O54-20220621\0521_O54-20220621-065346-104-0.txt,0521_O54-20220621\0521_O54-20220621-084511-108-108.txt,065346,084511
0521_O54,2022-06-22,81,0.6585365853658537,123,123,0521_O54-20220622\0521_O54-20220622-063008-123-0.txt,0521_O54-20220622\0521_O54-20220622-082049-123-123.txt,063008,082049
0521_O56,2022-06-04,1,0.013513513513513514,73,74,0521_O56-20220604\0521_O56-20220604-061014-73-0.txt,0521_O56-20220604\0521_O56-20220604-073557-74-74.txt,061014,073557
0521_O58,2022-05-30,23,0.24731182795698925,90,93,0521_O58-20220530\0521_O58-20220530-065755-90-0.txt,0521_O58-20220530\0521_O58-20220530-080526-93-93.txt,065755,080526
0521_O58,2022-05-31,69,0.4928571428571429,140,139,0521_O58-20220531\0521_O58-20220531-074602-140-0.txt,0521_O58-20220531\0521_O58-20220531-084224-139-139.txt,074602,084224
0521_O58,2022-06-01,52,0.611764705882353,85,85,0521_O58-20220601\0521_O58-20220601-070036-85-0.txt,0521_O58-20220601\0521_O58-20220601-072725-85-85.txt,070036,072725
0521_O58,2022-06-02,70,0.7608695652173914,92,92,0521_O58-20220602\0521_O58-20220602-062917-92-0.txt,0521_O58-20220602\0521_O58-20220602-082250-92-92.txt,062917,082250
0521_O58,2022-06-08,63,0.49606299212598426,104,127,0521_O58-20220608\0521_O58-20220608-073922-104-0.txt,0521_O58-20220608\0521_O58-20220608-092007-127-127.txt,073922,092007
0521_O58,2022-06-13,116,0.8787878787878788,132,124,0521_O58-20220613\0521_O58-20220613-081320-132-0.txt,0521_O58-20220613\0521_O58-20220613-091942-124-124.txt,081320,091942
0521_O58,2022-06-14,113,0.9112903225806451,124,124,0521_O58-20220614\0521_O58-20220614-083710-124-0.txt,0521_O58-20220614\0521_O58-20220614-092911-124-124.txt,083710,092911
0521_O58,2022-06-15,26,0.37681159420289856,69,69,0521_O58-20220615\0521_O58-20220615-062043-69-0.txt,0521_O58-20220615\0521_O58-20220615-081156-69-69.txt,062043,081156
0521_O58,2022-06-16,78,0.6290322580645161,123,124,0521_O58-20220616\0521_O58-20220616-072331-124-0.txt,0521_O58-20220616\0521_O58-20220616-081006-124-124.txt,072331,081006
0521_O58,2022-06-17,91,0.7844827586206896,113,116,0521_O58-20220617\0521_O58-20220617-081459-116-0.txt,0521_O58-20220617\0521_O58-20220617-083254-116-116.txt,081459,083254
0521_O58,2022-06-20,89,0.8165137614678899,108,109,0521_O58-20220620\0521_O58-20220620-065822-108-0.txt,0521_O58-20220620\0521_O58-20220620-080417-109-109.txt,065822,080417
0521_O58,2022-06-21,98,0.8376068376068376,117,117,0521_O58-20220621\0521_O58-20220621-070803-117-0.txt,0521_O58-20220621\0521_O58-20220621-083939-117-117.txt,070803,083939
0521_O58,2022-06-22,85,0.7870370370370371,107,108,0521_O58-20220622\0521_O58-20220622-072144-107-0.txt,0521_O58-20220622\0521_O58-20220622-084121-108-108.txt,072144,084121
0521_O59,2022-05-30,34,0.33663366336633666,73,101,0521_O59-20220530\0521_O59-20220530-065448-73-0.txt,0521_O59-20220530\0521_O59-20220530-073916-101-101.txt,065448,073916
0521_O59,2022-05-31,132,0.9777777777777777,19,135,0521_O59-20220531\0521_O59-20220531-060928-19-0.txt,0521_O59-20220531\0521_O59-20220531-080534-135-135.txt,060928,080534
0521_O59,2022-06-01,36,0.3185840707964602,113,81,0521_O59-20220601\0521_O59-20220601-070229-113-0.txt,0521_O59-20220601\0521_O59-20220601-080009-81-81.txt,070229,080009
0521_O59,2022-06-02,1,0.015873015873015872,62,63,0521_O59-20220602\0521_O59-20220602-063820-62-0.txt,0521_O59-20220602\0521_O59-20220602-072819-63-63.txt,063820,072819
0521_O59,2022-06-03,4,0.07692307692307693,51,52,0521_O59-20220603\0521_O59-20220603-062802-51-0.txt,0521_O59-20220603\0521_O59-20220603-070133-52-52.txt,062802,070133
0521_O59,2022-06-04,5,0.08928571428571429,55,56,0521_O59-20220604\0521_O59-20220604-053400-55-0.txt,0521_O59-20220604\0521_O59-20220604-070927-56-56.txt,053400,070927
0521_O59,2022-06-07,9,0.09782608695652174,89,92,0521_O59-20220607\0521_O59-20220607-062732-89-0.txt,0521_O59-20220607\0521_O59-20220607-074837-92-92.txt,062732,074837
0521_O59,2022-06-08,57,0.3352941176470588,124,170,0521_O59-20220608\0521_O59-20220608-071554-124-0.txt,0521_O59-20220608\0521_O59-20220608-084200-170-170.txt,071554,084200
0521_O59,2022-06-09,12,0.11009174311926606,109,109,0521_O59-20220609\0521_O59-20220609-071118-109-0.txt,0521_O59-20220609\0521_O59-20220609-072609-109-109.txt,071118,072609
0521_O59,2022-06-10,62,0.37349397590361444,164,166,0521_O59-20220610\0521_O59-20220610-075516-164-0.txt,0521_O59-20220610\0521_O59-20220610-091327-166-166.txt,075516,091327
0521_O59,2022-06-13,7,0.07954545454545454,88,87,0521_O59-20220613\0521_O59-20220613-065705-88-0.txt,0521_O59-20220613\0521_O59-20220613-075216-87-87.txt,065705,075216
0521_O59,2022-06-14,10,0.05714285714285714,175,169,0521_O59-20220614\0521_O59-20220614-063727-175-0.txt,0521_O59-20220614\0521_O59-20220614-083207-169-169.txt,063727,083207
0521_O59,2022-06-15,2,0.01680672268907563,117,119,0521_O59-20220615\0521_O59-20220615-073417-119-0.txt,0521_O59-20220615\0521_O59-20220615-083209-119-119.txt,073417,083209
0521_O59,2022-06-17,27,0.3,71,90,0521_O59-20220617\0521_O59-20220617-063541-71-0.txt,0521_O59-20220617\0521_O59-20220617-075140-90-90.txt,063541,075140
0521_O59,2022-06-18,4,0.0851063829787234,47,43,0521_O59-20220618\0521_O59-20220618-053143-47-0.txt,0521_O59-20220618\0521_O59-20220618-062621-43-43.txt,053143,062621
0521_O59,2022-06-20,10,0.1388888888888889,72,66,0521_O59-20220620\0521_O59-20220620-061704-72-0.txt,0521_O59-20220620\0521_O59-20220620-071303-66-66.txt,061704,071303
0521_O59,2022-06-21,1,0.007246376811594203,138,137,0521_O59-20220621\0521_O59-20220621-062504-138-0.txt,0521_O59-20220621\0521_O59-20220621-073110-137-137.txt,062504,073110
0521_O59,2022-06-22,6,0.05454545454545454,110,106,0521_O59-20220622\0521_O59-20220622-070244-110-0.txt,0521_O59-20220622\0521_O59-20220622-075840-106-106.txt,070244,075840
0521_O60,2022-05-30,9,0.1125,80,76,0521_O60-20220530\0521_O60-20220530-071700-80-0.txt,0521_O60-20220530\0521_O60-20220530-080806-76-76.txt,071700,080806
0521_O60,2022-05-31,8,0.07476635514018691,107,107,0521_O60-20220531\0521_O60-20220531-072818-107-0.txt,0521_O60-20220531\0521_O60-20220531-080649-107-107.txt,072818,080649
0521_O60,2022-06-01,17,0.10559006211180125,160,161,0521_O60-20220601\0521_O60-20220601-063007-160-0.txt,0521_O60-20220601\0521_O60-20220601-081930-161-161.txt,063007,081930
0521_O60,2022-06-02,17,0.12142857142857143,140,140,0521_O60-20220602\0521_O60-20220602-061653-140-0.txt,0521_O60-20220602\0521_O60-20220602-075021-140-140.txt,061653,075021
0521_O60,2022-06-03,20,0.15625,124,128,0521_O60-20220603\0521_O60-20220603-061215-124-0.txt,0521_O60-20220603\0521_O60-20220603-090609-128-128.txt,061215,090609
0521_O60,2022-06-04,0,0.0,47,47,0521_O60-20220604\0521_O60-20220604-064512-47-0.txt,0521_O60-20220604\0521_O60-20220604-074602-47-47.txt,064512,074602
0521_O60,2022-06-07,20,0.18018018018018017,111,96,0521_O60-20220607\0521_O60-20220607-060708-111-0.txt,0521_O60-20220607\0521_O60-20220607-074917-96-96.txt,060708,074917
0521_O60,2022-06-08,3,0.01485148514851485,199,202,0521_O60-20220608\0521_O60-20220608-061841-199-0.txt,0521_O60-20220608\0521_O60-20220608-075549-202-202.txt,061841,075549
0521_O60,2022-06-09,14,0.07650273224043716,181,183,0521_O60-20220609\0521_O60-20220609-061322-181-0.txt,0521_O60-20220609\0521_O60-20220609-092328-183-183.txt,061322,092328
0521_O60,2022-06-10,27,0.15976331360946747,168,169,0521_O60-20220610\0521_O60-20220610-060335-168-0.txt,0521_O60-20220610\0521_O60-20220610-091205-169-169.txt,060335,091205
0521_O60,2022-06-11,0,0.0,56,56,0521_O60-20220611\0521_O60-20220611-064430-56-0.txt,0521_O60-20220611\0521_O60-20220611-071016-56-56.txt,064430,071016
0521_O60,2022-06-13,29,0.20422535211267606,139,142,0521_O60-20220613\0521_O60-20220613-063226-139-0.txt,0521_O60-20220613\0521_O60-20220613-084251-142-142.txt,063226,084251
0521_O60,2022-06-14,12,0.07643312101910828,148,157,0521_O60-20220614\0521_O60-20220614-055132-148-0.txt,0521_O60-20220614\0521_O60-20220614-083341-157-157.txt,055132,083341
0521_O60,2022-06-15,53,0.32919254658385094,125,161,0521_O60-20220615\0521_O60-20220615-055000-125-0.txt,0521_O60-20220615\0521_O60-20220615-085419-161-161.txt,055000,085419
0521_O60,2022-06-16,15,0.10948905109489052,137,130,0521_O60-20220616\0521_O60-20220616-054656-137-0.txt,0521_O60-20220616\0521_O60-20220616-082449-130-130.txt,054656,082449
0521_O60,2022-06-17,6,0.06060606060606061,99,99,0521_O60-20220617\0521_O60-20220617-064740-99-0.txt,0521_O60-20220617\0521_O60-20220617-075512-99-99.txt,064740,075512
0521_O60,2022-06-20,1,0.019230769230769232,52,51,0521_O60-20220620\0521_O60-20220620-063429-52-0.txt,0521_O60-20220620\0521_O60-20220620-072429-51-51.txt,063429,072429
0521_O60,2022-06-22,30,0.3157894736842105,95,73,0521_O60-20220622\0521_O60-20220622-073814-95-0.txt,0521_O60-20220622\0521_O60-20220622-090432-73-73.txt,073814,090432
0521_O61,2022-05-31,1,0.008547008547008548,117,117,0521_O61-20220531\0521_O61-20220531-062912-117-0.txt,0521_O61-20220531\0521_O61-20220531-102146-117-117.txt,062912,102146
0521_O61,2022-06-01,28,0.27722772277227725,101,101,0521_O61-20220601\0521_O61-20220601-075936-101-0.txt,0521_O61-20220601\0521_O61-20220601-100957-101-101.txt,075936,100957
0521_O61,2022-06-02,0,0.0,106,106,0521_O61-20220602\0521_O61-20220602-092723-106-0.txt,0521_O61-20220602\0521_O61-20220602-100636-106-106.txt,092723,100636
0521_O61,2022-06-03,1,0.011494252873563218,87,86,0521_O61-20220603\0521_O61-20220603-091013-87-0.txt,0521_O61-20220603\0521_O61-20220603-103612-86-86.txt,091013,103612
0521_O61,2022-06-07,0,0.0,85,85,0521_O61-20220607\0521_O61-20220607-085842-85-0.txt,0521_O61-20220607\0521_O61-20220607-101304-85-85.txt,085842,101304
0521_O61,2022-06-08,58,0.6823529411764706,85,85,0521_O61-20220608\0521_O61-20220608-074348-85-0.txt,0521_O61-20220608\0521_O61-20220608-092155-85-85.txt,074348,092155
0521_O61,2022-06-09,26,0.3132530120481928,83,73,0521_O61-20220609\0521_O61-20220609-061429-83-0.txt,0521_O61-20220609\0521_O61-20220609-073923-73-73.txt,061429,073923
0521_O61,2022-06-16,24,0.5106382978723404,46,47,0521_O61-20220616\0521_O61-20220616-060304-46-0.txt,0521_O61-20220616\0521_O61-20220616-075921-47-47.txt,060304,075921
0521_O61,2022-06-17,11,0.3235294117647059,27,34,0521_O61-20220617\0521_O61-20220617-083602-27-0.txt,0521_O61-20220617\0521_O61-20220617-093635-34-34.txt,083602,093635
0521_O61,2022-06-20,43,0.86,50,34,0521_O61-20220620\0521_O61-20220620-055454-50-0.txt,0521_O61-20220620\0521_O61-20220620-093836-34-34.txt,055454,093836
0521_O61,2022-06-21,14,0.4117647058823529,34,33,0521_O61-20220621\0521_O61-20220621-081719-34-0.txt,0521_O61-20220621\0521_O61-20220621-101400-33-33.txt,081719,101400
0521_O61,2022-06-22,5,0.10416666666666667,43,48,0521_O61-20220622\0521_O61-20220622-074323-43-0.txt,0521_O61-20220622\0521_O61-20220622-074509-48-48.txt,074323,074509
0521_O62,2022-05-30,10,0.09259259259259259,108,107,0521_O62-20220530\0521_O62-20220530-061701-108-0.txt,0521_O62-20220530\0521_O62-20220530-065935-107-107.txt,061701,065935
0521_O62,2022-05-31,6,0.045112781954887216,133,133,0521_O62-20220531\0521_O62-20220531-063230-133-0.txt,0521_O62-20220531\0521_O62-20220531-063513-133-133.txt,063230,063513
0521_O62,2022-06-01,35,0.2777777777777778,126,125,0521_O62-20220601\0521_O62-20220601-060909-126-0.txt,0521_O62-20220601\0521_O62-20220601-070709-125-125.txt,060909,070709
0521_O62,2022-06-02,63,0.525,120,120,0521_O62-20220602\0521_O62-20220602-055756-120-0.txt,0521_O62-20220602\0521_O62-20220602-065821-120-120.txt,055756,065821
0521_O62,2022-06-03,67,0.5826086956521739,115,102,0521_O62-20220603\0521_O62-20220603-055507-115-0.txt,0521_O62-20220603\0521_O62-20220603-061729-102-102.txt,055507,061729
0521_O62,2022-06-07,74,0.6851851851851852,107,108,0521_O62-20220607\0521_O62-20220607-082929-107-0.txt,0521_O62-20220607\0521_O62-20220607-094415-108-108.txt,082929,094415
0521_O62,2022-06-08,113,0.9262295081967213,122,122,0521_O62-20220608\0521_O62-20220608-085718-122-0.txt,0521_O62-20220608\0521_O62-20220608-100051-122-122.txt,085718,100051
0521_O62,2022-06-09,99,0.7795275590551181,127,127,0521_O62-20220609\0521_O62-20220609-085701-127-0.txt,0521_O62-20220609\0521_O62-20220609-100437-127-127.txt,085701,100437
0521_O62,2022-06-10,100,0.8620689655172413,116,93,0521_O62-20220610\0521_O62-20220610-061352-116-0.txt,0521_O62-20220610\0521_O62-20220610-101634-93-93.txt,061352,101634
0521_O62,2022-06-13,71,0.7319587628865979,97,96,0521_O62-20220613\0521_O62-20220613-084205-97-0.txt,0521_O62-20220613\0521_O62-20220613-090151-96-96.txt,084205,090151
0521_O62,2022-06-14,131,0.9849624060150376,133,132,0521_O62-20220614\0521_O62-20220614-090945-133-0.txt,0521_O62-20220614\0521_O62-20220614-103901-132-132.txt,090945,103901
0521_O62,2022-06-15,72,0.6857142857142857,55,105,0521_O62-20220615\0521_O62-20220615-081009-55-0.txt,0521_O62-20220615\0521_O62-20220615-094555-105-105.txt,081009,094555
0521_O62,2022-06-16,9,0.06976744186046512,129,129,0521_O62-20220616\0521_O62-20220616-060023-129-0.txt,0521_O62-20220616\0521_O62-20220616-064635-129-129.txt,060023,064635
0521_O62,2022-06-17,4,0.03773584905660377,106,106,0521_O62-20220617\0521_O62-20220617-055014-106-0.txt,0521_O62-20220617\0521_O62-20220617-062422-106-106.txt,055014,062422
0521_O62,2022-06-20,2,0.020202020202020204,99,97,0521_O62-20220620\0521_O62-20220620-055034-99-0.txt,0521_O62-20220620\0521_O62-20220620-063622-97-97.txt,055034,063622
0521_O62,2022-06-21,21,0.14893617021276595,141,126,0521_O62-20220621\0521_O62-20220621-054139-141-0.txt,0521_O62-20220621\0521_O62-20220621-063751-126-126.txt,054139,063751
0521_O62,2022-06-22,46,0.46,100,100,0521_O62-20220622\0521_O62-20220622-054652-100-0.txt,0521_O62-20220622\0521_O62-20220622-055845-100-100.txt,054652,055845
0521_O63,2022-05-31,69,0.6831683168316832,52,101,0521_O63-20220531\0521_O63-20220531-063257-52-0.txt,0521_O63-20220531\0521_O63-20220531-103411-101-101.txt,063257,103411
0521_O63,2022-06-01,40,0.7017543859649122,57,49,0521_O63-20220601\0521_O63-20220601-085712-57-0.txt,0521_O63-20220601\0521_O63-20220601-100705-49-49.txt,085712,100705
0521_O63,2022-06-02,42,0.45161290322580644,82,93,0521_O63-20220602\0521_O63-20220602-073529-82-0.txt,0521_O63-20220602\0521_O63-20220602-101558-93-93.txt,073529,101558
0521_O63,2022-06-03,65,0.9027777777777778,72,72,0521_O63-20220603\0521_O63-20220603-085954-72-0.txt,0521_O63-20220603\0521_O63-20220603-103103-72-72.txt,085954,103103
0521_O63,2022-06-07,60,0.8955223880597015,67,59,0521_O63-20220607\0521_O63-20220607-090834-67-0.txt,0521_O63-20220607\0521_O63-20220607-105302-59-59.txt,090834,105302
0521_O63,2022-06-08,32,0.7441860465116279,43,41,0521_O63-20220608\0521_O63-20220608-091156-43-0.txt,0521_O63-20220608\0521_O63-20220608-101325-41-41.txt,091156,101325
0521_O63,2022-06-14,20,0.3225806451612903,62,62,0521_O63-20220614\0521_O63-20220614-063536-62-0.txt,0521_O63-20220614\0521_O63-20220614-075219-62-62.txt,063536,075219
0521_O63,2022-06-17,63,0.8076923076923077,23,78,0521_O63-20220617\0521_O63-20220617-074010-23-0.txt,0521_O63-20220617\0521_O63-20220617-095429-78-78.txt,074010,095429
0521_O63,2022-06-21,0,0.0,41,41,0521_O63-20220621\0521_O63-20220621-081612-41-0.txt,0521_O63-20220621\0521_O63-20220621-095810-41-41.txt,081612,095810
0521_O63,2022-06-22,72,0.9473684210526315,76,58,0521_O63-20220622\0521_O63-20220622-062034-76-0.txt,0521_O63-20220622\0521_O63-20220622-100822-58-58.txt,062034,100822
0521_O64,2022-06-04,3,0.04225352112676056,71,70,0521_O64-20220604\0521_O64-20220604-053008-71-0.txt,0521_O64-20220604\0521_O64-20220604-055846-70-70.txt,053008,055846
0521_O64,2022-06-10,6,0.09090909090909091,65,66,0521_O64-20220610\0521_O64-20220610-101636-66-0.txt,0521_O64-20220610\0521_O64-20220610-102026-66-66.txt,101636,102026
0521_O64,2022-06-11,0,0.0,55,55,0521_O64-20220611\0521_O64-20220611-053438-55-0.txt,0521_O64-20220611\0521_O64-20220611-055608-55-55.txt,053438,055608
0521_O65,2022-05-31,14,0.2222222222222222,63,63,0521_O65-20220531\0521_O65-20220531-063324-63-0.txt,0521_O65-20220531\0521_O65-20220531-064012-63-63.txt,063324,064012
0521_O65,2022-06-21,1,0.025,40,39,0521_O65-20220621\0521_O65-20220621-072332-40-0.txt,0521_O65-20220621\0521_O65-20220621-074700-39-39.txt,072332,074700
0521_O66,2022-06-02,0,0.0,45,45,0521_O66-20220602\0521_O66-20220602-062550-45-0.txt,0521_O66-20220602\0521_O66-20220602-062846-45-45.txt,062550,062846
0521_O66,2022-06-08,16,0.3018867924528302,53,53,0521_O66-20220608\0521_O66-20220608-084026-53-0.txt,0521_O66-20220608\0521_O66-20220608-084618-53-53.txt,084026,084618
0521_O66,2022-06-14,2,0.037037037037037035,54,52,0521_O66-20220614\0521_O66-20220614-075841-54-0.txt,0521_O66-20220614\0521_O66-20220614-084332-52-52.txt,075841,084332
0521_O66,2022-06-15,6,0.16666666666666666,36,36,0521_O66-20220615\0521_O66-20220615-061020-36-0.txt,0521_O66-20220615\0521_O66-20220615-061230-36-36.txt,061020,061230
0521_O67,2022-05-31,115,0.9663865546218487,119,119,0521_O67-20220531\0521_O67-20220531-090011-119-0.txt,0521_O67-20220531\0521_O67-20220531-100610-119-119.txt,090011,100610
0521_O67,2022-06-01,0,0.0,51,51,0521_O67-20220601\0521_O67-20220601-070055-51-0.txt,0521_O67-20220601\0521_O67-20220601-081152-51-51.txt,070055,081152
0521_O67,2022-06-04,23,0.4107142857142857,56,53,0521_O67-20220604\0521_O67-20220604-052726-56-0.txt,0521_O67-20220604\0521_O67-20220604-060520-53-53.txt,052726,060520
0521_O67,2022-06-22,0,0.0,43,43,0521_O67-20220622\0521_O67-20220622-072210-43-0.txt,0521_O67-20220622\0521_O67-20220622-084208-43-43.txt,072210,084208
0521_O69,2022-05-30,0,0.0,140,140,0521_O69-20220530\0521_O69-20220530-065056-140-0.txt,0521_O69-20220530\0521_O69-20220530-084109-140-140.txt,065056,084109
0521_O69,2022-05-31,9,0.06382978723404255,141,141,0521_O69-20220531\0521_O69-20220531-071455-141-0.txt,0521_O69-20220531\0521_O69-20220531-085639-141-141.txt,071455,085639
0521_O69,2022-06-01,10,0.07142857142857142,140,140,0521_O69-20220601\0521_O69-20220601-070556-140-0.txt,0521_O69-20220601\0521_O69-20220601-081749-140-140.txt,070556,081749
0521_O69,2022-06-02,6,0.04225352112676056,142,142,0521_O69-20220602\0521_O69-20220602-072801-142-0.txt,0521_O69-20220602\0521_O69-20220602-085112-142-142.txt,072801,085112
0521_O69,2022-06-03,2,0.017857142857142856,112,110,0521_O69-20220603\0521_O69-20220603-070752-112-0.txt,0521_O69-20220603\0521_O69-20220603-082419-110-110.txt,070752,082419
0521_O69,2022-06-07,1,0.008403361344537815,118,119,0521_O69-20220607\0521_O69-20220607-064012-118-0.txt,0521_O69-20220607\0521_O69-20220607-082332-119-119.txt,064012,082332
0521_O69,2022-06-08,5,0.03424657534246575,146,146,0521_O69-20220608\0521_O69-20220608-065839-146-0.txt,0521_O69-20220608\0521_O69-20220608-083530-146-146.txt,065839,083530
0521_O69,2022-06-09,6,0.04081632653061224,147,145,0521_O69-20220609\0521_O69-20220609-071142-147-0.txt,0521_O69-20220609\0521_O69-20220609-083213-145-145.txt,071142,083213
0521_O69,2022-06-10,0,0.0,140,140,0521_O69-20220610\0521_O69-20220610-072003-140-0.txt,0521_O69-20220610\0521_O69-20220610-073132-140-140.txt,072003,073132
0521_O69,2022-06-13,27,0.18,149,150,0521_O69-20220613\0521_O69-20220613-065656-149-0.txt,0521_O69-20220613\0521_O69-20220613-084129-150-150.txt,065656,084129
0521_O69,2022-06-14,4,0.028985507246376812,138,138,0521_O69-20220614\0521_O69-20220614-072307-138-0.txt,0521_O69-20220614\0521_O69-20220614-091546-138-138.txt,072307,091546
0521_O69,2022-06-15,46,0.33093525179856115,139,139,0521_O69-20220615\0521_O69-20220615-071359-139-0.txt,0521_O69-20220615\0521_O69-20220615-083538-139-139.txt,071359,083538
0521_O69,2022-06-16,1,0.007633587786259542,131,130,0521_O69-20220616\0521_O69-20220616-065957-131-0.txt,0521_O69-20220616\0521_O69-20220616-082235-130-130.txt,065957,082235
0521_O69,2022-06-17,4,0.02962962962962963,135,135,0521_O69-20220617\0521_O69-20220617-072704-135-0.txt,0521_O69-20220617\0521_O69-20220617-085313-135-135.txt,072704,085313
0521_O69,2022-06-20,0,0.0,110,110,0521_O69-20220620\0521_O69-20220620-064528-110-0.txt,0521_O69-20220620\0521_O69-20220620-095057-110-110.txt,064528,095057
0521_O69,2022-06-21,49,0.3402777777777778,144,144,0521_O69-20220621\0521_O69-20220621-063646-144-0.txt,0521_O69-20220621\0521_O69-20220621-085425-144-144.txt,063646,085425
0521_O69,2022-06-22,20,0.14388489208633093,139,139,0521_O69-20220622\0521_O69-20220622-072840-139-0.txt,0521_O69-20220622\0521_O69-20220622-083833-139-139.txt,072840,083833
